[14Jul2026 18:26:17.386] [main/INFO] [cpw.mods.modlauncher.Launcher/MODLAUNCHER]: ModLauncher running: args [--launchTarget, forgeserver, --fml.neoForgeVersion, 21.1.233, --fml.fmlVersion, 4.0.42, --fml.mcVersion, 1.21.1, --fml.neoFormVersion, 20240808.144430]
[14Jul2026 18:26:17.388] [main/INFO] [cpw.mods.modlauncher.Launcher/MODLAUNCHER]: JVM identified as Eclipse Adoptium OpenJDK 64-Bit Server VM 25.0.3+9-LTS
[14Jul2026 18:26:17.388] [main/INFO] [cpw.mods.modlauncher.Launcher/MODLAUNCHER]: ModLauncher 11.0.5+main.901c6ea8 starting: java version 25.0.3 by Eclipse Adoptium; OS Linux arch amd64 version 5.15.0-138-generic
[14Jul2026 18:26:17.559] [main/INFO] [net.neoforged.fml.loading.ImmediateWindowHandler/]: ImmediateWindowProvider not loading because launch target is forgeserver
[14Jul2026 18:26:17.579] [main/INFO] [mixin/]: SpongePowered MIXIN Subsystem Version=0.8.7 Source=union:/home/container/libraries/net/fabricmc/sponge-mixin/0.15.2+mixin.0.8.7/sponge-mixin-0.15.2+mixin.0.8.7.jar%2373!/ Service=ModLauncher Env=SERVER
[14Jul2026 18:26:17.700] [main/INFO] [net.neoforged.fml.loading.moddiscovery.ModDiscoverer/SCAN]: Found mod file "server-1.21.1-20240808.144430-srg.jar" [locator: production server provider +net.neoforged:neoforge:21.1.233:server]
[14Jul2026 18:26:17.711] [main/INFO] [net.neoforged.fml.loading.moddiscovery.ModDiscoverer/SCAN]: Found mod file "neoforge-21.1.233-universal.jar" [locator: PathBasedLocator[name=neoforge, paths=[libraries/net/neoforged/neoforge/21.1.233/neoforge-21.1.233-universal.jar]], reader: mod manifest]
[14Jul2026 18:26:17.720] [main/INFO] [net.neoforged.fml.loading.moddiscovery.ModDiscoverer/SCAN]: Found mod file "[1.21.1] SecurityCraft v1.10.1.jar" [locator: {mods folder locator at /home/container/mods}, reader: mod manifest]
[14Jul2026 18:26:17.722] [main/INFO] [net.neoforged.fml.loading.moddiscovery.ModDiscoverer/SCAN]: Found mod file "aaron-1.21.1-1.16.0-build.300.jar" [locator: {mods folder locator at /home/container/mods}, reader: mod manifest]
[14Jul2026 18:26:17.723] [main/INFO] [net.neoforged.fml.loading.moddiscovery.ModDiscoverer/SCAN]: Found mod file "accessories-neoforge-1.1.0-beta.53+1.21.1.jar" [locator: {mods folder locator at /home/container/mods}, reader: mod manifest]
[14Jul2026 18:26:17.725] [main/INFO] [net.neoforged.fml.loading.moddiscovery.ModDiscoverer/SCAN]: Found mod file "actuallyadditions-1.3.25+mc1.21.1.jar" [locator: {mods folder locator at /home/container/mods}, reader: mod manifest]
[14Jul2026 18:26:17.726] [main/INFO] [net.neoforged.fml.loading.moddiscovery.ModDiscoverer/SCAN]: Found mod file "ae2wtlib-19.5.0.jar" [locator: {mods folder locator at /home/container/mods}, reader: mod manifest]
[14Jul2026 18:26:17.727] [main/INFO] [net.neoforged.fml.loading.moddiscovery.ModDiscoverer/SCAN]: Found mod file "AI-Improvements-1.21-0.5.3.jar" [locator: {mods folder locator at /home/container/mods}, reader: mod manifest]
[14Jul2026 18:26:17.730] [main/INFO] [net.neoforged.fml.loading.moddiscovery.ModDiscoverer/SCAN]: Found mod file "alltheleaks-1.1.9+1.21.1-neoforge.jar" [locator: {mods folder locator at /home/container/mods}, reader: mod manifest]
[14Jul2026 18:26:17.731] [main/INFO] [net.neoforged.fml.loading.moddiscovery.ModDiscoverer/SCAN]: Found mod file "almostunified-neoforge-1.21.1-1.4.2.jar" [locator: {mods folder locator at /home/container/mods}, reader: mod manifest]
[14Jul2026 18:26:17.732] [main/INFO] [net.neoforged.fml.loading.moddiscovery.ModDiscoverer/SCAN]: Found mod file "amendments-1.21-2.0.15-neoforge.jar" [locator: {mods folder locator at /home/container/mods}, reader: mod manifest]
[14Jul2026 18:26:17.734] [main/INFO] [net.neoforged.fml.loading.moddiscovery.ModDiscoverer/SCAN]: Found mod file "another_furniture-neoforge-4.0.2.jar" [locator: {mods folder locator at /home/container/mods}, reader: mod manifest]
[14Jul2026 18:26:17.735] [main/INFO] [net.neoforged.fml.loading.moddiscovery.ModDiscoverer/SCAN]: Found mod file "Applied-Mekanistics-1.6.3.jar" [locator: {mods folder locator at /home/container/mods}, reader: mod manifest]
[14Jul2026 18:26:17.737] [main/INFO] [net.neoforged.fml.loading.moddiscovery.ModDiscoverer/SCAN]: Found mod file "appliedenergistics2-19.2.17.jar" [locator: {mods folder locator at /home/container/mods}, reader: mod manifest]
[14Jul2026 18:26:17.738] [main/INFO] [net.neoforged.fml.loading.moddiscovery.ModDiscoverer/SCAN]: Found mod file "architectury-13.0.8-neoforge.jar" [locator: {mods folder locator at /home/container/mods}, reader: mod manifest]
[14Jul2026 18:26:17.741] [main/INFO] [net.neoforged.fml.loading.moddiscovery.ModDiscoverer/SCAN]: Found mod file "ars_nouveau-1.21.1-5.12.1.jar" [locator: {mods folder locator at /home/container/mods}, reader: mod manifest]
[14Jul2026 18:26:17.742] [main/INFO] [net.neoforged.fml.loading.moddiscovery.ModDiscoverer/SCAN]: Found mod file "arseng-2.1.1-beta.jar" [locator: {mods folder locator at /home/container/mods}, reader: mod manifest]
[14Jul2026 18:26:17.743] [main/INFO] [net.neoforged.fml.loading.moddiscovery.ModDiscoverer/SCAN]: Found mod file "assemblyline-1.21.1-0.8.2.jar" [locator: {mods folder locator at /home/container/mods}, reader: mod manifest]
[14Jul2026 18:26:17.743] [main/INFO] [net.neoforged.fml.loading.moddiscovery.ModDiscoverer/SCAN]: Found mod file "athena-neoforge-1.21.1-4.0.6.jar" [locator: {mods folder locator at /home/container/mods}, reader: mod manifest]
[14Jul2026 18:26:17.744] [main/INFO] [net.neoforged.fml.loading.moddiscovery.ModDiscoverer/SCAN]: Found mod file "azurelib-neo-1.21.1-3.1.10.jar" [locator: {mods folder locator at /home/container/mods}, reader: mod manifest]
[14Jul2026 18:26:17.745] [main/INFO] [net.neoforged.fml.loading.moddiscovery.ModDiscoverer/SCAN]: Found mod file "baguettelib-1.21.1-NeoForge-2.0.3.jar" [locator: {mods folder locator at /home/container/mods}, reader: mod manifest]
[14Jul2026 18:26:17.746] [main/INFO] [net.neoforged.fml.loading.moddiscovery.ModDiscoverer/SCAN]: Found mod file "ballistix-1.21.1-1.0.5.jar" [locator: {mods folder locator at /home/container/mods}, reader: mod manifest]
[14Jul2026 18:26:17.747] [main/INFO] [net.neoforged.fml.loading.moddiscovery.ModDiscoverer/SCAN]: Found mod file "balm-neoforge-1.21.1-21.0.59.jar" [locator: {mods folder locator at /home/container/mods}, reader: mod manifest]
[14Jul2026 18:26:17.747] [main/INFO] [net.neoforged.fml.loading.moddiscovery.ModDiscoverer/SCAN]: Found mod file "blastcraft-1.21.1-0.6.2.jar" [locator: {mods folder locator at /home/container/mods}, reader: mod manifest]
[14Jul2026 18:26:17.748] [main/INFO] [net.neoforged.fml.loading.moddiscovery.ModDiscoverer/SCAN]: Found mod file "bookshelf-neoforge-1.21.1-21.1.81.jar" [locator: {mods folder locator at /home/container/mods}, reader: mod manifest]
[14Jul2026 18:26:17.749] [main/INFO] [net.neoforged.fml.loading.moddiscovery.ModDiscoverer/SCAN]: Found mod file "c2me-neoforge-mc1.21.1-0.3.0+alpha.0.93.jar" [locator: {mods folder locator at /home/container/mods}, reader: mod manifest]
[14Jul2026 18:26:17.750] [main/INFO] [net.neoforged.fml.loading.moddiscovery.ModDiscoverer/SCAN]: Found mod file "carryon-neoforge-1.21.1-2.2.5.8.jar" [locator: {mods folder locator at /home/container/mods}, reader: mod manifest]
[14Jul2026 18:26:17.751] [main/INFO] [net.neoforged.fml.loading.moddiscovery.ModDiscoverer/SCAN]: Found mod file "cc-tweaked-1.21.1-forge-1.120.0.jar" [locator: {mods folder locator at /home/container/mods}, reader: mod manifest]
[14Jul2026 18:26:17.755] [main/INFO] [net.neoforged.fml.loading.moddiscovery.ModDiscoverer/SCAN]: Found mod file "ChickenChunks-1.21.1-2.12.0.103.jar" [locator: {mods folder locator at /home/container/mods}, reader: mod manifest]
[14Jul2026 18:26:17.759] [main/INFO] [net.neoforged.fml.loading.moddiscovery.ModDiscoverer/SCAN]: Found mod file "chisel-neoforge-2.0.0+mc1.21.1.jar" [locator: {mods folder locator at /home/container/mods}, reader: mod manifest]
[14Jul2026 18:26:17.770] [main/INFO] [net.neoforged.fml.loading.moddiscovery.ModDiscoverer/SCAN]: Found mod file "chunkloaders-1.2.8-neoforge-mc1.21.jar" [locator: {mods folder locator at /home/container/mods}, reader: mod manifest]
[14Jul2026 18:26:17.771] [main/INFO] [net.neoforged.fml.loading.moddiscovery.ModDiscoverer/SCAN]: Found mod file "Chunky-NeoForge-1.4.23.jar" [locator: {mods folder locator at /home/container/mods}, reader: mod manifest]
[14Jul2026 18:26:17.772] [main/INFO] [net.neoforged.fml.loading.moddiscovery.ModDiscoverer/SCAN]: Found mod file "cloth-config-15.0.140-neoforge.jar" [locator: {mods folder locator at /home/container/mods}, reader: mod manifest]
[14Jul2026 18:26:17.773] [main/INFO] [net.neoforged.fml.loading.moddiscovery.ModDiscoverer/SCAN]: Found mod file "Clumps-neoforge-1.21.1-19.0.0.1.jar" [locator: {mods folder locator at /home/container/mods}, reader: mod manifest]
[14Jul2026 18:26:17.779] [main/INFO] [net.neoforged.fml.loading.moddiscovery.ModDiscoverer/SCAN]: Found mod file "CodeChickenLib-1.21.1-4.6.1.526.jar" [locator: {mods folder locator at /home/container/mods}, reader: mod manifest]
[14Jul2026 18:26:17.781] [main/INFO] [net.neoforged.fml.loading.moddiscovery.ModDiscoverer/SCAN]: Found mod file "collective-1.21.1-8.29.jar" [locator: {mods folder locator at /home/container/mods}, reader: mod manifest]
[14Jul2026 18:26:17.782] [main/INFO] [net.neoforged.fml.loading.moddiscovery.ModDiscoverer/SCAN]: Found mod file "comforts-neoforge-9.0.5+1.21.1.jar" [locator: {mods folder locator at /home/container/mods}, reader: mod manifest]
[14Jul2026 18:26:17.783] [main/INFO] [net.neoforged.fml.loading.moddiscovery.ModDiscoverer/SCAN]: Found mod file "common-networking-neoforge-1.0.21-1.21.1.jar" [locator: {mods folder locator at /home/container/mods}, reader: mod manifest]
[14Jul2026 18:26:17.783] [main/INFO] [net.neoforged.fml.loading.moddiscovery.ModDiscoverer/SCAN]: Found mod file "configurable-3.5.1+1.21.1-neoforge.jar" [locator: {mods folder locator at /home/container/mods}, reader: mod manifest]
[14Jul2026 18:26:17.784] [main/INFO] [net.neoforged.fml.loading.moddiscovery.ModDiscoverer/SCAN]: Found mod file "copycats-3.0.4+mc.1.21.1-neoforge.jar" [locator: {mods folder locator at /home/container/mods}, reader: mod manifest]
[14Jul2026 18:26:17.785] [main/INFO] [net.neoforged.fml.loading.moddiscovery.ModDiscoverer/SCAN]: Found mod file "Corgilib-NeoForge-1.21.1-5.0.0.9.jar" [locator: {mods folder locator at /home/container/mods}, reader: mod manifest]
[14Jul2026 18:26:17.786] [main/INFO] [net.neoforged.fml.loading.moddiscovery.ModDiscoverer/SCAN]: Found mod file "coroutil-neoforge-1.21.0-1.3.8.jar" [locator: {mods folder locator at /home/container/mods}, reader: mod manifest]
[14Jul2026 18:26:17.787] [main/INFO] [net.neoforged.fml.loading.moddiscovery.ModDiscoverer/SCAN]: Found mod file "CraterLib-Neoforge-1.21-3.1.2.jar" [locator: {mods folder locator at /home/container/mods}, reader: mod manifest]
[14Jul2026 18:26:17.790] [main/INFO] [net.neoforged.fml.loading.moddiscovery.ModDiscoverer/SCAN]: Found mod file "create-1.21.1-6.0.10.jar" [locator: {mods folder locator at /home/container/mods}, reader: mod manifest]
[14Jul2026 18:26:17.791] [main/INFO] [net.neoforged.fml.loading.moddiscovery.ModDiscoverer/SCAN]: Found mod file "create-aeronautics-bundled-1.21.1-1.3.0.jar" [locator: {mods folder locator at /home/container/mods}, reader: mod manifest]
[14Jul2026 18:26:17.792] [main/INFO] [net.neoforged.fml.loading.moddiscovery.ModDiscoverer/SCAN]: Found mod file "create_connected-1.3.2-mc1.21.1.jar" [locator: {mods folder locator at /home/container/mods}, reader: mod manifest]
[14Jul2026 18:26:17.793] [main/INFO] [net.neoforged.fml.loading.moddiscovery.ModDiscoverer/SCAN]: Found mod file "createaddition-1.6.0.jar" [locator: {mods folder locator at /home/container/mods}, reader: mod manifest]
[14Jul2026 18:26:17.794] [main/INFO] [net.neoforged.fml.loading.moddiscovery.ModDiscoverer/SCAN]: Found mod file "createbigcannons-5.11.7+mc.1.21.1.jar" [locator: {mods folder locator at /home/container/mods}, reader: mod manifest]
[14Jul2026 18:26:17.796] [main/INFO] [net.neoforged.fml.loading.moddiscovery.ModDiscoverer/SCAN]: Found mod file "createdeco-2.1.3.jar" [locator: {mods folder locator at /home/container/mods}, reader: mod manifest]
[14Jul2026 18:26:17.797] [main/INFO] [net.neoforged.fml.loading.moddiscovery.ModDiscoverer/SCAN]: Found mod file "createliquidfuel-2.1.1-1.21.1.jar" [locator: {mods folder locator at /home/container/mods}, reader: mod manifest]
[14Jul2026 18:26:17.798] [main/INFO] [net.neoforged.fml.loading.moddiscovery.ModDiscoverer/SCAN]: Found mod file "cristellib-neoforge-1.21.1-3.1.7.jar" [locator: {mods folder locator at /home/container/mods}, reader: mod manifest]
[14Jul2026 18:26:17.798] [main/INFO] [net.neoforged.fml.loading.moddiscovery.ModDiscoverer/SCAN]: Found mod file "cryonicconfig-neoforge-1.0.0+mc1.21.11.jar" [locator: {mods folder locator at /home/container/mods}, reader: mod manifest]
[14Jul2026 18:26:17.799] [main/INFO] [net.neoforged.fml.loading.moddiscovery.ModDiscoverer/SCAN]: Found mod file "Cucumber-1.21.1-8.0.16.jar" [locator: {mods folder locator at /home/container/mods}, reader: mod manifest]
[14Jul2026 18:26:17.799] [main/INFO] [net.neoforged.fml.loading.moddiscovery.ModDiscoverer/SCAN]: Found mod file "curios-neoforge-9.5.1+1.21.1.jar" [locator: {mods folder locator at /home/container/mods}, reader: mod manifest]
[14Jul2026 18:26:17.800] [main/INFO] [net.neoforged.fml.loading.moddiscovery.ModDiscoverer/SCAN]: Found mod file "databank-1.3.1.jar" [locator: {mods folder locator at /home/container/mods}, reader: mod manifest]
[14Jul2026 18:26:17.801] [main/INFO] [net.neoforged.fml.loading.moddiscovery.ModDiscoverer/SCAN]: Found mod file "DiagonalFences-v21.1.1-1.21.1-NeoForge.jar" [locator: {mods folder locator at /home/container/mods}, reader: mod manifest]
[14Jul2026 18:26:17.802] [main/INFO] [net.neoforged.fml.loading.moddiscovery.ModDiscoverer/SCAN]: Found mod file "dungeons-and-taverns-v4.4.4.jar" [locator: {mods folder locator at /home/container/mods}, reader: mod manifest]
[14Jul2026 18:26:17.803] [main/INFO] [net.neoforged.fml.loading.moddiscovery.ModDiscoverer/SCAN]: Found mod file "DungeonsArise-1.21.1-2.1.68-release.jar" [locator: {mods folder locator at /home/container/mods}, reader: mod manifest]
[14Jul2026 18:26:17.805] [main/INFO] [net.neoforged.fml.loading.moddiscovery.ModDiscoverer/SCAN]: Found mod file "electrodynamics-1.21.1-1.0.9.jar" [locator: {mods folder locator at /home/container/mods}, reader: mod manifest]
[14Jul2026 18:26:17.805] [main/INFO] [net.neoforged.fml.loading.moddiscovery.ModDiscoverer/SCAN]: Found mod file "elevatorid-neoforge-1.21.1-1.11.4.jar" [locator: {mods folder locator at /home/container/mods}, reader: mod manifest]
[14Jul2026 18:26:17.806] [main/INFO] [net.neoforged.fml.loading.moddiscovery.ModDiscoverer/SCAN]: Found mod file "emi-1.1.24+1.21.1+neoforge.jar" [locator: {mods folder locator at /home/container/mods}, reader: mod manifest]
[14Jul2026 18:26:17.806] [main/INFO] [net.neoforged.fml.loading.moddiscovery.ModDiscoverer/SCAN]: Found mod file "emi_enchanting-0.1.2+1.21+neoforge.jar" [locator: {mods folder locator at /home/container/mods}, reader: mod manifest]
[14Jul2026 18:26:17.807] [main/INFO] [net.neoforged.fml.loading.moddiscovery.ModDiscoverer/SCAN]: Found mod file "emi_loot-0.7.9+1.21+neoforge.jar" [locator: {mods folder locator at /home/container/mods}, reader: mod manifest]
[14Jul2026 18:26:17.807] [main/INFO] [net.neoforged.fml.loading.moddiscovery.ModDiscoverer/SCAN]: Found mod file "Emojiful-Neoforge-1.21-5.2.2-all.jar" [locator: {mods folder locator at /home/container/mods}, reader: mod manifest]
[14Jul2026 18:26:17.808] [main/INFO] [net.neoforged.fml.loading.moddiscovery.ModDiscoverer/SCAN]: Found mod file "enchanted-neoforge-1.21.1-4.2.7.jar" [locator: {mods folder locator at /home/container/mods}, reader: mod manifest]
[14Jul2026 18:26:17.809] [main/INFO] [net.neoforged.fml.loading.moddiscovery.ModDiscoverer/SCAN]: Found mod file "enchanting-infuser-add-treasure-enchantements-1.jar" [locator: {mods folder locator at /home/container/mods}, reader: mod manifest]
[14Jul2026 18:26:17.809] [main/INFO] [net.neoforged.fml.loading.moddiscovery.ModDiscoverer/SCAN]: Found mod file "EnchantingInfuser-v21.1.4-1.21.1-NeoForge.jar" [locator: {mods folder locator at /home/container/mods}, reader: mod manifest]
[14Jul2026 18:26:17.810] [main/INFO] [net.neoforged.fml.loading.moddiscovery.ModDiscoverer/SCAN]: Found mod file "ExclusionsLib-1.1.0-NEO.jar" [locator: {mods folder locator at /home/container/mods}, reader: mod manifest]
[14Jul2026 18:26:17.810] [main/INFO] [net.neoforged.fml.loading.moddiscovery.ModDiscoverer/SCAN]: Found mod file "Explorify v1.6.5.mod.jar" [locator: {mods folder locator at /home/container/mods}, reader: mod manifest]
[14Jul2026 18:26:17.811] [main/INFO] [net.neoforged.fml.loading.moddiscovery.ModDiscoverer/SCAN]: Found mod file "ExtremeReactors2-1.21.1-2.4.9.jar" [locator: {mods folder locator at /home/container/mods}, reader: mod manifest]
[14Jul2026 18:26:17.814] [main/INFO] [net.neoforged.fml.loading.moddiscovery.ModDiscoverer/SCAN]: Found mod file "ferritecore-7.0.3-neoforge.jar" [locator: {mods folder locator at /home/container/mods}, reader: mod manifest]
[14Jul2026 18:26:17.814] [main/INFO] [net.neoforged.fml.loading.moddiscovery.ModDiscoverer/SCAN]: Found mod file "flashfreeze-neoforge-0.4.1+1.21.1.jar" [locator: {mods folder locator at /home/container/mods}, reader: mod manifest]
[14Jul2026 18:26:17.816] [main/INFO] [net.neoforged.fml.loading.moddiscovery.ModDiscoverer/SCAN]: Found mod file "friendsandfoes-neoforge-4.0.26+mc1.21.1.jar" [locator: {mods folder locator at /home/container/mods}, reader: mod manifest]
[14Jul2026 18:26:17.817] [main/INFO] [net.neoforged.fml.loading.moddiscovery.ModDiscoverer/SCAN]: Found mod file "ftb-library-neoforge-2101.1.32.jar" [locator: {mods folder locator at /home/container/mods}, reader: mod manifest]
[14Jul2026 18:26:17.817] [main/INFO] [net.neoforged.fml.loading.moddiscovery.ModDiscoverer/SCAN]: Found mod file "ftb-quests-neoforge-2101.1.27.jar" [locator: {mods folder locator at /home/container/mods}, reader: mod manifest]
[14Jul2026 18:26:17.818] [main/INFO] [net.neoforged.fml.loading.moddiscovery.ModDiscoverer/SCAN]: Found mod file "ftb-teams-neoforge-2101.1.10.jar" [locator: {mods folder locator at /home/container/mods}, reader: mod manifest]
[14Jul2026 18:26:17.819] [main/INFO] [net.neoforged.fml.loading.moddiscovery.ModDiscoverer/SCAN]: Found mod file "functionalstorage-1.21.1-1.5.7.jar" [locator: {mods folder locator at /home/container/mods}, reader: mod manifest]
[14Jul2026 18:26:17.819] [main/INFO] [net.neoforged.fml.loading.moddiscovery.ModDiscoverer/SCAN]: Found mod file "fzzy_config-0.7.6+1.21+neoforge.jar" [locator: {mods folder locator at /home/container/mods}, reader: mod manifest]
[14Jul2026 18:26:17.820] [main/INFO] [net.neoforged.fml.loading.moddiscovery.ModDiscoverer/SCAN]: Found mod file "geckolib-neoforge-1.21.1-4.8.4.jar" [locator: {mods folder locator at /home/container/mods}, reader: mod manifest]
[14Jul2026 18:26:17.821] [main/INFO] [net.neoforged.fml.loading.moddiscovery.ModDiscoverer/SCAN]: Found mod file "geneticsresequenced-1.21.1-1.13.1-build.268.jar" [locator: {mods folder locator at /home/container/mods}, reader: mod manifest]
[14Jul2026 18:26:17.821] [main/INFO] [net.neoforged.fml.loading.moddiscovery.ModDiscoverer/SCAN]: Found mod file "gravestone-neoforge-1.21.1-1.0.37.jar" [locator: {mods folder locator at /home/container/mods}, reader: mod manifest]
[14Jul2026 18:26:17.822] [main/INFO] [net.neoforged.fml.loading.moddiscovery.ModDiscoverer/SCAN]: Found mod file "gravestonecurioscompat-1.21.1-NeoForge-4.0.2.jar" [locator: {mods folder locator at /home/container/mods}, reader: mod manifest]
[14Jul2026 18:26:17.823] [main/INFO] [net.neoforged.fml.loading.moddiscovery.ModDiscoverer/SCAN]: Found mod file "guideme-21.1.16.jar" [locator: {mods folder locator at /home/container/mods}, reader: mod manifest]
[14Jul2026 18:26:17.826] [main/INFO] [net.neoforged.fml.loading.moddiscovery.ModDiscoverer/SCAN]: Found mod file "handcrafted-neoforge-1.21.1-4.0.3.jar" [locator: {mods folder locator at /home/container/mods}, reader: mod manifest]
[14Jul2026 18:26:17.829] [main/INFO] [net.neoforged.fml.loading.moddiscovery.ModDiscoverer/SCAN]: Found mod file "ImmersiveEngineering-1.21.1-12.4.2-194.jar" [locator: {mods folder locator at /home/container/mods}, reader: mod manifest]
[14Jul2026 18:26:17.831] [main/INFO] [net.neoforged.fml.loading.moddiscovery.ModDiscoverer/SCAN]: Found mod file "industrialforegoing-1.21-3.6.38.jar" [locator: {mods folder locator at /home/container/mods}, reader: mod manifest]
[14Jul2026 18:26:17.831] [main/INFO] [net.neoforged.fml.loading.moddiscovery.ModDiscoverer/SCAN]: Found mod file "interiors-1.21.1-neoforge-0.6.1.jar" [locator: {mods folder locator at /home/container/mods}, reader: mod manifest]
[14Jul2026 18:26:17.832] [main/INFO] [net.neoforged.fml.loading.moddiscovery.ModDiscoverer/SCAN]: Found mod file "ironchest-1.21-neoforge-16.0.7.jar" [locator: {mods folder locator at /home/container/mods}, reader: mod manifest]
[14Jul2026 18:26:17.832] [main/INFO] [net.neoforged.fml.loading.moddiscovery.ModDiscoverer/SCAN]: Found mod file "ironfurnaces-neoforge-1.21.1-4.3.2.jar" [locator: {mods folder locator at /home/container/mods}, reader: mod manifest]
[14Jul2026 18:26:17.833] [main/INFO] [net.neoforged.fml.loading.moddiscovery.ModDiscoverer/SCAN]: Found mod file "Jade-1.21.1-NeoForge-15.10.5.jar" [locator: {mods folder locator at /home/container/mods}, reader: mod manifest]
[14Jul2026 18:26:17.833] [main/INFO] [net.neoforged.fml.loading.moddiscovery.ModDiscoverer/SCAN]: Found mod file "jeed-1.21-2.3.2.jar" [locator: {mods folder locator at /home/container/mods}, reader: mod manifest]
[14Jul2026 18:26:17.834] [main/INFO] [net.neoforged.fml.loading.moddiscovery.ModDiscoverer/SCAN]: Found mod file "jei-1.21.1-neoforge-19.27.0.340.jar" [locator: {mods folder locator at /home/container/mods}, reader: mod manifest]
[14Jul2026 18:26:17.835] [main/INFO] [net.neoforged.fml.loading.moddiscovery.ModDiscoverer/SCAN]: Found mod file "JustEnoughProfessions-neoforge-1.21.1-4.0.5.jar" [locator: {mods folder locator at /home/container/mods}, reader: mod manifest]
[14Jul2026 18:26:17.835] [main/INFO] [net.neoforged.fml.loading.moddiscovery.ModDiscoverer/SCAN]: Found mod file "JustEnoughResources-NeoForge-1.21.1-1.6.0.17.jar" [locator: {mods folder locator at /home/container/mods}, reader: mod manifest]
[14Jul2026 18:26:17.836] [main/INFO] [net.neoforged.fml.loading.moddiscovery.ModDiscoverer/SCAN]: Found mod file "konkrete_neoforge_1.9.9_MC_1.21.jar" [locator: {mods folder locator at /home/container/mods}, reader: mod manifest]
[14Jul2026 18:26:17.837] [main/INFO] [net.neoforged.fml.loading.moddiscovery.ModDiscoverer/SCAN]: Found library file "kotlinforforge-5.11.0-all.jar" [locator: {mods folder locator at /home/container/mods}, reader: mod manifest]
[14Jul2026 18:26:17.838] [main/INFO] [net.neoforged.fml.loading.moddiscovery.ModDiscoverer/SCAN]: Found mod file "krypton_fnp-neoforge-1.21.1-0.2.28.1-1.21.1.jar" [locator: {mods folder locator at /home/container/mods}, reader: mod manifest]
[14Jul2026 18:26:17.838] [main/INFO] [net.neoforged.fml.loading.moddiscovery.ModDiscoverer/SCAN]: Found mod file "Ksyxis-1.4.3.jar" [locator: {mods folder locator at /home/container/mods}, reader: mod manifest]
[14Jul2026 18:26:17.839] [main/INFO] [net.neoforged.fml.loading.moddiscovery.ModDiscoverer/SCAN]: Found mod file "lithium-neoforge-0.15.3+mc1.21.1.jar" [locator: {mods folder locator at /home/container/mods}, reader: mod manifest]
[14Jul2026 18:26:17.839] [main/INFO] [net.neoforged.fml.loading.moddiscovery.ModDiscoverer/SCAN]: Found mod file "lithostitched-1.7.10+beta4-neoforge-21.1.jar" [locator: {mods folder locator at /home/container/mods}, reader: mod manifest]
[14Jul2026 18:26:17.840] [main/INFO] [net.neoforged.fml.loading.moddiscovery.ModDiscoverer/SCAN]: Found mod file "lodestone-1.21.1-1.8.2.jar" [locator: {mods folder locator at /home/container/mods}, reader: mod manifest]
[14Jul2026 18:26:17.841] [main/INFO] [net.neoforged.fml.loading.moddiscovery.ModDiscoverer/SCAN]: Found mod file "lootr-neoforge-1.21.1-1.11.37.120.jar" [locator: {mods folder locator at /home/container/mods}, reader: mod manifest]
[14Jul2026 18:26:17.841] [main/INFO] [net.neoforged.fml.loading.moddiscovery.ModDiscoverer/SCAN]: Found mod file "LuckPerms-NeoForge-5.4.140.jar" [locator: {mods folder locator at /home/container/mods}, reader: mod manifest]
[14Jul2026 18:26:17.843] [main/INFO] [net.neoforged.fml.loading.moddiscovery.ModDiscoverer/SCAN]: Found mod file "malum-1.21.1-1.8.2.jar" [locator: {mods folder locator at /home/container/mods}, reader: mod manifest]
[14Jul2026 18:26:17.844] [main/INFO] [net.neoforged.fml.loading.moddiscovery.ModDiscoverer/SCAN]: Found mod file "mcjtylib-1.21-9.0.21.jar" [locator: {mods folder locator at /home/container/mods}, reader: mod manifest]
[14Jul2026 18:26:17.845] [main/INFO] [net.neoforged.fml.loading.moddiscovery.ModDiscoverer/SCAN]: Found mod file "mcw-furniture-3.4.1-mc1.21.1neoforge.jar" [locator: {mods folder locator at /home/container/mods}, reader: mod manifest]
[14Jul2026 18:26:17.847] [main/INFO] [net.neoforged.fml.loading.moddiscovery.ModDiscoverer/SCAN]: Found mod file "Mekanism-1.21.1-10.7.19.85.jar" [locator: {mods folder locator at /home/container/mods}, reader: mod manifest]
[14Jul2026 18:26:17.848] [main/INFO] [net.neoforged.fml.loading.moddiscovery.ModDiscoverer/SCAN]: Found mod file "mekanism_extras-1.21.1-1.4.0.jar" [locator: {mods folder locator at /home/container/mods}, reader: mod manifest]
[14Jul2026 18:26:17.849] [main/INFO] [net.neoforged.fml.loading.moddiscovery.ModDiscoverer/SCAN]: Found mod file "MekanismAdditions-1.21.1-10.7.19.85.jar" [locator: {mods folder locator at /home/container/mods}, reader: mod manifest]
[14Jul2026 18:26:17.850] [main/INFO] [net.neoforged.fml.loading.moddiscovery.ModDiscoverer/SCAN]: Found mod file "MekanismGenerators-1.21.1-10.7.19.85.jar" [locator: {mods folder locator at /home/container/mods}, reader: mod manifest]
[14Jul2026 18:26:17.850] [main/INFO] [net.neoforged.fml.loading.moddiscovery.ModDiscoverer/SCAN]: Found mod file "MekanismTools-1.21.1-10.7.19.85.jar" [locator: {mods folder locator at /home/container/mods}, reader: mod manifest]
[14Jul2026 18:26:17.851] [main/INFO] [net.neoforged.fml.loading.moddiscovery.ModDiscoverer/SCAN]: Found mod file "melody_neoforge_1.0.10_MC_1.21.jar" [locator: {mods folder locator at /home/container/mods}, reader: mod manifest]
[14Jul2026 18:26:17.851] [main/INFO] [net.neoforged.fml.loading.moddiscovery.ModDiscoverer/SCAN]: Found mod file "Modern-Dynamics-0.9.6.jar" [locator: {mods folder locator at /home/container/mods}, reader: mod manifest]
[14Jul2026 18:26:17.852] [main/INFO] [net.neoforged.fml.loading.moddiscovery.ModDiscoverer/SCAN]: Found mod file "modernfix-neoforge-5.27.14+mc1.21.1.jar" [locator: {mods folder locator at /home/container/mods}, reader: mod manifest]
[14Jul2026 18:26:17.853] [main/INFO] [net.neoforged.fml.loading.moddiscovery.ModDiscoverer/SCAN]: Found mod file "modonomicon-1.21.1-neoforge-1.120.1.jar" [locator: {mods folder locator at /home/container/mods}, reader: mod manifest]
[14Jul2026 18:26:17.853] [main/INFO] [net.neoforged.fml.loading.moddiscovery.ModDiscoverer/SCAN]: Found mod file "modopedia-neoforge-1.21.1-1.1.11.jar" [locator: {mods folder locator at /home/container/mods}, reader: mod manifest]
[14Jul2026 18:26:17.853] [main/INFO] [net.neoforged.fml.loading.moddiscovery.ModDiscoverer/SCAN]: Found mod file "modularforcefields-1.21.1-0.4.2.jar" [locator: {mods folder locator at /home/container/mods}, reader: mod manifest]
[14Jul2026 18:26:17.854] [main/INFO] [net.neoforged.fml.loading.moddiscovery.ModDiscoverer/SCAN]: Found mod file "moonlight-neoforge-1.21.1-3.0.18.jar" [locator: {mods folder locator at /home/container/mods}, reader: mod manifest]
[14Jul2026 18:26:17.855] [main/INFO] [net.neoforged.fml.loading.moddiscovery.ModDiscoverer/SCAN]: Found mod file "moreoverlays-1.24.2-mc1.21.1-neoforge.jar" [locator: {mods folder locator at /home/container/mods}, reader: mod manifest]
[14Jul2026 18:26:17.855] [main/INFO] [net.neoforged.fml.loading.moddiscovery.ModDiscoverer/SCAN]: Found mod file "naturalist-1.0.2-neoforge-1.21.1.jar" [locator: {mods folder locator at /home/container/mods}, reader: mod manifest]
[14Jul2026 18:26:17.856] [main/INFO] [net.neoforged.fml.loading.moddiscovery.ModDiscoverer/SCAN]: Found mod file "neoessentials-1.0.2.5+build.1074.jar" [locator: {mods folder locator at /home/container/mods}, reader: mod manifest]
[14Jul2026 18:26:17.856] [main/INFO] [net.neoforged.fml.loading.moddiscovery.ModDiscoverer/SCAN]: Found mod file "neruina-3.3.2+1.21.1-neoforge.jar" [locator: {mods folder locator at /home/container/mods}, reader: mod manifest]
[14Jul2026 18:26:17.857] [main/INFO] [net.neoforged.fml.loading.moddiscovery.ModDiscoverer/SCAN]: Found mod file "NoChatReports-NEOFORGE-1.21.1-v2.9.1.jar" [locator: {mods folder locator at /home/container/mods}, reader: mod manifest]
[14Jul2026 18:26:17.857] [main/INFO] [net.neoforged.fml.loading.moddiscovery.ModDiscoverer/SCAN]: Found mod file "noisium-neoforge-2.3.0+mc1.21-1.21.1.jar" [locator: {mods folder locator at /home/container/mods}, reader: mod manifest]
[14Jul2026 18:26:17.858] [main/INFO] [net.neoforged.fml.loading.moddiscovery.ModDiscoverer/SCAN]: Found mod file "nuclearscience-1.21.1-0.8.3.jar" [locator: {mods folder locator at /home/container/mods}, reader: mod manifest]
[14Jul2026 18:26:17.858] [main/INFO] [net.neoforged.fml.loading.moddiscovery.ModDiscoverer/SCAN]: Found mod file "OctoLib-NEOFORGE-0.6.2+1.21.jar" [locator: {mods folder locator at /home/container/mods}, reader: mod manifest]
[14Jul2026 18:26:17.860] [main/INFO] [net.neoforged.fml.loading.moddiscovery.ModDiscoverer/SCAN]: Found mod file "Oh-The-Biomes-Weve-Gone-NeoForge-2.6.0.jar" [locator: {mods folder locator at /home/container/mods}, reader: mod manifest]
[14Jul2026 18:26:17.861] [main/INFO] [net.neoforged.fml.loading.moddiscovery.ModDiscoverer/SCAN]: Found mod file "Oh-The-Trees-Youll-Grow-neoforge-1.21.1-5.3.2.jar" [locator: {mods folder locator at /home/container/mods}, reader: mod manifest]
[14Jul2026 18:26:17.861] [main/INFO] [net.neoforged.fml.loading.moddiscovery.ModDiscoverer/SCAN]: Found mod file "open-parties-and-claims-neoforge-1.21.1-0.27.5.jar" [locator: {mods folder locator at /home/container/mods}, reader: mod manifest]
[14Jul2026 18:26:17.862] [main/INFO] [net.neoforged.fml.loading.moddiscovery.ModDiscoverer/SCAN]: Found mod file "OreExcavation-NeoForge-1.21-1.16.14.jar" [locator: {mods folder locator at /home/container/mods}, reader: mod manifest]
[14Jul2026 18:26:17.863] [main/INFO] [net.neoforged.fml.loading.moddiscovery.ModDiscoverer/SCAN]: Found mod file "oritech-neoforge-1.21.1-1.2.7.jar" [locator: {mods folder locator at /home/container/mods}, reader: mod manifest]
[14Jul2026 18:26:17.864] [main/INFO] [net.neoforged.fml.loading.moddiscovery.ModDiscoverer/SCAN]: Found mod file "owo-lib-neoforge-0.12.15.5-beta.1+1.21.jar" [locator: {mods folder locator at /home/container/mods}, reader: mod manifest]
[14Jul2026 18:26:17.864] [main/INFO] [net.neoforged.fml.loading.moddiscovery.ModDiscoverer/SCAN]: Found mod file "packetfixer-3.3.1-1.20.5-1.21.X-merged.jar" [locator: {mods folder locator at /home/container/mods}, reader: mod manifest]
[14Jul2026 18:26:17.887] [main/INFO] [net.neoforged.fml.loading.moddiscovery.ModDiscoverer/SCAN]: Found mod file "Pastel-1.1.5.5.jar" [locator: {mods folder locator at /home/container/mods}, reader: mod manifest]
[14Jul2026 18:26:17.888] [main/INFO] [net.neoforged.fml.loading.moddiscovery.ModDiscoverer/SCAN]: Found mod file "Patchouli-1.21.1-93-NEOFORGE.jar" [locator: {mods folder locator at /home/container/mods}, reader: mod manifest]
[14Jul2026 18:26:17.889] [main/INFO] [net.neoforged.fml.loading.moddiscovery.ModDiscoverer/SCAN]: Found mod file "Ping-Wheel-1.12.2-neoforge-1.21.1.jar" [locator: {mods folder locator at /home/container/mods}, reader: mod manifest]
[14Jul2026 18:26:17.890] [main/INFO] [net.neoforged.fml.loading.moddiscovery.ModDiscoverer/SCAN]: Found mod file "pipez-neoforge-1.21.1-1.2.31.jar" [locator: {mods folder locator at /home/container/mods}, reader: mod manifest]
[14Jul2026 18:26:17.891] [main/INFO] [net.neoforged.fml.loading.moddiscovery.ModDiscoverer/SCAN]: Found mod file "pneumaticcraft-repressurized-8.2.20+mc1.21.1.jar" [locator: {mods folder locator at /home/container/mods}, reader: mod manifest]
[14Jul2026 18:26:17.892] [main/INFO] [net.neoforged.fml.loading.moddiscovery.ModDiscoverer/SCAN]: Found mod file "polyeng-0.4.1.jar" [locator: {mods folder locator at /home/container/mods}, reader: mod manifest]
[14Jul2026 18:26:17.892] [main/INFO] [net.neoforged.fml.loading.moddiscovery.ModDiscoverer/SCAN]: Found mod file "polylib-2100.0.3-build.160-neoforge.jar" [locator: {mods folder locator at /home/container/mods}, reader: mod manifest]
[14Jul2026 18:26:17.893] [main/INFO] [net.neoforged.fml.loading.moddiscovery.ModDiscoverer/SCAN]: Found mod file "polymorph-neoforge-1.1.0+1.21.1.jar" [locator: {mods folder locator at /home/container/mods}, reader: mod manifest]
[14Jul2026 18:26:17.893] [main/INFO] [net.neoforged.fml.loading.moddiscovery.ModDiscoverer/SCAN]: Found mod file "potentials-neoforge-1.21-0.7.1.jar" [locator: {mods folder locator at /home/container/mods}, reader: mod manifest]
[14Jul2026 18:26:17.894] [main/INFO] [net.neoforged.fml.loading.moddiscovery.ModDiscoverer/SCAN]: Found mod file "prefab-neoforge-1.0.8.jar" [locator: {mods folder locator at /home/container/mods}, reader: mod manifest]
[14Jul2026 18:26:17.894] [main/INFO] [net.neoforged.fml.loading.moddiscovery.ModDiscoverer/SCAN]: Found mod file "prickle-neoforge-1.21.1-21.1.11.jar" [locator: {mods folder locator at /home/container/mods}, reader: mod manifest]
[14Jul2026 18:26:17.897] [main/INFO] [net.neoforged.fml.loading.moddiscovery.ModDiscoverer/SCAN]: Found mod file "primalmagick-neoforge-1.21.1-6.0.7.jar" [locator: {mods folder locator at /home/container/mods}, reader: mod manifest]
[14Jul2026 18:26:17.897] [main/INFO] [net.neoforged.fml.loading.moddiscovery.ModDiscoverer/SCAN]: Found mod file "PuzzlesLib-v21.1.52-1.21.1-NeoForge.jar" [locator: {mods folder locator at /home/container/mods}, reader: mod manifest]
[14Jul2026 18:26:17.899] [main/INFO] [net.neoforged.fml.loading.moddiscovery.ModDiscoverer/SCAN]: Found mod file "Quark-4.1-481.jar" [locator: {mods folder locator at /home/container/mods}, reader: mod manifest]
[14Jul2026 18:26:17.900] [main/INFO] [net.neoforged.fml.loading.moddiscovery.ModDiscoverer/SCAN]: Found mod file "redirected-neoforge-1.0.0-1.21.1.jar" [locator: {mods folder locator at /home/container/mods}, reader: mod manifest]
[14Jul2026 18:26:17.900] [main/INFO] [net.neoforged.fml.loading.moddiscovery.ModDiscoverer/SCAN]: Found mod file "resourcefulconfig-neoforge-1.21-3.0.11.jar" [locator: {mods folder locator at /home/container/mods}, reader: mod manifest]
[14Jul2026 18:26:17.901] [main/INFO] [net.neoforged.fml.loading.moddiscovery.ModDiscoverer/SCAN]: Found mod file "resourcefullib-neoforge-1.21-3.0.12.jar" [locator: {mods folder locator at /home/container/mods}, reader: mod manifest]
[14Jul2026 18:26:17.901] [main/INFO] [net.neoforged.fml.loading.moddiscovery.ModDiscoverer/SCAN]: Found mod file "rftoolsbase-1.21-6.0.11.jar" [locator: {mods folder locator at /home/container/mods}, reader: mod manifest]
[14Jul2026 18:26:17.902] [main/INFO] [net.neoforged.fml.loading.moddiscovery.ModDiscoverer/SCAN]: Found mod file "rftoolsbuilder-1.21-7.0.5.jar" [locator: {mods folder locator at /home/container/mods}, reader: mod manifest]
[14Jul2026 18:26:17.902] [main/INFO] [net.neoforged.fml.loading.moddiscovery.ModDiscoverer/SCAN]: Found mod file "rftoolspower-1.21-7.0.6.jar" [locator: {mods folder locator at /home/container/mods}, reader: mod manifest]
[14Jul2026 18:26:17.903] [main/INFO] [net.neoforged.fml.loading.moddiscovery.ModDiscoverer/SCAN]: Found mod file "rftoolsstorage-1.21-6.0.5.jar" [locator: {mods folder locator at /home/container/mods}, reader: mod manifest]
[14Jul2026 18:26:17.903] [main/INFO] [net.neoforged.fml.loading.moddiscovery.ModDiscoverer/SCAN]: Found mod file "rftoolsutility-1.21-7.0.12.jar" [locator: {mods folder locator at /home/container/mods}, reader: mod manifest]
[14Jul2026 18:26:17.903] [main/INFO] [net.neoforged.fml.loading.moddiscovery.ModDiscoverer/SCAN]: Found mod file "ritchiesprojectilelib-2.1.2+mc.1.21.1-neoforge.jar" [locator: {mods folder locator at /home/container/mods}, reader: mod manifest]
[14Jul2026 18:26:17.904] [main/INFO] [net.neoforged.fml.loading.moddiscovery.ModDiscoverer/SCAN]: Found mod file "sable-neoforge-1.21.1-2.0.3.jar" [locator: {mods folder locator at /home/container/mods}, reader: mod manifest]
[14Jul2026 18:26:17.905] [main/INFO] [net.neoforged.fml.loading.moddiscovery.ModDiscoverer/SCAN]: Found mod file "saturn-mc1.21.1-0.1.5.jar" [locator: {mods folder locator at /home/container/mods}, reader: mod manifest]
[14Jul2026 18:26:17.905] [main/INFO] [net.neoforged.fml.loading.moddiscovery.ModDiscoverer/SCAN]: Found mod file "servercore-neoforge-1.5.17+1.21.1.jar" [locator: {mods folder locator at /home/container/mods}, reader: mod manifest]
[14Jul2026 18:26:17.906] [main/INFO] [net.neoforged.fml.loading.moddiscovery.ModDiscoverer/SCAN]: Found mod file "shrink-2.0.0.43-neoforge.jar" [locator: {mods folder locator at /home/container/mods}, reader: mod manifest]
[14Jul2026 18:26:17.906] [main/INFO] [net.neoforged.fml.loading.moddiscovery.ModDiscoverer/SCAN]: Found mod file "skinrestorer-2.8.1+1.21-neoforge (1).jar" [locator: {mods folder locator at /home/container/mods}, reader: mod manifest]
[14Jul2026 18:26:17.906] [main/INFO] [net.neoforged.fml.loading.moddiscovery.ModDiscoverer/SCAN]: Found mod file "SmartBrainLib-neoforge-1.21.1-1.16.11.jar" [locator: {mods folder locator at /home/container/mods}, reader: mod manifest]
[14Jul2026 18:26:17.907] [main/INFO] [net.neoforged.fml.loading.moddiscovery.ModDiscoverer/SCAN]: Found mod file "sophisticatedbackpacks-1.21.1-3.25.64.1919.jar" [locator: {mods folder locator at /home/container/mods}, reader: mod manifest]
[14Jul2026 18:26:17.907] [main/INFO] [net.neoforged.fml.loading.moddiscovery.ModDiscoverer/SCAN]: Found mod file "sophisticatedcore-1.21.1-1.4.59.2032.jar" [locator: {mods folder locator at /home/container/mods}, reader: mod manifest]
[14Jul2026 18:26:17.908] [main/INFO] [net.neoforged.fml.loading.moddiscovery.ModDiscoverer/SCAN]: Found mod file "spark-1.10.124-neoforge.jar" [locator: {mods folder locator at /home/container/mods}, reader: mod manifest]
[14Jul2026 18:26:17.908] [main/INFO] [net.neoforged.fml.loading.moddiscovery.ModDiscoverer/SCAN]: Found mod file "stateobserver-neoforge-1.21.1-1.6.4.jar" [locator: {mods folder locator at /home/container/mods}, reader: mod manifest]
[14Jul2026 18:26:17.909] [main/INFO] [net.neoforged.fml.loading.moddiscovery.ModDiscoverer/SCAN]: Found mod file "Statues-1.21.1-0.4.17.jar" [locator: {mods folder locator at /home/container/mods}, reader: mod manifest]
[14Jul2026 18:26:17.910] [main/INFO] [net.neoforged.fml.loading.moddiscovery.ModDiscoverer/SCAN]: Found mod file "stellaris-1.21-neoforge-1.4.23.jar" [locator: {mods folder locator at /home/container/mods}, reader: mod manifest]
[14Jul2026 18:26:17.910] [main/INFO] [net.neoforged.fml.loading.moddiscovery.ModDiscoverer/SCAN]: Found mod file "supermartijn642configlib-1.1.8-neoforge-mc1.21.jar" [locator: {mods folder locator at /home/container/mods}, reader: mod manifest]
[14Jul2026 18:26:17.911] [main/INFO] [net.neoforged.fml.loading.moddiscovery.ModDiscoverer/SCAN]: Found mod file "supermartijn642corelib-1.1.21-neoforge-mc1.21.jar" [locator: {mods folder locator at /home/container/mods}, reader: mod manifest]
[14Jul2026 18:26:17.913] [main/INFO] [net.neoforged.fml.loading.moddiscovery.ModDiscoverer/SCAN]: Found mod file "supplementaries-neoforge-1.21.1-3.6.8.jar" [locator: {mods folder locator at /home/container/mods}, reader: mod manifest]
[14Jul2026 18:26:17.914] [main/INFO] [net.neoforged.fml.loading.moddiscovery.ModDiscoverer/SCAN]: Found mod file "t_and_t-neoforge-fabric-1.13.9+1.21.1.jar" [locator: {mods folder locator at /home/container/mods}, reader: mod manifest]
[14Jul2026 18:26:17.914] [main/INFO] [net.neoforged.fml.loading.moddiscovery.ModDiscoverer/SCAN]: Found mod file "tectonic-3.0.22-neoforge-21.1.jar" [locator: {mods folder locator at /home/container/mods}, reader: mod manifest]
[14Jul2026 18:26:17.915] [main/INFO] [net.neoforged.fml.loading.moddiscovery.ModDiscoverer/SCAN]: Found mod file "tempad-1.21.1-3.0.4-all.jar" [locator: {mods folder locator at /home/container/mods}, reader: mod manifest]
[14Jul2026 18:26:17.915] [main/INFO] [net.neoforged.fml.loading.moddiscovery.ModDiscoverer/SCAN]: Found mod file "TerraBlender-neoforge-1.21.1-4.1.0.8.jar" [locator: {mods folder locator at /home/container/mods}, reader: mod manifest]
[14Jul2026 18:26:17.916] [main/INFO] [net.neoforged.fml.loading.moddiscovery.ModDiscoverer/SCAN]: Found mod file "theurgy-1.21.1-neoforge-1.73.1.jar" [locator: {mods folder locator at /home/container/mods}, reader: mod manifest]
[14Jul2026 18:26:17.917] [main/INFO] [net.neoforged.fml.loading.moddiscovery.ModDiscoverer/SCAN]: Found mod file "titanium-1.21-4.0.43.jar" [locator: {mods folder locator at /home/container/mods}, reader: mod manifest]
[14Jul2026 18:26:17.917] [main/INFO] [net.neoforged.fml.loading.moddiscovery.ModDiscoverer/SCAN]: Found mod file "tlc-neoforge-1.21.1-2.1.0.jar" [locator: {mods folder locator at /home/container/mods}, reader: mod manifest]
[14Jul2026 18:26:17.918] [main/INFO] [net.neoforged.fml.loading.moddiscovery.ModDiscoverer/SCAN]: Found mod file "toms_trading_network-1.21-0.3.4.jar" [locator: {mods folder locator at /home/container/mods}, reader: mod manifest]
[14Jul2026 18:26:17.950] [main/INFO] [net.neoforged.fml.loading.moddiscovery.ModDiscoverer/SCAN]: Found mod file "Totemic-neoforge-1.21.1-0.12.18.jar" [locator: {mods folder locator at /home/container/mods}, reader: mod manifest]
[14Jul2026 18:26:17.951] [main/INFO] [net.neoforged.fml.loading.moddiscovery.ModDiscoverer/SCAN]: Found mod file "TreeChop-1.21.1-neoforge-0.19.3.jar" [locator: {mods folder locator at /home/container/mods}, reader: mod manifest]
[14Jul2026 18:26:17.951] [main/INFO] [net.neoforged.fml.loading.moddiscovery.ModDiscoverer/SCAN]: Found mod file "treeharvester-1.21.1-9.1.jar" [locator: {mods folder locator at /home/container/mods}, reader: mod manifest]
[14Jul2026 18:26:17.952] [main/INFO] [net.neoforged.fml.loading.moddiscovery.ModDiscoverer/SCAN]: Found mod file "txnilib-neoforge-1.0.24-1.21.1.jar" [locator: {mods folder locator at /home/container/mods}, reader: mod manifest]
[14Jul2026 18:26:17.953] [main/INFO] [net.neoforged.fml.loading.moddiscovery.ModDiscoverer/SCAN]: Found mod file "voltaic-1.21.1-1.0.8.jar" [locator: {mods folder locator at /home/container/mods}, reader: mod manifest]
[14Jul2026 18:26:17.953] [main/INFO] [net.neoforged.fml.loading.moddiscovery.ModDiscoverer/SCAN]: Found mod file "watut-neoforge-1.21.0-1.2.7.jar" [locator: {mods folder locator at /home/container/mods}, reader: mod manifest]
[14Jul2026 18:26:17.954] [main/INFO] [net.neoforged.fml.loading.moddiscovery.ModDiscoverer/SCAN]: Found mod file "waystones-neoforge-1.21.1-21.1.34.jar" [locator: {mods folder locator at /home/container/mods}, reader: mod manifest]
[14Jul2026 18:26:17.955] [main/INFO] [net.neoforged.fml.loading.moddiscovery.ModDiscoverer/SCAN]: Found mod file "xaerominimap-neoforge-1.21.1-26.1.0.jar" [locator: {mods folder locator at /home/container/mods}, reader: mod manifest]
[14Jul2026 18:26:17.955] [main/INFO] [net.neoforged.fml.loading.moddiscovery.ModDiscoverer/SCAN]: Found mod file "xaeroworldmap-neoforge-1.21.1-1.41.0.jar" [locator: {mods folder locator at /home/container/mods}, reader: mod manifest]
[14Jul2026 18:26:17.956] [main/INFO] [net.neoforged.fml.loading.moddiscovery.ModDiscoverer/SCAN]: Found mod file "xnet-1.21-7.0.7.jar" [locator: {mods folder locator at /home/container/mods}, reader: mod manifest]
[14Jul2026 18:26:17.956] [main/INFO] [net.neoforged.fml.loading.moddiscovery.ModDiscoverer/SCAN]: Found mod file "yet_another_config_lib_v3-3.8.2+1.21.1-neoforge.jar" [locator: {mods folder locator at /home/container/mods}, reader: mod manifest]
[14Jul2026 18:26:17.957] [main/INFO] [net.neoforged.fml.loading.moddiscovery.ModDiscoverer/SCAN]: Found mod file "YungsApi-1.21.1-NeoForge-5.1.6.jar" [locator: {mods folder locator at /home/container/mods}, reader: mod manifest]
[14Jul2026 18:26:17.957] [main/INFO] [net.neoforged.fml.loading.moddiscovery.ModDiscoverer/SCAN]: Found mod file "YungsBetterEndIsland-1.21.1-NeoForge-3.1.2.jar" [locator: {mods folder locator at /home/container/mods}, reader: mod manifest]
[14Jul2026 18:26:17.958] [main/INFO] [net.neoforged.fml.loading.moddiscovery.ModDiscoverer/SCAN]: Found mod file "YungsBetterJungleTemples-1.21.1-NeoForge-3.1.2.jar" [locator: {mods folder locator at /home/container/mods}, reader: mod manifest]
[14Jul2026 18:26:17.958] [main/INFO] [net.neoforged.fml.loading.moddiscovery.ModDiscoverer/SCAN]: Found mod file "YungsBetterMineshafts-1.21.1-NeoForge-5.1.1.jar" [locator: {mods folder locator at /home/container/mods}, reader: mod manifest]
[14Jul2026 18:26:17.959] [main/INFO] [net.neoforged.fml.loading.moddiscovery.ModDiscoverer/SCAN]: Found mod file "YungsBetterNetherFortresses-1.21.1-NeoForge-3.1.5.jar" [locator: {mods folder locator at /home/container/mods}, reader: mod manifest]
[14Jul2026 18:26:17.959] [main/INFO] [net.neoforged.fml.loading.moddiscovery.ModDiscoverer/SCAN]: Found mod file "YungsBetterOceanMonuments-1.21.1-NeoForge-4.1.2.jar" [locator: {mods folder locator at /home/container/mods}, reader: mod manifest]
[14Jul2026 18:26:17.959] [main/INFO] [net.neoforged.fml.loading.moddiscovery.ModDiscoverer/SCAN]: Found mod file "YungsBetterStrongholds-1.21.1-NeoForge-5.1.3.jar" [locator: {mods folder locator at /home/container/mods}, reader: mod manifest]
[14Jul2026 18:26:17.960] [main/INFO] [net.neoforged.fml.loading.moddiscovery.ModDiscoverer/SCAN]: Found mod file "ZeroCore2-1.21.1-2.4.9.jar" [locator: {mods folder locator at /home/container/mods}, reader: mod manifest]
[14Jul2026 18:26:17.960] [main/INFO] [net.neoforged.fml.loading.moddiscovery.ModDiscoverer/SCAN]: Found mod file "Zeta-1.1-40.jar" [locator: {mods folder locator at /home/container/mods}, reader: mod manifest]
[14Jul2026 18:26:18.795] [main/INFO] [net.neoforged.fml.loading.moddiscovery.locators.JarInJarDependencyLocator/]: Found 152 dependencies adding them to mods collection
[14Jul2026 18:26:18.795] [main/INFO] [net.neoforged.fml.loading.moddiscovery.ModDiscoverer/SCAN]: Found mod file "c2me-fixes-worldgen-threading-issues-mc1.21.1-0.3.0+alpha.0.93.jar" [parent: c2me-neoforge-mc1.21.1-0.3.0+alpha.0.93.jar, locator: jarinjar, reader: mod manifest]
[14Jul2026 18:26:18.795] [main/INFO] [net.neoforged.fml.loading.moddiscovery.ModDiscoverer/SCAN]: Found gamelibrary file "Quack-0.4.10.115.jar" [parent: CodeChickenLib-1.21.1-4.6.1.526.jar, locator: jarinjar, reader: mod manifest]
[14Jul2026 18:26:18.795] [main/INFO] [net.neoforged.fml.loading.moddiscovery.ModDiscoverer/SCAN]: Found mod file "sky-aesthetics-neoforge-1.21-2.0.13-beta.jar" [parent: stellaris-1.21-neoforge-1.4.23.jar, locator: jarinjar, reader: mod manifest]
[14Jul2026 18:26:18.795] [main/INFO] [net.neoforged.fml.loading.moddiscovery.ModDiscoverer/SCAN]: Found mod file "kuma-api-neoforge-21.0.8+1.21.jar" [parent: balm-neoforge-1.21.1-21.0.59.jar, locator: jarinjar, reader: mod manifest]
[14Jul2026 18:26:18.795] [main/INFO] [net.neoforged.fml.loading.moddiscovery.ModDiscoverer/SCAN]: Found mod file "fabric-renderer-api-v1-3.4.0+9c40919e19.jar" [parent: forgified-fabric-api-0.115.6+2.1.0+1.21.1.jar, locator: jarinjar, reader: mod manifest]
[14Jul2026 18:26:18.795] [main/INFO] [net.neoforged.fml.loading.moddiscovery.ModDiscoverer/SCAN]: Found library file "BlockModelSplitter-2.0.1.jar" [parent: ImmersiveEngineering-1.21.1-12.4.2-194.jar, locator: jarinjar, reader: mod manifest]
[14Jul2026 18:26:18.795] [main/INFO] [net.neoforged.fml.loading.moddiscovery.ModDiscoverer/SCAN]: Found mod file "additionalentityattributes-2.0.0+1.21.1-neoforge.jar" [parent: Pastel-1.1.5.5.jar, locator: jarinjar, reader: mod manifest]
[14Jul2026 18:26:18.795] [main/INFO] [net.neoforged.fml.loading.moddiscovery.ModDiscoverer/SCAN]: Found library file "glsl-processor-0.2.3.jar" [parent: veil-neoforge-1.21.1-4.1.4.jar, locator: jarinjar]
[14Jul2026 18:26:18.796] [main/INFO] [net.neoforged.fml.loading.moddiscovery.ModDiscoverer/SCAN]: Found library file "sewlia-config-1.0.0-20250810.044244-13.jar" [parent: krypton_fnp-neoforge-1.21.1-0.2.28.1-1.21.1.jar, locator: jarinjar]
[14Jul2026 18:26:18.796] [main/INFO] [net.neoforged.fml.loading.moddiscovery.ModDiscoverer/SCAN]: Found mod file "ponder-neoforge-1.0.82+mc1.21.1.jar" [parent: create-1.21.1-6.0.10.jar, locator: jarinjar, reader: mod manifest]
[14Jul2026 18:26:18.796] [main/INFO] [net.neoforged.fml.loading.moddiscovery.ModDiscoverer/SCAN]: Found mod file "fabric-item-api-v1-11.1.1+57cdfa8219.jar" [parent: forgified-fabric-api-0.115.6+2.1.0+1.21.1.jar, locator: jarinjar, reader: mod manifest]
[14Jul2026 18:26:18.796] [main/INFO] [net.neoforged.fml.loading.moddiscovery.ModDiscoverer/SCAN]: Found mod file "c2me-rewrites-chunk-serializer-mc1.21.1-0.3.0+alpha.0.93.jar" [parent: c2me-neoforge-mc1.21.1-0.3.0+alpha.0.93.jar, locator: jarinjar, reader: mod manifest]
[14Jul2026 18:26:18.796] [main/INFO] [net.neoforged.fml.loading.moddiscovery.ModDiscoverer/SCAN]: Found mod file "fabric-rendering-fluids-v1-3.1.6+857185bc19.jar" [parent: forgified-fabric-api-0.115.6+2.1.0+1.21.1.jar, locator: jarinjar, reader: mod manifest]
[14Jul2026 18:26:18.796] [main/INFO] [net.neoforged.fml.loading.moddiscovery.ModDiscoverer/SCAN]: Found library file "github-api-2.0-rc.6.jar" [parent: neruina-3.3.2+1.21.1-neoforge.jar, locator: jarinjar]
[14Jul2026 18:26:18.796] [main/INFO] [net.neoforged.fml.loading.moddiscovery.ModDiscoverer/SCAN]: Found library file "MixinSquared-0.3.3.jar" [parent: mixinsquared-neoforge-0.3.3.jar, locator: jarinjar]
[14Jul2026 18:26:18.796] [main/INFO] [net.neoforged.fml.loading.moddiscovery.ModDiscoverer/SCAN]: Found mod file "c2me-opts-natives-math-mc1.21.1-0.3.0+alpha.0.93.jar" [parent: c2me-neoforge-mc1.21.1-0.3.0+alpha.0.93.jar, locator: jarinjar, reader: mod manifest]
[14Jul2026 18:26:18.796] [main/INFO] [net.neoforged.fml.loading.moddiscovery.ModDiscoverer/SCAN]: Found library file "yumi-commons-collections-1.0.0-beta.4.jar" [parent: lambdynamiclights-api-4.5.1+1.21.1-mojmap.jar, locator: jarinjar, reader: mod manifest]
[14Jul2026 18:26:18.796] [main/INFO] [net.neoforged.fml.loading.moddiscovery.ModDiscoverer/SCAN]: Found mod file "c2me-fixes-general-threading-issues-mc1.21.1-0.3.0+alpha.0.93.jar" [parent: c2me-neoforge-mc1.21.1-0.3.0+alpha.0.93.jar, locator: jarinjar, reader: mod manifest]
[14Jul2026 18:26:18.796] [main/INFO] [net.neoforged.fml.loading.moddiscovery.ModDiscoverer/SCAN]: Found library file "netty-0.1.4.1.jar" [parent: owo-lib-neoforge-0.12.15.5-beta.1+1.21.jar, locator: jarinjar]
[14Jul2026 18:26:18.796] [main/INFO] [net.neoforged.fml.loading.moddiscovery.ModDiscoverer/SCAN]: Found library file "endec-0.1.8.1.jar" [parent: owo-lib-neoforge-0.12.15.5-beta.1+1.21.jar, locator: jarinjar]
[14Jul2026 18:26:18.796] [main/INFO] [net.neoforged.fml.loading.moddiscovery.ModDiscoverer/SCAN]: Found library file "kotlinx-coroutines-core-jvm-1.10.2.jar" [parent: kotlinforforge-5.11.0-all.jar, locator: jarinjar]
[14Jul2026 18:26:18.796] [main/INFO] [net.neoforged.fml.loading.moddiscovery.ModDiscoverer/SCAN]: Found mod file "fabric-convention-tags-v1-2.1.4+7f945d5b19.jar" [parent: forgified-fabric-api-0.115.6+2.1.0+1.21.1.jar, locator: jarinjar, reader: mod manifest]
[14Jul2026 18:26:18.796] [main/INFO] [net.neoforged.fml.loading.moddiscovery.ModDiscoverer/SCAN]: Found mod file "fabric-block-view-api-v2-1.0.11+e9036fd419.jar" [parent: forgified-fabric-api-0.115.6+2.1.0+1.21.1.jar, locator: jarinjar, reader: mod manifest]
[14Jul2026 18:26:18.796] [main/INFO] [net.neoforged.fml.loading.moddiscovery.ModDiscoverer/SCAN]: Found mod file "fabric-command-api-v2-2.2.28+36d727be19.jar" [parent: forgified-fabric-api-0.115.6+2.1.0+1.21.1.jar, locator: jarinjar, reader: mod manifest]
[14Jul2026 18:26:18.796] [main/INFO] [net.neoforged.fml.loading.moddiscovery.ModDiscoverer/SCAN]: Found mod file "fabric-convention-tags-v2-2.11.0+87e5848019.jar" [parent: forgified-fabric-api-0.115.6+2.1.0+1.21.1.jar, locator: jarinjar, reader: mod manifest]
[14Jul2026 18:26:18.796] [main/INFO] [net.neoforged.fml.loading.moddiscovery.ModDiscoverer/SCAN]: Found mod file "fabric-data-attachment-api-v1-1.4.3+58235da019.jar" [parent: forgified-fabric-api-0.115.6+2.1.0+1.21.1.jar, locator: jarinjar, reader: mod manifest]
[14Jul2026 18:26:18.796] [main/INFO] [net.neoforged.fml.loading.moddiscovery.ModDiscoverer/SCAN]: Found library file "jctools-core-4.0.5.jar" [parent: c2me-neoforge-mc1.21.1-0.3.0+alpha.0.93.jar, locator: jarinjar]
[14Jul2026 18:26:18.796] [main/INFO] [net.neoforged.fml.loading.moddiscovery.ModDiscoverer/SCAN]: Found mod file "veil-neoforge-1.21.1-4.1.4.jar" [parent: sable-neoforge-1.21.1-2.0.3.jar, locator: jarinjar, reader: mod manifest]
[14Jul2026 18:26:18.796] [main/INFO] [net.neoforged.fml.loading.moddiscovery.ModDiscoverer/SCAN]: Found mod file "c2me-opts-math-mc1.21.1-0.3.0+alpha.0.93.jar" [parent: c2me-neoforge-mc1.21.1-0.3.0+alpha.0.93.jar, locator: jarinjar, reader: mod manifest]
[14Jul2026 18:26:18.796] [main/INFO] [net.neoforged.fml.loading.moddiscovery.ModDiscoverer/SCAN]: Found mod file "dev.simulated_team.simulated.simulated-neoforge-1.21.1-1.3.0.jar" [parent: create-aeronautics-bundled-1.21.1-1.3.0.jar, locator: jarinjar, reader: mod manifest]
[14Jul2026 18:26:18.796] [main/INFO] [net.neoforged.fml.loading.moddiscovery.ModDiscoverer/SCAN]: Found mod file "biolith-neoforge-3.0.10.jar" [parent: Quark-4.1-481.jar, locator: jarinjar, reader: mod manifest]
[14Jul2026 18:26:18.796] [main/INFO] [net.neoforged.fml.loading.moddiscovery.ModDiscoverer/SCAN]: Found library file "yumi-commons-event-1.0.0-beta.4.jar" [parent: lambdynamiclights-api-4.5.1+1.21.1-mojmap.jar, locator: jarinjar, reader: mod manifest]
[14Jul2026 18:26:18.796] [main/INFO] [net.neoforged.fml.loading.moddiscovery.ModDiscoverer/SCAN]: Found mod file "nuggets-neoforge-1.21.1-1.1.0.48.jar" [parent: ars_nouveau-1.21.1-5.12.1.jar, locator: jarinjar, reader: mod manifest]
[14Jul2026 18:26:18.796] [main/INFO] [net.neoforged.fml.loading.moddiscovery.ModDiscoverer/SCAN]: Found library file "kotlin-stdlib-jdk7-2.3.0.jar" [parent: kotlinforforge-5.11.0-all.jar, locator: jarinjar]
[14Jul2026 18:26:18.796] [main/INFO] [net.neoforged.fml.loading.moddiscovery.ModDiscoverer/SCAN]: Found mod file "fabric-screen-api-v1-2.0.25+4228281319.jar" [parent: forgified-fabric-api-0.115.6+2.1.0+1.21.1.jar, locator: jarinjar, reader: mod manifest]
[14Jul2026 18:26:18.796] [main/INFO] [net.neoforged.fml.loading.moddiscovery.ModDiscoverer/SCAN]: Found library file "dazzleconf-core-1.3.0-M2.jar" [parent: servercore-neoforge-1.5.17+1.21.1.jar, locator: jarinjar]
[14Jul2026 18:26:18.796] [main/INFO] [net.neoforged.fml.loading.moddiscovery.ModDiscoverer/SCAN]: Found library file "reactive-streams-1.0.4.jar" [parent: c2me-neoforge-mc1.21.1-0.3.0+alpha.0.93.jar, locator: jarinjar]
[14Jul2026 18:26:18.796] [main/INFO] [net.neoforged.fml.loading.moddiscovery.ModDiscoverer/SCAN]: Found library file "kotlin-stdlib-jdk8-2.3.0.jar" [parent: kotlinforforge-5.11.0-all.jar, locator: jarinjar]
[14Jul2026 18:26:18.796] [main/INFO] [net.neoforged.fml.loading.moddiscovery.ModDiscoverer/SCAN]: Found library file "jgrapht-core-1.5.2.jar" [parent: Pastel-1.1.5.5.jar, locator: jarinjar]
[14Jul2026 18:26:18.796] [main/INFO] [net.neoforged.fml.loading.moddiscovery.ModDiscoverer/SCAN]: Found gamelibrary file "DualCodecs-0.1.2.jar" [parent: ImmersiveEngineering-1.21.1-12.4.2-194.jar, locator: jarinjar, reader: mod manifest]
[14Jul2026 18:26:18.796] [main/INFO] [net.neoforged.fml.loading.moddiscovery.ModDiscoverer/SCAN]: Found mod file "GrandPower-3.0.2.jar" [parent: oritech-neoforge-1.21.1-1.2.7.jar, locator: jarinjar, reader: mod manifest]
[14Jul2026 18:26:18.796] [main/INFO] [net.neoforged.fml.loading.moddiscovery.ModDiscoverer/SCAN]: Found mod file "c2me-base-mc1.21.1-0.3.0+alpha.0.93-all.jar" [parent: c2me-neoforge-mc1.21.1-0.3.0+alpha.0.93.jar, locator: jarinjar, reader: mod manifest]
[14Jul2026 18:26:18.796] [main/INFO] [net.neoforged.fml.loading.moddiscovery.ModDiscoverer/SCAN]: Found library file "yamlbeans-1.17.jar" [parent: Emojiful-Neoforge-1.21-5.2.2-all.jar, locator: jarinjar]
[14Jul2026 18:26:18.796] [main/INFO] [net.neoforged.fml.loading.moddiscovery.ModDiscoverer/SCAN]: Found library file "forgified-fabric-loader-2.5.29+0.16.0+1.21-full.jar" [parent: forgified-fabric-api-0.115.6+2.1.0+1.21.1.jar, locator: jarinjar, reader: mod manifest]
[14Jul2026 18:26:18.796] [main/INFO] [net.neoforged.fml.loading.moddiscovery.ModDiscoverer/SCAN]: Found mod file "forgified-fabric-api-0.115.6+2.1.0+1.21.1.jar" [parent: txnilib-neoforge-1.0.24-1.21.1.jar, locator: jarinjar, reader: mod manifest]
[14Jul2026 18:26:18.796] [main/INFO] [net.neoforged.fml.loading.moddiscovery.ModDiscoverer/SCAN]: Found mod file "c2me-fixes-worldgen-vanilla-bugs-mc1.21.1-0.3.0+alpha.0.93.jar" [parent: c2me-neoforge-mc1.21.1-0.3.0+alpha.0.93.jar, locator: jarinjar, reader: mod manifest]
[14Jul2026 18:26:18.796] [main/INFO] [net.neoforged.fml.loading.moddiscovery.ModDiscoverer/SCAN]: Found mod file "fabric-content-registries-v0-8.0.18+0a0c14ff19.jar" [parent: forgified-fabric-api-0.115.6+2.1.0+1.21.1.jar, locator: jarinjar, reader: mod manifest]
[14Jul2026 18:26:18.796] [main/INFO] [net.neoforged.fml.loading.moddiscovery.ModDiscoverer/SCAN]: Found library file "kotlinx-serialization-json-jvm-1.9.0.jar" [parent: kotlinforforge-5.11.0-all.jar, locator: jarinjar]
[14Jul2026 18:26:18.796] [main/INFO] [net.neoforged.fml.loading.moddiscovery.ModDiscoverer/SCAN]: Found library file "bytecodecs-1.1.2.jar" [parent: resourcefullib-neoforge-1.21-3.0.12.jar, locator: jarinjar]
[14Jul2026 18:26:18.796] [main/INFO] [net.neoforged.fml.loading.moddiscovery.ModDiscoverer/SCAN]: Found mod file "common-storage-lib-data-neoforge-1.21.1-0.0.7.jar" [parent: tempad-1.21.1-3.0.4-all.jar, locator: jarinjar, reader: mod manifest]
[14Jul2026 18:26:18.796] [main/INFO] [net.neoforged.fml.loading.moddiscovery.ModDiscoverer/SCAN]: Found mod file "diagonalblocks-neoforge-21.1.1.jar" [parent: DiagonalFences-v21.1.1-1.21.1-NeoForge.jar, locator: jarinjar, reader: mod manifest]
[14Jul2026 18:26:18.796] [main/INFO] [net.neoforged.fml.loading.moddiscovery.ModDiscoverer/SCAN]: Found library file "exp4j-0.4.8.jar" [parent: c2me-neoforge-mc1.21.1-0.3.0+alpha.0.93.jar, locator: jarinjar]
[14Jul2026 18:26:18.796] [main/INFO] [net.neoforged.fml.loading.moddiscovery.ModDiscoverer/SCAN]: Found library file "snakeyaml-2.6.jar" [parent: servercore-neoforge-1.5.17+1.21.1.jar, locator: jarinjar]
[14Jul2026 18:26:18.796] [main/INFO] [net.neoforged.fml.loading.moddiscovery.ModDiscoverer/SCAN]: Found gamelibrary file "mixinextras-neoforge-0.5.3.jar" [parent: neoforge-21.1.233-universal.jar, locator: jarinjar, reader: mod manifest]
[14Jul2026 18:26:18.796] [main/INFO] [net.neoforged.fml.loading.moddiscovery.ModDiscoverer/SCAN]: Found library file "yumi-commons-core-1.0.0-beta.4.jar" [parent: lambdynamiclights-api-4.5.1+1.21.1-mojmap.jar, locator: jarinjar, reader: mod manifest]
[14Jul2026 18:26:18.796] [main/INFO] [net.neoforged.fml.loading.moddiscovery.ModDiscoverer/SCAN]: Found mod file "fabric-game-rule-api-v1-1.0.53+36d727be19.jar" [parent: forgified-fabric-api-0.115.6+2.1.0+1.21.1.jar, locator: jarinjar, reader: mod manifest]
[14Jul2026 18:26:18.796] [main/INFO] [net.neoforged.fml.loading.moddiscovery.ModDiscoverer/SCAN]: Found mod file "olympus-neoforge-1.21-1.0.18.jar" [parent: tempad-1.21.1-3.0.4-all.jar, locator: jarinjar, reader: mod manifest]
[14Jul2026 18:26:18.796] [main/INFO] [net.neoforged.fml.loading.moddiscovery.ModDiscoverer/SCAN]: Found mod file "fabric-api-lookup-api-v1-1.6.70+c21168c319.jar" [parent: forgified-fabric-api-0.115.6+2.1.0+1.21.1.jar, locator: jarinjar, reader: mod manifest]
[14Jul2026 18:26:18.796] [main/INFO] [net.neoforged.fml.loading.moddiscovery.ModDiscoverer/SCAN]: Found library file "jheaps-0.14.jar" [parent: Pastel-1.1.5.5.jar, locator: jarinjar]
[14Jul2026 18:26:18.796] [main/INFO] [net.neoforged.fml.loading.moddiscovery.ModDiscoverer/SCAN]: Found mod file "c2me-fixes-chunkio-threading-issues-mc1.21.1-0.3.0+alpha.0.93.jar" [parent: c2me-neoforge-mc1.21.1-0.3.0+alpha.0.93.jar, locator: jarinjar, reader: mod manifest]
[14Jul2026 18:26:18.796] [main/INFO] [net.neoforged.fml.loading.moddiscovery.ModDiscoverer/SCAN]: Found gamelibrary file "dev.ryanhcode.sable.sable-sable_rapier-1.21.1-2.0.3.jar" [parent: sable-neoforge-1.21.1-2.0.3.jar, locator: jarinjar, reader: mod manifest]
[14Jul2026 18:26:18.796] [main/INFO] [net.neoforged.fml.loading.moddiscovery.ModDiscoverer/SCAN]: Found mod file "c2me-client-uncapvd-mc1.21.1-0.3.0+alpha.0.93.jar" [parent: c2me-neoforge-mc1.21.1-0.3.0+alpha.0.93.jar, locator: jarinjar, reader: mod manifest]
[14Jul2026 18:26:18.796] [main/INFO] [net.neoforged.fml.loading.moddiscovery.ModDiscoverer/SCAN]: Found library file "commonmark-ext-ins-0.27.1.jar" [parent: modonomicon-1.21.1-neoforge-1.120.1.jar, locator: jarinjar]
[14Jul2026 18:26:18.796] [main/INFO] [net.neoforged.fml.loading.moddiscovery.ModDiscoverer/SCAN]: Found gamelibrary file "mixinsquared-neoforge-0.3.3.jar" [parent: alltheleaks-1.1.9+1.21.1-neoforge.jar, locator: jarinjar, reader: mod manifest]
[14Jul2026 18:26:18.796] [main/INFO] [net.neoforged.fml.loading.moddiscovery.ModDiscoverer/SCAN]: Found library file "imageio-metadata-3.12.0.jar" [parent: yet_another_config_lib_v3-3.8.2+1.21.1-neoforge.jar, locator: jarinjar]
[14Jul2026 18:26:18.796] [main/INFO] [net.neoforged.fml.loading.moddiscovery.ModDiscoverer/SCAN]: Found mod file "c2me-opts-dfc-mc1.21.1-0.3.0+alpha.0.93.jar" [parent: c2me-neoforge-mc1.21.1-0.3.0+alpha.0.93.jar, locator: jarinjar, reader: mod manifest]
[14Jul2026 18:26:18.796] [main/INFO] [net.neoforged.fml.loading.moddiscovery.ModDiscoverer/SCAN]: Found library file "kotlin-stdlib-2.3.0.jar" [parent: kotlinforforge-5.11.0-all.jar, locator: jarinjar]
[14Jul2026 18:26:18.796] [main/INFO] [net.neoforged.fml.loading.moddiscovery.ModDiscoverer/SCAN]: Found library file "tomlkt-jvm-0.3.7.jar" [parent: fzzy_config-0.7.6+1.21+neoforge.jar, locator: jarinjar]
[14Jul2026 18:26:18.796] [main/INFO] [net.neoforged.fml.loading.moddiscovery.ModDiscoverer/SCAN]: Found mod file "fabric-entity-events-v1-1.7.0+1af6e62419.jar" [parent: forgified-fabric-api-0.115.6+2.1.0+1.21.1.jar, locator: jarinjar, reader: mod manifest]
[14Jul2026 18:26:18.796] [main/INFO] [net.neoforged.fml.loading.moddiscovery.ModDiscoverer/SCAN]: Found library file "commonmark-0.27.1.jar" [parent: modonomicon-1.21.1-neoforge-1.120.1.jar, locator: jarinjar]
[14Jul2026 18:26:18.796] [main/INFO] [net.neoforged.fml.loading.moddiscovery.ModDiscoverer/SCAN]: Found library file "common-io-3.12.0.jar" [parent: yet_another_config_lib_v3-3.8.2+1.21.1-neoforge.jar, locator: jarinjar]
[14Jul2026 18:26:18.796] [main/INFO] [net.neoforged.fml.loading.moddiscovery.ModDiscoverer/SCAN]: Found mod file "fabric-loot-api-v2-3.0.15+a3ee712d19.jar" [parent: forgified-fabric-api-0.115.6+2.1.0+1.21.1.jar, locator: jarinjar, reader: mod manifest]
[14Jul2026 18:26:18.796] [main/INFO] [net.neoforged.fml.loading.moddiscovery.ModDiscoverer/SCAN]: Found gamelibrary file "mixinsquared-forge-0.3.3.jar" [parent: supplementaries-neoforge-1.21.1-3.6.8.jar, locator: jarinjar, reader: mod manifest]
[14Jul2026 18:26:18.796] [main/INFO] [net.neoforged.fml.loading.moddiscovery.ModDiscoverer/SCAN]: Found mod file "fabric-loot-api-v3-1.0.3+333dfad919.jar" [parent: forgified-fabric-api-0.115.6+2.1.0+1.21.1.jar, locator: jarinjar, reader: mod manifest]
[14Jul2026 18:26:18.796] [main/INFO] [net.neoforged.fml.loading.moddiscovery.ModDiscoverer/SCAN]: Found mod file "fabric-rendering-data-attachment-v1-0.3.49+73761d2e19.jar" [parent: forgified-fabric-api-0.115.6+2.1.0+1.21.1.jar, locator: jarinjar, reader: mod manifest]
[14Jul2026 18:26:18.796] [main/INFO] [net.neoforged.fml.loading.moddiscovery.ModDiscoverer/SCAN]: Found library file "imageio-webp-3.12.0.jar" [parent: yet_another_config_lib_v3-3.8.2+1.21.1-neoforge.jar, locator: jarinjar]
[14Jul2026 18:26:18.796] [main/INFO] [net.neoforged.fml.loading.moddiscovery.ModDiscoverer/SCAN]: Found library file "kotlinx-serialization-core-jvm-1.9.0.jar" [parent: kotlinforforge-5.11.0-all.jar, locator: jarinjar]
[14Jul2026 18:26:18.796] [main/INFO] [net.neoforged.fml.loading.moddiscovery.ModDiscoverer/SCAN]: Found mod file "fabric-networking-api-v1-4.3.0+4f690eb619.jar" [parent: forgified-fabric-api-0.115.6+2.1.0+1.21.1.jar, locator: jarinjar, reader: mod manifest]
[14Jul2026 18:26:18.796] [main/INFO] [net.neoforged.fml.loading.moddiscovery.ModDiscoverer/SCAN]: Found library file "auto-service-1.0.jar" [parent: configurable-3.5.1+1.21.1-neoforge.jar, locator: jarinjar]
[14Jul2026 18:26:18.796] [main/INFO] [net.neoforged.fml.loading.moddiscovery.ModDiscoverer/SCAN]: Found gamelibrary file "Registrate-MC1.21-1.3.0+67.jar" [parent: create-1.21.1-6.0.10.jar, locator: jarinjar, reader: mod manifest]
[14Jul2026 18:26:18.796] [main/INFO] [net.neoforged.fml.loading.moddiscovery.ModDiscoverer/SCAN]: Found mod file "c2me-rewrites-chunkio-mc1.21.1-0.3.0+alpha.0.93.jar" [parent: c2me-neoforge-mc1.21.1-0.3.0+alpha.0.93.jar, locator: jarinjar, reader: mod manifest]
[14Jul2026 18:26:18.796] [main/INFO] [net.neoforged.fml.loading.moddiscovery.ModDiscoverer/SCAN]: Found mod file "infiniverse-568341-5486311.jar" [parent: ars_nouveau-1.21.1-5.12.1.jar, locator: jarinjar, reader: mod manifest]
[14Jul2026 18:26:18.796] [main/INFO] [net.neoforged.fml.loading.moddiscovery.ModDiscoverer/SCAN]: Found mod file "fabric-lifecycle-events-v1-2.5.0+a2ee258a19.jar" [parent: forgified-fabric-api-0.115.6+2.1.0+1.21.1.jar, locator: jarinjar, reader: mod manifest]
[14Jul2026 18:26:18.796] [main/INFO] [net.neoforged.fml.loading.moddiscovery.ModDiscoverer/SCAN]: Found mod file "c2me-opts-allocs-mc1.21.1-0.3.0+alpha.0.93.jar" [parent: c2me-neoforge-mc1.21.1-0.3.0+alpha.0.93.jar, locator: jarinjar, reader: mod manifest]
[14Jul2026 18:26:18.796] [main/INFO] [net.neoforged.fml.loading.moddiscovery.ModDiscoverer/SCAN]: Found library file "imageio-core-3.12.0.jar" [parent: yet_another_config_lib_v3-3.8.2+1.21.1-neoforge.jar, locator: jarinjar]
[14Jul2026 18:26:18.796] [main/INFO] [net.neoforged.fml.loading.moddiscovery.ModDiscoverer/SCAN]: Found library file "asyncutil-0.1.0.jar" [parent: c2me-neoforge-mc1.21.1-0.3.0+alpha.0.93.jar, locator: jarinjar]
[14Jul2026 18:26:18.796] [main/INFO] [net.neoforged.fml.loading.moddiscovery.ModDiscoverer/SCAN]: Found mod file "fabric-key-binding-api-v1-1.0.47+62cc7ce119.jar" [parent: forgified-fabric-api-0.115.6+2.1.0+1.21.1.jar, locator: jarinjar, reader: mod manifest]
[14Jul2026 18:26:18.796] [main/INFO] [net.neoforged.fml.loading.moddiscovery.ModDiscoverer/SCAN]: Found mod file "fabric-client-tags-api-v1-1.1.15+e053909619.jar" [parent: forgified-fabric-api-0.115.6+2.1.0+1.21.1.jar, locator: jarinjar, reader: mod manifest]
[14Jul2026 18:26:18.796] [main/INFO] [net.neoforged.fml.loading.moddiscovery.ModDiscoverer/SCAN]: Found mod file "fabric-transfer-api-v1-5.4.2+a25cb45619.jar" [parent: forgified-fabric-api-0.115.6+2.1.0+1.21.1.jar, locator: jarinjar, reader: mod manifest]
[14Jul2026 18:26:18.796] [main/INFO] [net.neoforged.fml.loading.moddiscovery.ModDiscoverer/SCAN]: Found library file "dazzleconf-ext-snakeyaml-1.3.0-M2.jar" [parent: servercore-neoforge-1.5.17+1.21.1.jar, locator: jarinjar]
[14Jul2026 18:26:18.796] [main/INFO] [net.neoforged.fml.loading.moddiscovery.ModDiscoverer/SCAN]: Found mod file "c2me-threading-lighting-mc1.21.1-0.3.0+alpha.0.93.jar" [parent: c2me-neoforge-mc1.21.1-0.3.0+alpha.0.93.jar, locator: jarinjar, reader: mod manifest]
[14Jul2026 18:26:18.796] [main/INFO] [net.neoforged.fml.loading.moddiscovery.ModDiscoverer/SCAN]: Found library file "commonmark-ext-gfm-strikethrough-0.27.1.jar" [parent: modonomicon-1.21.1-neoforge-1.120.1.jar, locator: jarinjar]
[14Jul2026 18:26:18.797] [main/INFO] [net.neoforged.fml.loading.moddiscovery.ModDiscoverer/SCAN]: Found library file "jankson-0.1.5.1.jar" [parent: owo-lib-neoforge-0.12.15.5-beta.1+1.21.jar, locator: jarinjar]
[14Jul2026 18:26:18.797] [main/INFO] [net.neoforged.fml.loading.moddiscovery.ModDiscoverer/SCAN]: Found library file "apfloat-1.10.1.jar" [parent: Pastel-1.1.5.5.jar, locator: jarinjar]
[14Jul2026 18:26:18.797] [main/INFO] [net.neoforged.fml.loading.moddiscovery.ModDiscoverer/SCAN]: Found mod file "de.mari_023.ae2wtlib_api-19.5.0.jar" [parent: ae2wtlib-19.5.0.jar, locator: jarinjar, reader: mod manifest]
[14Jul2026 18:26:18.797] [main/INFO] [net.neoforged.fml.loading.moddiscovery.ModDiscoverer/SCAN]: Found mod file "fabric-model-loading-api-v1-2.0.0+986ae77219.jar" [parent: forgified-fabric-api-0.115.6+2.1.0+1.21.1.jar, locator: jarinjar, reader: mod manifest]
[14Jul2026 18:26:18.797] [main/INFO] [net.neoforged.fml.loading.moddiscovery.ModDiscoverer/SCAN]: Found library file "net.neoforged.neoforge-coremods-21.1.233.jar" [parent: neoforge-21.1.233-universal.jar, locator: jarinjar, reader: mod manifest]
[14Jul2026 18:26:18.797] [main/INFO] [net.neoforged.fml.loading.moddiscovery.ModDiscoverer/SCAN]: Found mod file "xaerolib-neoforge-1.21.1-1.1.15.jar" [parent: xaeroworldmap-neoforge-1.21.1-1.41.0.jar, locator: jarinjar, reader: mod manifest]
[14Jul2026 18:26:18.797] [main/INFO] [net.neoforged.fml.loading.moddiscovery.ModDiscoverer/SCAN]: Found mod file "dev.eriksonn.aeronautics.aeronautics-neoforge-1.21.1-1.3.0.jar" [parent: create-aeronautics-bundled-1.21.1-1.3.0.jar, locator: jarinjar, reader: mod manifest]
[14Jul2026 18:26:18.797] [main/INFO] [net.neoforged.fml.loading.moddiscovery.ModDiscoverer/SCAN]: Found mod file "fabric-screen-handler-api-v1-1.3.88+8dbc56dd19.jar" [parent: forgified-fabric-api-0.115.6+2.1.0+1.21.1.jar, locator: jarinjar, reader: mod manifest]
[14Jul2026 18:26:18.797] [main/INFO] [net.neoforged.fml.loading.moddiscovery.ModDiscoverer/SCAN]: Found library file "cobalt-0.9.9.jar" [parent: cc-tweaked-1.21.1-forge-1.120.0.jar, locator: jarinjar]
[14Jul2026 18:26:18.797] [main/INFO] [net.neoforged.fml.loading.moddiscovery.ModDiscoverer/SCAN]: Found mod file "fabric-resource-loader-v0-1.3.1+4ea8954419.jar" [parent: forgified-fabric-api-0.115.6+2.1.0+1.21.1.jar, locator: jarinjar, reader: mod manifest]
[14Jul2026 18:26:18.797] [main/INFO] [net.neoforged.fml.loading.moddiscovery.ModDiscoverer/SCAN]: Found mod file "fabric-rendering-v1-5.0.5+077ba95f19.jar" [parent: forgified-fabric-api-0.115.6+2.1.0+1.21.1.jar, locator: jarinjar, reader: mod manifest]
[14Jul2026 18:26:18.797] [main/INFO] [net.neoforged.fml.loading.moddiscovery.ModDiscoverer/SCAN]: Found mod file "fabric-renderer-indigo-1.7.0+4198af7119.jar" [parent: forgified-fabric-api-0.115.6+2.1.0+1.21.1.jar, locator: jarinjar, reader: mod manifest]
[14Jul2026 18:26:18.797] [main/INFO] [net.neoforged.fml.loading.moddiscovery.ModDiscoverer/SCAN]: Found mod file "resourcefullibkt-neoforge-1.21-2.0.2.jar" [parent: tempad-1.21.1-3.0.4-all.jar, locator: jarinjar, reader: mod manifest]
[14Jul2026 18:26:18.797] [main/INFO] [net.neoforged.fml.loading.moddiscovery.ModDiscoverer/SCAN]: Found library file "yabn-1.0.3.jar" [parent: resourcefullib-neoforge-1.21-3.0.12.jar, locator: jarinjar]
[14Jul2026 18:26:18.797] [main/INFO] [net.neoforged.fml.loading.moddiscovery.ModDiscoverer/SCAN]: Found library file "kotlinx-coroutines-jdk8-1.10.2.jar" [parent: kotlinforforge-5.11.0-all.jar, locator: jarinjar]
[14Jul2026 18:26:18.797] [main/INFO] [net.neoforged.fml.loading.moddiscovery.ModDiscoverer/SCAN]: Found mod file "c2me-rewrites-chunk-system-mc1.21.1-0.3.0+alpha.0.93.jar" [parent: c2me-neoforge-mc1.21.1-0.3.0+alpha.0.93.jar, locator: jarinjar, reader: mod manifest]
[14Jul2026 18:26:18.797] [main/INFO] [net.neoforged.fml.loading.moddiscovery.ModDiscoverer/SCAN]: Found library file "rxjava-3.1.12.jar" [parent: c2me-neoforge-mc1.21.1-0.3.0+alpha.0.93.jar, locator: jarinjar]
[14Jul2026 18:26:18.797] [main/INFO] [net.neoforged.fml.loading.moddiscovery.ModDiscoverer/SCAN]: Found library file "molang-compiler-3.1.1.19.jar" [parent: veil-neoforge-1.21.1-4.1.4.jar, locator: jarinjar]
[14Jul2026 18:26:18.797] [main/INFO] [net.neoforged.fml.loading.moddiscovery.ModDiscoverer/SCAN]: Found mod file "fabric-particles-v1-4.0.2+824f924c19.jar" [parent: forgified-fabric-api-0.115.6+2.1.0+1.21.1.jar, locator: jarinjar, reader: mod manifest]
[14Jul2026 18:26:18.797] [main/INFO] [net.neoforged.fml.loading.moddiscovery.ModDiscoverer/SCAN]: Found mod file "c2me-opts-worldgen-vanilla-mc1.21.1-0.3.0+alpha.0.93.jar" [parent: c2me-neoforge-mc1.21.1-0.3.0+alpha.0.93.jar, locator: jarinjar, reader: mod manifest]
[14Jul2026 18:26:18.797] [main/INFO] [net.neoforged.fml.loading.moddiscovery.ModDiscoverer/SCAN]: Found library file "common-image-3.12.0.jar" [parent: yet_another_config_lib_v3-3.8.2+1.21.1-neoforge.jar, locator: jarinjar]
[14Jul2026 18:26:18.797] [main/INFO] [net.neoforged.fml.loading.moddiscovery.ModDiscoverer/SCAN]: Found mod file "c2me-opts-scheduling-mc1.21.1-0.3.0+alpha.0.93.jar" [parent: c2me-neoforge-mc1.21.1-0.3.0+alpha.0.93.jar, locator: jarinjar, reader: mod manifest]
[14Jul2026 18:26:18.797] [main/INFO] [net.neoforged.fml.loading.moddiscovery.ModDiscoverer/SCAN]: Found mod file "fabric-transitive-access-wideners-v1-6.2.0+6c854b6f19.jar" [parent: forgified-fabric-api-0.115.6+2.1.0+1.21.1.jar, locator: jarinjar, reader: mod manifest]
[14Jul2026 18:26:18.797] [main/INFO] [net.neoforged.fml.loading.moddiscovery.ModDiscoverer/SCAN]: Found mod file "dev.ryanhcode.offroad.offroad-neoforge-1.21.1-1.3.0.jar" [parent: create-aeronautics-bundled-1.21.1-1.3.0.jar, locator: jarinjar, reader: mod manifest]
[14Jul2026 18:26:18.797] [main/INFO] [net.neoforged.fml.loading.moddiscovery.ModDiscoverer/SCAN]: Found library file "jankson-1.2.3.jar" [parent: fzzy_config-0.7.6+1.21+neoforge.jar, locator: jarinjar]
[14Jul2026 18:26:18.797] [main/INFO] [net.neoforged.fml.loading.moddiscovery.ModDiscoverer/SCAN]: Found library file "gson-0.1.5.1.jar" [parent: owo-lib-neoforge-0.12.15.5-beta.1+1.21.jar, locator: jarinjar]
[14Jul2026 18:26:18.797] [main/INFO] [net.neoforged.fml.loading.moddiscovery.ModDiscoverer/SCAN]: Found library file "jzlib-1.1.3.jar" [parent: cc-tweaked-1.21.1-forge-1.120.0.jar, locator: jarinjar]
[14Jul2026 18:26:18.797] [main/INFO] [net.neoforged.fml.loading.moddiscovery.ModDiscoverer/SCAN]: Found mod file "fabric-api-base-0.4.42+d1308dedd1.jar" [parent: owo-lib-neoforge-0.12.15.5-beta.1+1.21.jar, locator: jarinjar, reader: mod manifest]
[14Jul2026 18:26:18.797] [main/INFO] [net.neoforged.fml.loading.moddiscovery.ModDiscoverer/SCAN]: Found mod file "fabric-blockrenderlayer-v1-1.1.52+b089b4bd19.jar" [parent: forgified-fabric-api-0.115.6+2.1.0+1.21.1.jar, locator: jarinjar, reader: mod manifest]
[14Jul2026 18:26:18.797] [main/INFO] [net.neoforged.fml.loading.moddiscovery.ModDiscoverer/SCAN]: Found mod file "fabric-block-api-v1-1.0.22+a6e994cd19.jar" [parent: forgified-fabric-api-0.115.6+2.1.0+1.21.1.jar, locator: jarinjar, reader: mod manifest]
[14Jul2026 18:26:18.797] [main/INFO] [net.neoforged.fml.loading.moddiscovery.ModDiscoverer/SCAN]: Found mod file "c2me-server-utils-mc1.21.1-0.3.0+alpha.0.93.jar" [parent: c2me-neoforge-mc1.21.1-0.3.0+alpha.0.93.jar, locator: jarinjar, reader: mod manifest]
[14Jul2026 18:26:18.797] [main/INFO] [net.neoforged.fml.loading.moddiscovery.ModDiscoverer/SCAN]: Found library file "thedarkcolour.kfflang-5.11.0.jar" [parent: kotlinforforge-5.11.0-all.jar, locator: jarinjar, reader: mod manifest]
[14Jul2026 18:26:18.797] [main/INFO] [net.neoforged.fml.loading.moddiscovery.ModDiscoverer/SCAN]: Found mod file "spectrelib-neoforge-0.17.2+1.21.jar" [parent: comforts-neoforge-9.0.5+1.21.1.jar, locator: jarinjar, reader: mod manifest]
[14Jul2026 18:26:18.797] [main/INFO] [net.neoforged.fml.loading.moddiscovery.ModDiscoverer/SCAN]: Found gamelibrary file "thedarkcolour.kfflib-5.11.0.jar" [parent: kotlinforforge-5.11.0-all.jar, locator: jarinjar, reader: mod manifest]
[14Jul2026 18:26:18.797] [main/INFO] [net.neoforged.fml.loading.moddiscovery.ModDiscoverer/SCAN]: Found mod file "fabric-resource-conditions-api-v1-4.3.0+5bdd099819.jar" [parent: forgified-fabric-api-0.115.6+2.1.0+1.21.1.jar, locator: jarinjar, reader: mod manifest]
[14Jul2026 18:26:18.797] [main/INFO] [net.neoforged.fml.loading.moddiscovery.ModDiscoverer/SCAN]: Found library file "java-client-3.2.1-SNAPSHOT.jar" [parent: skinrestorer-2.8.1+1.21-neoforge (1).jar, locator: jarinjar]
[14Jul2026 18:26:18.797] [main/INFO] [net.neoforged.fml.loading.moddiscovery.ModDiscoverer/SCAN]: Found mod file "thedarkcolour.kffmod-5.11.0.jar" [parent: kotlinforforge-5.11.0-all.jar, locator: jarinjar, reader: mod manifest]
[14Jul2026 18:26:18.797] [main/INFO] [net.neoforged.fml.loading.moddiscovery.ModDiscoverer/SCAN]: Found library file "gson-0.3.1.jar" [parent: configurable-3.5.1+1.21.1-neoforge.jar, locator: jarinjar]
[14Jul2026 18:26:18.797] [main/INFO] [net.neoforged.fml.loading.moddiscovery.ModDiscoverer/SCAN]: Found library file "kotlin-reflect-2.3.0.jar" [parent: kotlinforforge-5.11.0-all.jar, locator: jarinjar]
[14Jul2026 18:26:18.797] [main/INFO] [net.neoforged.fml.loading.moddiscovery.ModDiscoverer/SCAN]: Found mod file "sable-companion-common-1.21.1-1.6.0.jar" [parent: supplementaries-neoforge-1.21.1-3.6.8.jar, locator: jarinjar, reader: mod manifest]
[14Jul2026 18:26:18.797] [main/INFO] [net.neoforged.fml.loading.moddiscovery.ModDiscoverer/SCAN]: Found mod file "flywheel-neoforge-1.21.1-1.0.6.jar" [parent: create-1.21.1-6.0.10.jar, locator: jarinjar, reader: mod manifest]
[14Jul2026 18:26:18.797] [main/INFO] [net.neoforged.fml.loading.moddiscovery.ModDiscoverer/SCAN]: Found library file "velocity-native-3.4.0-SNAPSHOT.jar" [parent: krypton_fnp-neoforge-1.21.1-0.2.28.1-1.21.1.jar, locator: jarinjar]
[14Jul2026 18:26:18.797] [main/INFO] [net.neoforged.fml.loading.moddiscovery.ModDiscoverer/SCAN]: Found mod file "fabric-item-group-api-v1-4.1.7+e324903319.jar" [parent: forgified-fabric-api-0.115.6+2.1.0+1.21.1.jar, locator: jarinjar, reader: mod manifest]
[14Jul2026 18:26:18.797] [main/INFO] [net.neoforged.fml.loading.moddiscovery.ModDiscoverer/SCAN]: Found mod file "fabric-gametest-api-v1-2.0.5+29f188ce19.jar" [parent: forgified-fabric-api-0.115.6+2.1.0+1.21.1.jar, locator: jarinjar, reader: mod manifest]
[14Jul2026 18:26:18.797] [main/INFO] [net.neoforged.fml.loading.moddiscovery.ModDiscoverer/SCAN]: Found mod file "c2me-notickvd-mc1.21.1-0.3.0+alpha.0.93.jar" [parent: c2me-neoforge-mc1.21.1-0.3.0+alpha.0.93.jar, locator: jarinjar, reader: mod manifest]
[14Jul2026 18:26:18.797] [main/INFO] [net.neoforged.fml.loading.moddiscovery.ModDiscoverer/SCAN]: Found mod file "fabric-biome-api-v1-13.0.31+1e62d33c19.jar" [parent: forgified-fabric-api-0.115.6+2.1.0+1.21.1.jar, locator: jarinjar, reader: mod manifest]
[14Jul2026 18:26:18.797] [main/INFO] [net.neoforged.fml.loading.moddiscovery.ModDiscoverer/SCAN]: Found mod file "c2me-opts-worldgen-general-mc1.21.1-0.3.0+alpha.0.93.jar" [parent: c2me-neoforge-mc1.21.1-0.3.0+alpha.0.93.jar, locator: jarinjar, reader: mod manifest]
[14Jul2026 18:26:18.797] [main/INFO] [net.neoforged.fml.loading.moddiscovery.ModDiscoverer/SCAN]: Found mod file "c2me-opts-chunkio-mc1.21.1-0.3.0+alpha.0.93.jar" [parent: c2me-neoforge-mc1.21.1-0.3.0+alpha.0.93.jar, locator: jarinjar, reader: mod manifest]
[14Jul2026 18:26:18.797] [main/INFO] [net.neoforged.fml.loading.moddiscovery.ModDiscoverer/SCAN]: Found library file "json-0.3.1.jar" [parent: configurable-3.5.1+1.21.1-neoforge.jar, locator: jarinjar]
[14Jul2026 18:26:18.797] [main/INFO] [net.neoforged.fml.loading.moddiscovery.ModDiscoverer/SCAN]: Found mod file "fabric-registry-sync-v0-5.2.0+867470b919.jar" [parent: forgified-fabric-api-0.115.6+2.1.0+1.21.1.jar, locator: jarinjar, reader: mod manifest]
[14Jul2026 18:26:18.797] [main/INFO] [net.neoforged.fml.loading.moddiscovery.ModDiscoverer/SCAN]: Found mod file "lambdynamiclights-api-4.5.1+1.21.1-mojmap.jar" [parent: ars_nouveau-1.21.1-5.12.1.jar, locator: jarinjar, reader: mod manifest]
[14Jul2026 18:26:18.797] [main/INFO] [net.neoforged.fml.loading.moddiscovery.ModDiscoverer/SCAN]: Found mod file "fabric-recipe-api-v1-5.0.14+59440bcc19.jar" [parent: forgified-fabric-api-0.115.6+2.1.0+1.21.1.jar, locator: jarinjar, reader: mod manifest]
[14Jul2026 18:26:18.797] [main/INFO] [net.neoforged.fml.loading.moddiscovery.ModDiscoverer/SCAN]: Found mod file "fabric-object-builder-api-v1-15.2.1+cc242efd19.jar" [parent: forgified-fabric-api-0.115.6+2.1.0+1.21.1.jar, locator: jarinjar, reader: mod manifest]
[14Jul2026 18:26:18.797] [main/INFO] [net.neoforged.fml.loading.moddiscovery.ModDiscoverer/SCAN]: Found mod file "fabric-sound-api-v1-1.0.23+10b84f8419.jar" [parent: forgified-fabric-api-0.115.6+2.1.0+1.21.1.jar, locator: jarinjar, reader: mod manifest]
[14Jul2026 18:26:18.797] [main/INFO] [net.neoforged.fml.loading.moddiscovery.ModDiscoverer/SCAN]: Found mod file "fabric-message-api-v1-6.0.13+e053909619.jar" [parent: forgified-fabric-api-0.115.6+2.1.0+1.21.1.jar, locator: jarinjar, reader: mod manifest]
[14Jul2026 18:26:18.797] [main/INFO] [net.neoforged.fml.loading.moddiscovery.ModDiscoverer/SCAN]: Found library file "common-lang-3.12.0.jar" [parent: yet_another_config_lib_v3-3.8.2+1.21.1-neoforge.jar, locator: jarinjar]
[14Jul2026 18:26:18.797] [main/INFO] [net.neoforged.fml.loading.moddiscovery.ModDiscoverer/SCAN]: Found library file "Java-WebSocket-1.5.7.jar" [parent: neoessentials-1.0.2.5+build.1074.jar, locator: jarinjar]
[14Jul2026 18:26:18.797] [main/INFO] [net.neoforged.fml.loading.moddiscovery.ModDiscoverer/SCAN]: Found mod file "fabric-data-generation-api-v1-20.2.28+2d91a6db19.jar" [parent: forgified-fabric-api-0.115.6+2.1.0+1.21.1.jar, locator: jarinjar, reader: mod manifest]
[14Jul2026 18:26:18.797] [main/INFO] [net.neoforged.fml.loading.moddiscovery.ModDiscoverer/SCAN]: Found mod file "fabric-events-interaction-v0-0.7.13+7b71cc1619.jar" [parent: forgified-fabric-api-0.115.6+2.1.0+1.21.1.jar, locator: jarinjar, reader: mod manifest]
[14Jul2026 18:26:18.797] [main/INFO] [net.neoforged.fml.loading.moddiscovery.ModDiscoverer/SCAN]: Found mod file "exoconfig-neoforge-1.21-0.3.0.jar" [parent: sky-aesthetics-neoforge-1.21-2.0.13-beta.jar, locator: jarinjar, reader: mod manifest]
[14Jul2026 18:26:18.801] [main/INFO] [net.neoforged.fml.loading.moddiscovery.ModDiscoverer/]: 
     Mod List:
		Name Version (Mod Id)

		Aaron 1.16.0 (aaron)
		Accessories 1.1.0-beta.53+1.21.1 (accessories)
		Actually Additions 1.3.25 (actuallyadditions)
		Additional Entity Attributes 2.0.0+1.21.1 (additionalentityattributes)
		AE2WTLib 19.5.0 (ae2wtlib)
		AE2WTLib API 19.5.0 (ae2wtlib_api)
		AI-Improvements 0.5.3 (aiimprovements)
		All The Leaks 1.1.9+1.21.1-neoforge (alltheleaks)
		AlmostUnified 1.21.1-1.4.2 (almostunified)
		Amendments 1.21-2.0.15 (amendments)
		Another Furniture 4.0.2 (another_furniture)
		Applied Energistics 2 19.2.17 (ae2)
		Applied Mekanistics 1.6.3 (appmek)
		Architectury 13.0.8 (architectury)
		Ars Nouveau 5.12.1 (ars_nouveau)
		Ars Énergistique 2.1.1-beta (arseng)
		Assembly Line 0.8.2 (assemblyline)
		Athena 4.0.6 (athena)
		AzureLib 3.1.10 (azurelib)
		BaguetteLib 2.0.3 (baguettelib)
		Ballistix 1.0.5 (ballistix)
		Balm 21.0.59 (balm)
		Biolith 3.0.10 (biolith)
		Blastcraft 0.6.2 (blastcraft)
		Bookshelf 21.1.81 (bookshelf)
		Carry On 2.2.5 (carryon)
		CC: Tweaked 1.120.0 (computercraft)
		ChickenChunks 2.12.0.103 (chickenchunks)
		Chisel Reborn 2.0.0+mc1.21.1 (chisel)
		Chunk Loaders 1.2.8 (chunkloaders)
		Chunky 1.4.23 (chunky)
		Cloth Config v15 API 15.0.140 (cloth_config)
		Clumps 19.0.0.1 (clumps)
		CodeChicken Lib 4.6.1.526 (codechickenlib)
		Collective 8.29 (collective)
		Comforts 9.0.5+1.21.1 (comforts)
		Common Networking 1.0.21-1.21.1 (commonnetworking)
		Common Storage Lib: Data 0.0.7 (common_storage_lib_data)
		Concurrent Chunk Management Engine 0.3.0+alpha.0.93+1.21.1 (c2me)
		Concurrent Chunk Management Engine (Base) 0.3.0+alpha.0.93+1.21.1 (c2me_base)
		Concurrent Chunk Management Engine (Client/Uncap View Distance) 0.3.0+alpha.0.93+1.21.1 (c2me_client_uncapvd)
		Concurrent Chunk Management Engine (Fixes/Chunk IO/Threading Issues) 0.3.0+alpha.0.93+1.21.1 (c2me_fixes_chunkio_threading_issues)
		Concurrent Chunk Management Engine (Fixes/General/Threading Issues) 0.3.0+alpha.0.93+1.21.1 (c2me_fixes_general_threading_issues)
		Concurrent Chunk Management Engine (Fixes/WorldGen/Threading Issues) 0.3.0+alpha.0.93+1.21.1 (c2me_fixes_worldgen_threading_issues)
		Concurrent Chunk Management Engine (Fixes/WorldGen/Vanilla Bugs) 0.3.0+alpha.0.93+1.21.1 (c2me_fixes_worldgen_vanilla_bugs)
		Concurrent Chunk Management Engine (No Tick View Distance) 0.3.0+alpha.0.93+1.21.1 (c2me_notickvd)
		Concurrent Chunk Management Engine (Optimizations/Chunk IO) 0.3.0+alpha.0.93+1.21.1 (c2me_opts_chunkio)
		Concurrent Chunk Management Engine (Optimizations/Density Function Compiler) 0.3.0+alpha.0.93+1.21.1 (c2me_opts_dfc)
		Concurrent Chunk Management Engine (Optimizations/General WorldGen) 0.3.0+alpha.0.93+1.21.1 (c2me_opts_worldgen_general)
		Concurrent Chunk Management Engine (Optimizations/Math) 0.3.0+alpha.0.93+1.21.1 (c2me_opts_math)
		Concurrent Chunk Management Engine (Optimizations/Memory Allocations) 0.3.0+alpha.0.93+1.21.1 (c2me_opts_allocs)
		Concurrent Chunk Management Engine (Optimizations/Natives Math) 0.3.0+alpha.0.93+1.21.1 (c2me_opts_natives_math)
		Concurrent Chunk Management Engine (Optimizations/Scheduling) 0.3.0+alpha.0.93+1.21.1 (c2me_opts_scheduling)
		Concurrent Chunk Management Engine (Optimizations/Vanilla WorldGen) 0.3.0+alpha.0.93+1.21.1 (c2me_opts_worldgen_vanilla)
		Concurrent Chunk Management Engine (Rewrites/Chunk IO) 0.3.0+alpha.0.93+1.21.1 (c2me_rewrites_chunkio)
		Concurrent Chunk Management Engine (Rewrites/Chunk Serializer) 0.3.0+alpha.0.93+1.21.1 (c2me_rewrites_chunk_serializer)
		Concurrent Chunk Management Engine (Rewrites/Chunk System) 0.3.0+alpha.0.93+1.21.1 (c2me_rewrites_chunk_system)
		Concurrent Chunk Management Engine (Server Utils) 0.3.0+alpha.0.93+1.21.1 (c2me_server_utils)
		Concurrent Chunk Management Engine (Threading/Lighting) 0.3.0+alpha.0.93+1.21.1 (c2me_threading_lighting)
		Configurable 3.5.1 (configurable)
		CorgiLib 5.0.0.9 (corgilib)
		CoroUtil 1.21.0-1.3.8 (coroutil)
		CraterLib 3.1.2 (craterlib)
		Create 6.0.10 (create)
		Create Aeronautics 1.3.0 (aeronautics_bundled)
		Create Aeronautics 1.3.0 (aeronautics)
		Create Big Cannons 5.11.7 (createbigcannons)
		Create Crafts & Additions 1.6.0 (createaddition)
		Create Deco 2.1.3 (createdeco)
		Create Liquid Fuel 2.1.1-1.21.1 (createliquidfuel)
		Create Offroad 1.3.0 (offroad)
		Create Simulated 1.3.0 (simulated)
		Create: Connected 1.3.2-mc1.21.1 (create_connected)
		Create: Copycats+ 3.0.4+mc.1.21.1-neoforge (copycats)
		Create: Interiors 0.6.1 (interiors)
		Cristel Lib 3.1.7 (cristellib)
		Cryonic Config 1.0.0+mc1.21.11 (cryonicconfig)
		Cucumber Library 8.0.16 (cucumber)
		Curios API 9.5.1+1.21.1 (curios)
		Databank 1.3.1 (databank)
		Diagonal Blocks 21.1.1 (diagonalblocks)
		Diagonal Fences 21.1.1 (diagonalfences)
		Dungeons and Taverns 1-v4.4.4 (mr_dungeons_andtaverns)
		Electrodynamics 1.0.9 (electrodynamics)
		ElevatorMod 1.21.1-1.11.4 (elevatorid)
		EMI 1.1.24+1.21.1+neoforge (emi)
		EMI Enchanting 0.1.2+1.21+neoforge (emi_enchanting)
		EMI Loot 0.7.9+1.21+neoforge (emi_loot)
		Emojiful 5.2.2 (emojiful)
		Enchanted 4.2.7 (enchanted)
		Enchanting Infuser 21.1.4 (enchantinginfuser)
		Enchanting Infuser: Add Treasure Enchantements 1 (mr_enchanting_infuseraddtreasureenchantements)
		Exclusions Lib 1.1.0-NEO (exclusions_lib)
		ExoConfig 0.3.0 (exoconfig)
		Explorify 1.6.5 (explorify)
		Extreme Reactors 1.21.1-2.4.9 (bigreactors)
		Ferrite Core 7.0.3 (ferritecore)
		FlashFreeze 0.4.1+1.21.1 (flashfreeze)
		Flywheel 1.0.6 (flywheel)
		Forgified Fabric API 0.115.6+2.1.0+1.21.1 (fabric_api)
		Forgified Fabric API Base 0.4.42+d1308dedd1 (fabric_api_base)
		Forgified Fabric API Lookup API (v1) 1.6.70+c21168c319 (fabric_api_lookup_api_v1)
		Forgified Fabric Biome API (v1) 13.0.31+1e62d33c19 (fabric_biome_api_v1)
		Forgified Fabric Block API (v1) 1.0.22+a6e994cd19 (fabric_block_api_v1)
		Forgified Fabric BlockRenderLayer Registration (v1) 1.1.52+b089b4bd19 (fabric_blockrenderlayer_v1)
		Forgified Fabric BlockView API (v2) 1.0.11+e9036fd419 (fabric_block_view_api_v2)
		Forgified Fabric Client Tags 1.1.15+e053909619 (fabric_client_tags_api_v1)
		Forgified Fabric Command API (v2) 2.2.28+36d727be19 (fabric_command_api_v2)
		Forgified Fabric Content Registries (v0) 8.0.18+0a0c14ff19 (fabric_content_registries_v0)
		Forgified Fabric Convention Tags 2.1.4+7f945d5b19 (fabric_convention_tags_v1)
		Forgified Fabric Convention Tags (v2) 2.11.0+87e5848019 (fabric_convention_tags_v2)
		Forgified Fabric Data Attachment API (v1) 1.4.3+58235da019 (fabric_data_attachment_api_v1)
		Forgified Fabric Data Generation API (v1) 20.2.28+2d91a6db19 (fabric_data_generation_api_v1)
		Forgified Fabric Entity Events (v1) 1.7.0+1af6e62419 (fabric_entity_events_v1)
		Forgified Fabric Events Interaction (v0) 0.7.13+7b71cc1619 (fabric_events_interaction_v0)
		Forgified Fabric Game Rule API (v1) 1.0.53+36d727be19 (fabric_game_rule_api_v1)
		Forgified Fabric Game Test API (v1) 2.0.5+29f188ce19 (fabric_gametest_api_v1)
		Forgified Fabric Item API (v1) 11.1.1+57cdfa8219 (fabric_item_api_v1)
		Forgified Fabric Item Group API (v1) 4.1.7+e324903319 (fabric_item_group_api_v1)
		Forgified Fabric Key Binding API (v1) 1.0.47+62cc7ce119 (fabric_key_binding_api_v1)
		Forgified Fabric Lifecycle Events (v1) 2.5.0+a2ee258a19 (fabric_lifecycle_events_v1)
		Forgified Fabric Loot API (v2) 3.0.15+a3ee712d19 (fabric_loot_api_v2)
		Forgified Fabric Loot API (v3) 1.0.3+333dfad919 (fabric_loot_api_v3)
		Forgified Fabric Message API (v1) 6.0.13+e053909619 (fabric_message_api_v1)
		Forgified Fabric Model Loading API (v1) 2.0.0+986ae77219 (fabric_model_loading_api_v1)
		Forgified Fabric Networking API (v1) 4.3.0+4f690eb619 (fabric_networking_api_v1)
		Forgified Fabric Object Builder API (v1) 15.2.1+cc242efd19 (fabric_object_builder_api_v1)
		Forgified Fabric Particles (v1) 4.0.2+824f924c19 (fabric_particles_v1)
		Forgified Fabric Recipe API (v1) 5.0.14+59440bcc19 (fabric_recipe_api_v1)
		Forgified Fabric Registry Sync (v0) 5.2.0+867470b919 (fabric_registry_sync_v0)
		Forgified Fabric Renderer - Indigo 1.7.0+4198af7119 (fabric_renderer_indigo)
		Forgified Fabric Renderer API (v1) 3.4.0+9c40919e19 (fabric_renderer_api_v1)
		Forgified Fabric Rendering (v1) 5.0.5+077ba95f19 (fabric_rendering_v1)
		Forgified Fabric Rendering Data Attachment (v1) 0.3.49+73761d2e19 (fabric_rendering_data_attachment_v1)
		Forgified Fabric Rendering Fluids (v1) 3.1.6+857185bc19 (fabric_rendering_fluids_v1)
		Forgified Fabric Resource Conditions API (v1) 4.3.0+5bdd099819 (fabric_resource_conditions_api_v1)
		Forgified Fabric Resource Loader (v0) 1.3.1+4ea8954419 (fabric_resource_loader_v0)
		Forgified Fabric Screen API (v1) 2.0.25+4228281319 (fabric_screen_api_v1)
		Forgified Fabric Screen Handler API (v1) 1.3.88+8dbc56dd19 (fabric_screen_handler_api_v1)
		Forgified Fabric Sound API (v1) 1.0.23+10b84f8419 (fabric_sound_api_v1)
		Forgified Fabric Transfer API (v1) 5.4.2+a25cb45619 (fabric_transfer_api_v1)
		Forgified Fabric Transitive Access Wideners (v1) 6.2.0+6c854b6f19 (fabric_transitive_access_wideners_v1)
		Friends&Foes 4.0.26 (friendsandfoes)
		FTB Library 2101.1.32 (ftblibrary)
		FTB Quests 2101.1.27 (ftbquests)
		FTB Teams 2101.1.10 (ftbteams)
		Functional Storage 1.21.1-1.5.7 (functionalstorage)
		Fzzy Config 0.7.6+1.21+neoforge (fzzy_config)
		GeckoLib 4 4.8.4 (geckolib)
		Genetics: Resequenced 1.13.1 (geneticsresequenced)
		Grand Power 3.0.2 (grandpower)
		Gravestone Curios Compatibility 4.0.2 (gravestonecurioscompat)
		Gravestone Mod 1.21.1-1.0.37 (gravestone)
		GuideME 21.1.16 (guideme)
		Handcrafted 4.0.3 (handcrafted)
		HT's TreeChop 0.19.3 (treechop)
		Immersive Engineering 12.4.2-194 (immersiveengineering)
		Industrial Foregoing 1.21-3.6.38 (industrialforegoing)
		Infiniverse 2.0.1.0 (infiniverse)
		Iron Chests 1.21-neoforge-16.0.7 (ironchest)
		Iron Furnaces 4.3.2 (ironfurnaces)
		Jade 15.10.5+neoforge (jade)
		Just Enough Effects Descriptions 1.21-2.3.2 (jeed)
		Just Enough Items 19.27.0.340 (jei)
		Just Enough Professions (JEP) 4.0.5 (justenoughprofessions)
		Just Enough Resources 1.6.0.17 (jeresources)
		Konkrete 1.9.9 (konkrete)
		Kotlin For Forge 5.11.0 (kotlinforforge)
		Krypton FNP 0.2.28.1-1.21.1 (krypton_fnp)
		Ksyxis 1.4.3 (ksyxis)
		KumaAPI 21.0.8 (kuma_api)
		LambDynamicLights (API) 4.5.1+1.21.1 (lambdynlights_api)
		Lithium 0.15.3+mc1.21.1 (lithium)
		Lithostitched 1.7.10+beta4 (lithostitched)
		Lodestone 1.8.2 (lodestone)
		Lootr 1.21.1-1.11.37.120 (lootr)
		LuckPerms 5.4.140 (luckperms)
		Macaw's Furniture 3.4.1 (mcwfurnitures)
		Malum 1.8.2 (malum)
		McJtyLib 1.21-9.0.21 (mcjtylib)
		Mekanism 10.7.19 (mekanism)
		Mekanism: Additions 10.7.19 (mekanismadditions)
		Mekanism: Generators 10.7.19 (mekanismgenerators)
		Mekanism: Tools 10.7.19 (mekanismtools)
		MekanismExtras 1.4.0 (mekanism_extras)
		Melody 1.0.10 (melody)
		Minecraft 1.21.1 (minecraft)
		Modern Dynamics 0.9.6 (moderndynamics)
		ModernFix 5.27.14+mc1.21.1 (modernfix)
		Modonomicon 1.120.1 (modonomicon)
		Modopedia 1.1.11 (modopedia)
		Modular Force Fields 0.4.2 (modularforcefields)
		Moonlight Lib 1.21.1-3.0.18 (moonlight)
		More Overlays Updated 1.24.2 (moreoverlays)
		Naturalist 1.0.2 (naturalist)
		neoessentials 1.0.2.5 (neoessentials)
		NeoForge 21.1.233 (neoforge)
		Neruina 3.3.2 (neruina)
		No Chat Reports 1.21.1-v2.9.1 (nochatreports)
		Noisium 2.3.0+mc1.21-1.21.1 (noisium)
		Nuclear Science 0.8.3 (nuclearscience)
		Nuggets 1.1.0.48 (nuggets)
		OctoLib 0.6.2 (octolib)
		Oh The Biomes We've Gone 2.6.0 (biomeswevegone)
		Oh The Trees You'll Grow 5.3.2 (ohthetreesyoullgrow)
		Olympus 1.0.18 (olympus)
		Open Parties and Claims 0.27.5 (openpartiesandclaims)
		OreExcavation 1.16.14 (oreexcavation)
		Oritech 1.2.7 (oritech)
		oωo 0.12.15.5-beta.1+1.21 (owo)
		PacketFixer 3.3.1 (packetfixer)
		Pastel 1.1.5.5 (pastel)
		Patchouli 1.21.1-93-NEOFORGE (patchouli)
		Ping Wheel 1.12.2 (pingwheel)
		Pipez 1.21.1-1.2.31 (pipez)
		PneumaticCraft: Repressurized 8.2.20 (pneumaticcraft)
		PolyLib 2100.0.3-build.160 (polylib)
		Polymorph 1.1.0+1.21.1 (polymorph)
		Polymorphic Energistics 0.4.1 (polyeng)
		Ponder 1.0.82+mc1.21.1 (ponder)
		Potentials 0.7.1 (potentials)
		Prefab 1.0.8 (prefab)
		PrickleMC 21.1.11 (prickle)
		Primal Magick 6.0.7 (primalmagick)
		Puzzles Lib 21.1.52 (puzzleslib)
		Quark 4.1-481 (quark)
		Redirected 1.0.0 (redirected)
		Resourceful Lib 3.0.12 (resourcefullib)
		Resourceful Lib Kotlin 2.0.2 (resourcefullibkt)
		Resourcefulconfig 3.0.11 (resourcefulconfig)
		RFToolsBase 1.21-6.0.11 (rftoolsbase)
		RFToolsBuilder 1.21-7.0.5 (rftoolsbuilder)
		RFToolsPower 1.21-7.0.6 (rftoolspower)
		RFToolsStorage 1.21-6.0.5 (rftoolsstorage)
		RFToolsUtility 1.21-7.0.12 (rftoolsutility)
		Ritchie's Projectile Library 2.1.2 (ritchiesprojectilelib)
		Sable 2.0.3 (sable)
		Sable Companion 1.6.0 (sablecompanion)
		Saturn 0.1.5 (saturn)
		SecurityCraft 1.10.1 (securitycraft)
		ServerCore 1.5.17+1.21.1 (servercore)
		Shrink 2.0.0.43 (shrink)
		SkinRestorer 2.8.1+1.21-neoforge (skinrestorer)
		Sky Aesthetics 2.0.13-beta (sky_aesthetics)
		SmartBrainLib 1.16.11 (smartbrainlib)
		Sophisticated Backpacks 3.25.64 (sophisticatedbackpacks)
		Sophisticated Core 1.4.59 (sophisticatedcore)
		spark 1.10.124 (spark)
		SpectreLib 0.17.2+1.21 (spectrelib)
		StateObserver 1.6.4 (stateobserver)
		Statues Mod 0.4.17 (statues)
		Stellaris 1.4.23 (stellaris)
		SuperMartijn642's Config Library 1.1.8 (supermartijn642configlib)
		SuperMartijn642's Core Lib 1.1.21 (supermartijn642corelib)
		Supplementaries 1.21.1-3.6.8 (supplementaries)
		Tectonic 3.0.22 (tectonic)
		Tempad 3.0.4 (tempad)
		TerraBlender 4.1.0.8 (terrablender)
		The Lost Castle 2.1.0 (tlc)
		Theurgy 1.73.1 (theurgy)
		Titanium 4.0.43 (titanium)
		Tom's Trading Network 0.3.4 (toms_trading_network)
		Totemic 1.21.1-0.12.18 (totemic)
		Towns and Towers 1.13.9 (t_and_t)
		Tree Harvester 9.1 (treeharvester)
		TxniLib 1.0.24 (txnilib)
		Veil 4.1.4 (veil)
		Voltaic 1.0.8 (voltaic)
		Waystones 21.1.34 (waystones)
		What Are They Up To 1.21.0-1.2.7 (watut)
		When Dungeons Arise 2.1.68 (dungeons_arise)
		Xaero's Minimap 26.1.0 (xaerominimap)
		Xaero's World Map 1.41.0 (xaeroworldmap)
		XaeroLib 1.1.15 (xaerolib)
		XNet 1.21-7.0.7 (xnet)
		YetAnotherConfigLib 3.8.2+1.21.1-neoforge (yet_another_config_lib_v3)
		YUNG's API 1.21.1-NeoForge-5.1.6 (yungsapi)
		YUNG's Better End Island 1.21.1-NeoForge-3.1.2 (betterendisland)
		YUNG's Better Jungle Temples 1.21.1-NeoForge-3.1.2 (betterjungletemples)
		YUNG's Better Mineshafts 1.21.1-NeoForge-5.1.1 (bettermineshafts)
		YUNG's Better Nether Fortresses 1.21.1-NeoForge-3.1.5 (betterfortresses)
		YUNG's Better Ocean Monuments 1.21.1-NeoForge-4.1.2 (betteroceanmonuments)
		YUNG's Better Strongholds 1.21.1-NeoForge-5.1.3 (betterstrongholds)
		Zero CORE 2 1.21.1-2.4.9 (zerocore)
		Zeta 1.1-40 (zeta)
[14Jul2026 18:26:19.105] [main/INFO] [net.neoforged.fml.loading.FMLServiceProvider/CORE]: Loading coremod script-engine for [openpartiesandclaims, xaerominimap, xaeroworldmap]
[14Jul2026 18:26:20.737] [main/INFO] [mixin/]: Compatibility level set to JAVA_21
[14Jul2026 18:26:20.904] [main/INFO] [net.fabricmc.loader.impl.bootstrap.FabricLoaderBootstrap/]: Propagating FML mod list to Fabric Loader
[14Jul2026 18:26:20.911] [main/INFO] [cpw.mods.modlauncher.LaunchServiceHandler/MODLAUNCHER]: Launching target 'forgeserver' with arguments []
[14Jul2026 18:26:20.928] [main/INFO] [com.aziz.saturn.common.Saturn/]: Loaded Saturn config file with 4 configurable options
[14Jul2026 18:26:20.934] [main/WARN] [mixin/]: Reference map 'saturn.refmap.json' for saturn.mixins.json could not be read. If this is a development environment you can ignore this message
[14Jul2026 18:26:20.969] [main/INFO] [C2ME Modules Manager/]: Initializing com.ishland.c2me.fixes.worldgen.threading_issues.mixin
[14Jul2026 18:26:20.980] [main/WARN] [mixin/]: Reference map 'openpartiesandclaims.refmap.json' for openpartiesandclaims.mixins.json could not be read. If this is a development environment you can ignore this message
[14Jul2026 18:26:20.981] [main/WARN] [mixin/]: Reference map 'openpartiesandclaims.refmap.json' for openpartiesandclaims.create.mixins.json could not be read. If this is a development environment you can ignore this message
[14Jul2026 18:26:20.981] [main/WARN] [mixin/]: Reference map 'additionalentityattributes.refmap.json' for additionalentityattributes.mixins.json could not be read. If this is a development environment you can ignore this message
[14Jul2026 18:26:20.982] [main/INFO] [C2ME Modules Manager/]: Initializing com.ishland.c2me.rewrites.chunk_serializer.mixin
[14Jul2026 18:26:20.982] [main/INFO] [C2ME Modules Manager/]: Disabling com.ishland.c2me.rewrites.chunk_serializer.mixin
[14Jul2026 18:26:20.983] [main/WARN] [mixin/]: Reference map 'prefab.refmap.json' for prefab.mixins.json could not be read. If this is a development environment you can ignore this message
[14Jul2026 18:26:20.983] [main/INFO] [C2ME Modules Manager/]: Initializing com.ishland.c2me.fixes.general.threading_issues.mixin
[14Jul2026 18:26:21.021] [main/INFO] [ModernFix/]: Loaded configuration file for ModernFix 5.27.14+mc1.21.1: 88 options available, 5 override(s) found
[14Jul2026 18:26:21.021] [main/WARN] [ModernFix/]: Option 'mixin.perf.release_protochunks' overriden (by mods [c2me]) to 'false'
[14Jul2026 18:26:21.021] [main/WARN] [ModernFix/]: Option 'mixin.bugfix.paper_chunk_patches' overriden (by mods [c2me]) to 'false'
[14Jul2026 18:26:21.021] [main/WARN] [ModernFix/]: Option 'mixin.perf.cache_strongholds' overriden (by mods [c2me]) to 'false'
[14Jul2026 18:26:21.021] [main/WARN] [ModernFix/]: Option 'mixin.perf.faster_ingredients' overriden (by mods [prefab]) to 'false'
[14Jul2026 18:26:21.021] [main/WARN] [ModernFix/]: Option 'mixin.bugfix.chunk_deadlock' overriden (by mods [c2me]) to 'false'
[14Jul2026 18:26:21.022] [main/INFO] [ModernFix/]: Applying Nashorn fix
[14Jul2026 18:26:21.024] [main/WARN] [mixin/]: Reference map 'modernfix.refmap.json' for modernfix-modernfix.mixins.json could not be read. If this is a development environment you can ignore this message
[14Jul2026 18:26:21.054] [main/INFO] [one.pkg.config.SewliaConfig/]: All configurations saved
[14Jul2026 18:26:21.055] [main/INFO] [one.pkg.config.SewliaConfig/]: Reloaded configuration: ModConfig
[14Jul2026 18:26:21.055] [main/INFO] [one.pkg.config.SewliaConfig/]: Successfully initialized configuration manager, loaded 1 configuration classes
[14Jul2026 18:26:21.057] [main/WARN] [mixin/]: Reference map '' for krypton_fnp.mixins.json could not be read. If this is a development environment you can ignore this message
[14Jul2026 18:26:21.058] [main/WARN] [mixin/]: Reference map 'yungsapi.refmap.json' for yungsapi.mixins.json could not be read. If this is a development environment you can ignore this message
[14Jul2026 18:26:21.065] [main/WARN] [mixin/]: Reference map 'balm.refmap.json' for balm.mixins.json could not be read. If this is a development environment you can ignore this message
[14Jul2026 18:26:21.066] [main/WARN] [mixin/]: Reference map 'prickle.refmap.json' for prickle.mixins.json could not be read. If this is a development environment you can ignore this message
[14Jul2026 18:26:21.066] [main/INFO] [C2ME Modules Manager/]: Initializing com.ishland.c2me.base.mixin
[14Jul2026 18:26:21.084] [main/INFO] [C2ME Config System/]: Global Executor Parallelism: 4 configured, 4 evaluated, 4 default evaluated
[14Jul2026 18:26:21.087] [main/WARN] [mixin/]: Reference map 'betterfortresses.refmap.json' for betterfortresses.mixins.json could not be read. If this is a development environment you can ignore this message
[14Jul2026 18:26:21.088] [main/WARN] [mixin/]: Reference map 'emojiful.refmap.json' for emojiful.mixins.json could not be read. If this is a development environment you can ignore this message
[14Jul2026 18:26:21.090] [main/WARN] [mixin/]: Reference map 'supermartijn642corelib.mixins.refmap.json' for supermartijn642corelib.mixins.json could not be read. If this is a development environment you can ignore this message
[14Jul2026 18:26:21.107] [main/INFO] [C2ME Modules Manager/]: Initializing com.ishland.c2me.opts.dfc.mixin
[14Jul2026 18:26:21.108] [main/INFO] [C2ME Modules Manager/]: Disabling com.ishland.c2me.opts.dfc.mixin
[14Jul2026 18:26:21.109] [main/WARN] [mixin/]: Reference map 'curios.refmap.json' for curios.neoforge.mixins.json could not be read. If this is a development environment you can ignore this message
[14Jul2026 18:26:21.109] [main/WARN] [mixin/]: Reference map 'curios.refmap.json' for curios.mixins.json could not be read. If this is a development environment you can ignore this message
[14Jul2026 18:26:21.112] [main/WARN] [mixin/]: Reference map '' for accessories-common.mixins.json could not be read. If this is a development environment you can ignore this message
[14Jul2026 18:26:21.113] [main/WARN] [mixin/]: Reference map '' for accessories-forge.mixins.json could not be read. If this is a development environment you can ignore this message
[14Jul2026 18:26:21.114] [main/WARN] [mixin/]: Reference map 'betterendisland.refmap.json' for betterendisland.mixins.json could not be read. If this is a development environment you can ignore this message
[14Jul2026 18:26:21.114] [main/WARN] [mixin/]: Reference map 'bettermineshafts.refmap.json' for bettermineshafts.mixins.json could not be read. If this is a development environment you can ignore this message
[14Jul2026 18:26:21.115] [main/WARN] [mixin/]: Reference map 'betterjungletemples.refmap.json' for betterjungletemples.mixins.json could not be read. If this is a development environment you can ignore this message
[14Jul2026 18:26:21.116] [main/INFO] [C2ME Modules Manager/]: Initializing com.ishland.c2me.threading.lighting.mixin
[14Jul2026 18:26:21.127] [main/INFO] [LithiumConfig/]: Option 'mixin.experimental.entity.block_caching.suffocation' requires 'mixin.util.block_tracking=true' but found 'false'. Setting 'mixin.experimental.entity.block_caching.suffocation=false'.
[14Jul2026 18:26:21.128] [main/INFO] [LithiumConfig/]: Option 'mixin.experimental.entity.block_caching.block_support' requires 'mixin.util.block_tracking=true' but found 'false'. Setting 'mixin.experimental.entity.block_caching.block_support=false'.
[14Jul2026 18:26:21.128] [main/INFO] [LithiumConfig/]: Option 'mixin.experimental.entity.block_caching.block_touching' requires 'mixin.util.block_tracking=true' but found 'false'. Setting 'mixin.experimental.entity.block_caching.block_touching=false'.
[14Jul2026 18:26:21.128] [main/INFO] [LithiumConfig/]: Option 'mixin.experimental.entity.block_caching' requires 'mixin.util.block_tracking=true' but found 'false'. Setting 'mixin.experimental.entity.block_caching=false'.
[14Jul2026 18:26:21.128] [main/INFO] [Lithium/]: Loaded configuration file for Lithium: 148 options available, 4 override(s) found
[14Jul2026 18:26:21.131] [main/WARN] [mixin/]: Reference map 'aeronautics.refmap.json' for aeronautics.mixins.json could not be read. If this is a development environment you can ignore this message
[14Jul2026 18:26:21.133] [main/WARN] [mixin/]: Reference map 'mixins.pneumaticcraft.refmap.json' for mixins.pneumaticcraft.json could not be read. If this is a development environment you can ignore this message
[14Jul2026 18:26:21.134] [main/INFO] [C2ME Modules Manager/]: Initializing com.ishland.c2me.rewrites.chunksystem.mixin
[14Jul2026 18:26:21.135] [main/WARN] [mixin/]: Reference map 'electrodynamics.refmap.json' for electrodynamics.mixins.json could not be read. If this is a development environment you can ignore this message
[14Jul2026 18:26:21.136] [main/INFO] [C2ME Modules Manager/]: Initializing com.ishland.c2me.opts.worldgen.vanilla.mixin
[14Jul2026 18:26:21.137] [main/INFO] [C2ME Modules Manager/]: Initializing com.ishland.c2me.opts.scheduling.mixin
[14Jul2026 18:26:21.138] [main/WARN] [mixin/]: Reference map 'flashfreeze.refmap.json' for flashfreeze.mixins.json could not be read. If this is a development environment you can ignore this message
[14Jul2026 18:26:21.139] [main/WARN] [mixin/]: Reference map 'offroad.refmap.json' for offroad.mixins.json could not be read. If this is a development environment you can ignore this message
[14Jul2026 18:26:21.141] [main/WARN] [mixin/]: Reference map 'terrablender.refmap.json' for terrablender.mixins.json could not be read. If this is a development environment you can ignore this message
[14Jul2026 18:26:21.141] [main/WARN] [mixin/]: Reference map 'terrablender.refmap.json' for terrablender_neoforge.mixins.json could not be read. If this is a development environment you can ignore this message
[14Jul2026 18:26:21.142] [main/WARN] [mixin/]: Reference map 'nochatreports.refmap.json' for mixins/common/nochatreports.mixins.json could not be read. If this is a development environment you can ignore this message
[14Jul2026 18:26:21.157] [main/WARN] [mixin/]: Reference map 'ponder.refmap.json' for ponder-common.mixins.json could not be read. If this is a development environment you can ignore this message
[14Jul2026 18:26:21.157] [main/WARN] [mixin/]: Reference map 'xaerominimap.refmap.json' for xaerohud.mixins.json could not be read. If this is a development environment you can ignore this message
[14Jul2026 18:26:21.158] [main/WARN] [mixin/]: Reference map 'xaerominimap.refmap.json' for xaerominimap.mixins.json could not be read. If this is a development environment you can ignore this message
[14Jul2026 18:26:21.158] [main/WARN] [mixin/]: Reference map 'polymorph.refmap.json' for polymorph.mixins.json could not be read. If this is a development environment you can ignore this message
[14Jul2026 18:26:21.159] [main/WARN] [mixin/]: Reference map 'polymorph.refmap.json' for polymorph-compatibility.mixins.json could not be read. If this is a development environment you can ignore this message
[14Jul2026 18:26:21.160] [main/WARN] [mixin/]: Reference map 'securitycraft.refmap.json' for securitycraft.mixins.json could not be read. If this is a development environment you can ignore this message
[14Jul2026 18:26:21.160] [main/INFO] [C2ME Modules Manager/]: Initializing com.ishland.c2me.notickvd.mixin
[14Jul2026 18:26:21.168] [main/WARN] [mixin/]: Reference map 'zeta.mixins.refmap.json' for zeta.mixins.json could not be read. If this is a development environment you can ignore this message
[14Jul2026 18:26:21.169] [main/WARN] [mixin/]: Reference map 'zeta.mixins.refmap.json' for zeta_forge.mixins.json could not be read. If this is a development environment you can ignore this message
[14Jul2026 18:26:21.173] [main/WARN] [mixin/]: Reference map 'treechop.mixins.refmap.json' for treechop.mixins.json could not be read. If this is a development environment you can ignore this message
[14Jul2026 18:26:21.173] [main/WARN] [mixin/]: Reference map 'kuma_api.refmap.json' for kuma_api.mixins.json could not be read. If this is a development environment you can ignore this message
[14Jul2026 18:26:21.174] [main/WARN] [mixin/]: Reference map 'geckolib.refmap.json' for geckolib.mixins.json could not be read. If this is a development environment you can ignore this message
[14Jul2026 18:26:21.175] [main/WARN] [mixin/]: Reference map 'ars_nouveau.refmap.json' for ars_nouveau.mixins.json could not be read. If this is a development environment you can ignore this message
[14Jul2026 18:26:21.176] [main/WARN] [mixin/]: Reference map 'naturalist.refmap.json' for naturalist.mixins.json could not be read. If this is a development environment you can ignore this message
[14Jul2026 18:26:21.176] [main/WARN] [mixin/]: Reference map 'betteroceanmonuments.refmap.json' for betteroceanmonuments.mixins.json could not be read. If this is a development environment you can ignore this message
[14Jul2026 18:26:21.176] [main/INFO] [C2ME Modules Manager/]: Initializing com.ishland.c2me.opts.natives_math.mixin
[14Jul2026 18:26:21.177] [main/INFO] [C2ME Modules Manager/]: Disabling com.ishland.c2me.opts.natives_math.mixin
[14Jul2026 18:26:21.178] [main/WARN] [mixin/]: Reference map 'xaeroworldmap.refmap.json' for xaeroworldmap.mixins.json could not be read. If this is a development environment you can ignore this message
[14Jul2026 18:26:21.179] [main/WARN] [mixin/]: Reference map 'primalmagick.refmap.json' for primalmagick.mixins.json could not be read. If this is a development environment you can ignore this message
[14Jul2026 18:26:21.180] [main/WARN] [mixin/]: Reference map 'bookshelf.refmap.json' for bookshelf.mixins.json could not be read. If this is a development environment you can ignore this message
[14Jul2026 18:26:21.180] [main/INFO] [C2ME Modules Manager/]: Initializing com.ishland.c2me.opts.math.mixin
[14Jul2026 18:26:21.181] [main/WARN] [mixin/]: Reference map 'simulated.refmap.json' for simulated.mixins.json could not be read. If this is a development environment you can ignore this message
[14Jul2026 18:26:21.182] [main/WARN] [mixin/]: Reference map 'nuggets.refmap.json' for nuggets.mixins.json could not be read. If this is a development environment you can ignore this message
[14Jul2026 18:26:21.183] [main/WARN] [mixin/]: Reference map 'carryon.refmap.json' for carryon.mixins.json could not be read. If this is a development environment you can ignore this message
[14Jul2026 18:26:21.184] [main/WARN] [mixin/]: Reference map 'melody.refmap.json' for melody.mixins.json could not be read. If this is a development environment you can ignore this message
[14Jul2026 18:26:21.184] [main/WARN] [mixin/]: Reference map 'melody.refmap.json' for melody.neoforge.mixins.json could not be read. If this is a development environment you can ignore this message
[14Jul2026 18:26:21.184] [main/INFO] [C2ME Modules Manager/]: Initializing com.ishland.c2me.fixes.worldgen.vanilla_bugs.mixin
[14Jul2026 18:26:21.186] [main/WARN] [mixin/]: Reference map 'konkrete.refmap.json' for konkrete.mixins.json could not be read. If this is a development environment you can ignore this message
[14Jul2026 18:26:21.186] [main/WARN] [mixin/]: Reference map 'konkrete.refmap.json' for konkrete.neoforge.mixins.json could not be read. If this is a development environment you can ignore this message
[14Jul2026 18:26:21.188] [main/WARN] [mixin/]: Reference map 'create_connected.refmap.json' for create_connected.mixins.json could not be read. If this is a development environment you can ignore this message
[14Jul2026 18:26:21.188] [main/INFO] [C2ME Modules Manager/]: Initializing com.ishland.c2me.fixes.chunkio.threading_issues.mixin
[14Jul2026 18:26:21.189] [main/INFO] [C2ME Modules Manager/]: Initializing com.ishland.c2me.client.uncapvd.mixin
[14Jul2026 18:26:21.191] [main/WARN] [mixin/]: Reference map 'patchouli.refmap.json' for patchouli_xplat.mixins.json could not be read. If this is a development environment you can ignore this message
[14Jul2026 18:26:21.191] [main/WARN] [mixin/]: Reference map 'betterstrongholds.refmap.json' for betterstrongholds.mixins.json could not be read. If this is a development environment you can ignore this message
[14Jul2026 18:26:21.192] [main/WARN] [mixin/]: Reference map 'CreateLiquidFuel.refmap.json' for createliquidfuel.mixins.json could not be read. If this is a development environment you can ignore this message
[14Jul2026 18:26:21.193] [main/WARN] [mixin/]: Reference map 'oritech.refmap.json' for oritech.mixins.json could not be read. If this is a development environment you can ignore this message
[14Jul2026 18:26:21.195] [main/WARN] [mixin/]: Reference map 'enchanted.refmap.json' for enchanted.neoforge.mixins.json could not be read. If this is a development environment you can ignore this message
[14Jul2026 18:26:21.195] [main/WARN] [mixin/]: Reference map 'enchanted.refmap.json' for enchanted.mixins.json could not be read. If this is a development environment you can ignore this message
[14Jul2026 18:26:21.195] [main/INFO] [C2ME Modules Manager/]: Initializing com.ishland.c2me.rewrites.chunkio.mixin
[14Jul2026 18:26:21.196] [main/WARN] [mixin/]: Reference map 'stateobserver.refmap.json' for stateobserver.neoforge.mixins.json could not be read. If this is a development environment you can ignore this message
[14Jul2026 18:26:21.196] [main/WARN] [mixin/]: Reference map 'stateobserver.refmap.json' for stateobserver.mixins.json could not be read. If this is a development environment you can ignore this message
[14Jul2026 18:26:21.197] [main/INFO] [C2ME Modules Manager/]: Initializing com.ishland.c2me.opts.allocs.mixin
[14Jul2026 18:26:21.199] [main/WARN] [mixin/]: Reference map 'cucumber.refmap.json' for cucumber.mixins.json could not be read. If this is a development environment you can ignore this message
[14Jul2026 18:26:21.202] [main/WARN] [mixin/]: Reference map 'xaerolib.refmap.json' for xaerolib.mixins.json could not be read. If this is a development environment you can ignore this message
[14Jul2026 18:26:21.202] [main/WARN] [mixin/]: Reference map 'Ping-Wheel-refmap.json' for pingwheel.mixins.json could not be read. If this is a development environment you can ignore this message
[14Jul2026 18:26:21.204] [main/INFO] [dev.ryanhcode.sable.mixin.AbstractSableMixinPlugin/]: Using Vanilla renderer mixins
[14Jul2026 18:26:21.205] [main/INFO] [dev.ryanhcode.sable.mixin.AbstractSableMixinPlugin/]: Using Vanilla renderer mixins
[14Jul2026 18:26:21.205] [main/WARN] [mixin/]: Reference map 'waystones.refmap.json' for waystones.mixins.json could not be read. If this is a development environment you can ignore this message
[14Jul2026 18:26:21.206] [main/WARN] [mixin/]: Reference map 'clumps.refmap.json' for clumps.mixins.json could not be read. If this is a development environment you can ignore this message
[14Jul2026 18:26:21.206] [main/WARN] [mixin/]: Reference map 'comforts.refmap.json' for comforts.mixins.json could not be read. If this is a development environment you can ignore this message
[14Jul2026 18:26:21.206] [main/WARN] [mixin/]: Reference map 'modopedia.refmap.json' for modopedia.neoforge.mixins.json could not be read. If this is a development environment you can ignore this message
[14Jul2026 18:26:21.206] [main/WARN] [mixin/]: Reference map 'modopedia.refmap.json' for modopedia.mixins.json could not be read. If this is a development environment you can ignore this message
[14Jul2026 18:26:21.208] [main/WARN] [mixin/]: Reference map 'friendsandfoes.refmap.json' for friendsandfoes-neoforge.mixins.json could not be read. If this is a development environment you can ignore this message
[14Jul2026 18:26:21.208] [main/WARN] [mixin/]: Reference map 'friendsandfoes.refmap.json' for friendsandfoes-common.mixins.json could not be read. If this is a development environment you can ignore this message
[14Jul2026 18:26:21.211] [main/INFO] [C2ME Modules Manager/]: Initializing com.ishland.c2me.server.utils.mixin
[14Jul2026 18:26:21.212] [main/WARN] [mixin/]: Reference map 'quark.mixins.refmap.json' for quark.mixins.json could not be read. If this is a development environment you can ignore this message
[14Jul2026 18:26:21.213] [main/INFO] [C2ME Modules Manager/]: Initializing com.ishland.c2me.opts.worldgen.general.mixin
[14Jul2026 18:26:21.214] [main/INFO] [C2ME Modules Manager/]: Initializing com.ishland.c2me.opts.chunkio.mixin
[14Jul2026 18:26:21.215] [main/WARN] [mixin/]: Reference map 'watut.refmap.json' for watut.mixins.json could not be read. If this is a development environment you can ignore this message
[14Jul2026 18:26:21.221] [main/WARN] [mixin/]: Reference map '${refmap_target}refmap.json' for ferritecore.predicates.mixin.json could not be read. If this is a development environment you can ignore this message
[14Jul2026 18:26:21.221] [main/WARN] [mixin/]: Reference map '${refmap_target}refmap.json' for ferritecore.fastmap.mixin.json could not be read. If this is a development environment you can ignore this message
[14Jul2026 18:26:21.222] [main/WARN] [mixin/]: Reference map '${refmap_target}refmap.json' for ferritecore.mrl.mixin.json could not be read. If this is a development environment you can ignore this message
[14Jul2026 18:26:21.222] [main/WARN] [mixin/]: Reference map '${refmap_target}refmap.json' for ferritecore.dedupmultipart.mixin.json could not be read. If this is a development environment you can ignore this message
[14Jul2026 18:26:21.222] [main/WARN] [mixin/]: Reference map '${refmap_target}refmap.json' for ferritecore.blockstatecache.mixin.json could not be read. If this is a development environment you can ignore this message
[14Jul2026 18:26:21.223] [main/WARN] [mixin/]: Reference map '${refmap_target}refmap.json' for ferritecore.dedupbakedquad.mixin.json could not be read. If this is a development environment you can ignore this message
[14Jul2026 18:26:21.223] [main/WARN] [mixin/]: Reference map '${refmap_target}refmap.json' for ferritecore.threaddetec.mixin.json could not be read. If this is a development environment you can ignore this message
[14Jul2026 18:26:21.223] [main/WARN] [mixin/]: Reference map '${refmap_target}refmap.json' for ferritecore.modelsides.mixin.json could not be read. If this is a development environment you can ignore this message
[14Jul2026 18:26:21.224] [main/WARN] [mixin/]: Reference map '${refmap_target}refmap.json' for ferritecore.datacomponents.mixin.json could not be read. If this is a development environment you can ignore this message
[14Jul2026 18:26:21.224] [main/WARN] [mixin/]: Reference map '${refmap_target}refmap.json' for ferritecore.accessors.mixin.json could not be read. If this is a development environment you can ignore this message
[14Jul2026 18:26:21.224] [main/WARN] [mixin/]: Reference map 'yet_another_config_lib_v3.refmap.json' for yacl.mixins.json could not be read. If this is a development environment you can ignore this message
[14Jul2026 18:26:21.225] [main/WARN] [mixin/]: Reference map 'lodestone.refmap.json' for lodestone.mixins.json could not be read. If this is a development environment you can ignore this message
[14Jul2026 18:26:21.225] [main/WARN] [mixin/]: Reference map 'malum.refmap.json' for malum.mixins.json could not be read. If this is a development environment you can ignore this message
[14Jul2026 18:26:21.232] [main/INFO] [dev.tonimatas.packetfixer.mixins.v1_20_5_neoforge.MixinPlugin/]: Packet Fixer neoforge 1.20.5-1.21.X has been applied successfully.
[14Jul2026 18:26:21.233] [main/WARN] [mixin/]: Reference map 'skinrestorer.refmap.json' for skinrestorer.mixins.json could not be read. If this is a development environment you can ignore this message
[14Jul2026 18:26:21.236] [main/WARN] [mixin/]: Reference map 'quark.mixins.refmap.json' for quark_integrations.mixins.json could not be read. If this is a development environment you can ignore this message
[14Jul2026 18:26:21.511] [main/INFO] [KryptonFNP MixinBootstrap/]: Mixin one.pkg.kfnp.mixin.network.experimental.RconClientMixin disabled
[14Jul2026 18:26:21.511] [main/INFO] [KryptonFNP MixinBootstrap/]: Mixin one.pkg.kfnp.mixin.network.microopt.ServerEntityMixin enabled
[14Jul2026 18:26:21.511] [main/INFO] [KryptonFNP MixinBootstrap/]: Mixin one.pkg.kfnp.mixin.network.microopt.Utf8StringMixin enabled
[14Jul2026 18:26:21.511] [main/INFO] [KryptonFNP MixinBootstrap/]: Mixin one.pkg.kfnp.mixin.network.microopt.VarIntMixin enabled
[14Jul2026 18:26:21.511] [main/INFO] [KryptonFNP MixinBootstrap/]: Mixin one.pkg.kfnp.mixin.network.microopt.VarLongMixin enabled
[14Jul2026 18:26:21.511] [main/INFO] [KryptonFNP MixinBootstrap/]: Mixin one.pkg.kfnp.mixin.network.pipeline.LegacyQueryHandlerMixin enabled
[14Jul2026 18:26:21.512] [main/INFO] [KryptonFNP MixinBootstrap/]: Mixin one.pkg.kfnp.mixin.network.pipeline.Varint21FrameDecoderMixin enabled
[14Jul2026 18:26:21.512] [main/INFO] [KryptonFNP MixinBootstrap/]: Mixin one.pkg.kfnp.mixin.network.pipeline.compression.ConnectionMixin enabled
[14Jul2026 18:26:21.512] [main/INFO] [KryptonFNP MixinBootstrap/]: Mixin one.pkg.kfnp.mixin.network.pipeline.encryption.ConnectionMixin enabled
[14Jul2026 18:26:21.512] [main/INFO] [KryptonFNP MixinBootstrap/]: Mixin one.pkg.kfnp.mixin.network.pipeline.encryption.ServerLoginPacketListenerImplMixin enabled
[14Jul2026 18:26:21.512] [main/INFO] [KryptonFNP MixinBootstrap/]: Mixin one.pkg.kfnp.mixin.network.pipeline.prepender.ConnectionMixin enabled
[14Jul2026 18:26:21.512] [main/INFO] [KryptonFNP MixinBootstrap/]: Mixin one.pkg.kfnp.mixin.network.thread.ServerLoginPacketListenerImplMixin enabled
[14Jul2026 18:26:21.640] [main/WARN] [mixin/]: Error loading class: xfacthd/framedblocks/common/blockentity/doubled/slab/FramedAdjustableDoubleBlockEntity (java.lang.ClassNotFoundException: xfacthd.framedblocks.common.blockentity.doubled.slab.FramedAdjustableDoubleBlockEntity)
[14Jul2026 18:26:21.640] [main/WARN] [mixin/]: @Mixin target xfacthd.framedblocks.common.blockentity.doubled.slab.FramedAdjustableDoubleBlockEntity was not found createbigcannons.mixins.json:compat.framedblocks.FramedAdjustableDoubleBlockEntityAccessor from mod createbigcannons
[14Jul2026 18:26:21.642] [main/WARN] [mixin/]: Error loading class: ca/spottedleaf/starlight/common/thread/SchedulingUtil (java.lang.ClassNotFoundException: ca.spottedleaf.starlight.common.thread.SchedulingUtil)
[14Jul2026 18:26:21.665] [main/INFO] [Lithium/]: Force-disabling mixin 'entity.collisions.unpushable_cramming.EntityMixin' as rule 'mixin.entity.collisions.unpushable_cramming' (added by mods [sable]) disables it and children
[14Jul2026 18:26:21.665] [main/INFO] [Lithium/]: Force-disabling mixin 'entity.collisions.unpushable_cramming.EntitySectionMixin' as rule 'mixin.entity.collisions.unpushable_cramming' (added by mods [sable]) disables it and children
[14Jul2026 18:26:21.665] [main/INFO] [Lithium/]: Force-disabling mixin 'entity.collisions.unpushable_cramming.EntitySelectorMixin' as rule 'mixin.entity.collisions.unpushable_cramming' (added by mods [sable]) disables it and children
[14Jul2026 18:26:21.665] [main/INFO] [Lithium/]: Force-disabling mixin 'entity.collisions.unpushable_cramming.LivingEntityMixin' as rule 'mixin.entity.collisions.unpushable_cramming' (added by mods [sable]) disables it and children
[14Jul2026 18:26:21.672] [main/INFO] [Lithium/]: Force-disabling mixin 'world.chunk_access.ChunkHolderMixin' as rule 'mixin.world.chunk_access' (added by mods [sable]) disables it and children
[14Jul2026 18:26:21.672] [main/INFO] [Lithium/]: Force-disabling mixin 'world.chunk_access.GenerationChunkHolderAccessor' as rule 'mixin.world.chunk_access' (added by mods [sable]) disables it and children
[14Jul2026 18:26:21.672] [main/INFO] [Lithium/]: Force-disabling mixin 'world.chunk_access.LevelMixin' as rule 'mixin.world.chunk_access' (added by mods [sable]) disables it and children
[14Jul2026 18:26:21.672] [main/INFO] [Lithium/]: Force-disabling mixin 'world.chunk_access.ServerChunkCacheMixin' as rule 'mixin.world.chunk_access' (added by mods [sable]) disables it and children
[14Jul2026 18:26:21.672] [main/INFO] [Lithium/]: Force-disabling mixin 'world.chunk_ticking.spread_ice.BiomeMixin' as rule 'mixin.world.chunk_ticking' (added by mods [sable]) disables it and children
[14Jul2026 18:26:21.673] [main/INFO] [Lithium/]: Force-disabling mixin 'world.tick_scheduler.LevelChunkTicksMixin' as rule 'mixin.world.tick_scheduler' (added by mods [sable]) disables it and children
[14Jul2026 18:26:21.729] [main/WARN] [mixin/]: Error loading class: com/jerry/mekaf/common/content/blocktype/AdvancedFactory (java.lang.ClassNotFoundException: com.jerry.mekaf.common.content.blocktype.AdvancedFactory)
[14Jul2026 18:26:21.729] [main/WARN] [mixin/]: @Mixin target com.jerry.mekaf.common.content.blocktype.AdvancedFactory was not found mekextra.mixins.json:integration.mekaf.MixinAdvancedFactory from mod mekanism_extras
[14Jul2026 18:26:21.729] [main/WARN] [mixin/]: Error loading class: com/jerry/mekmm/common/content/blocktype/MoreMachineFactory (java.lang.ClassNotFoundException: com.jerry.mekmm.common.content.blocktype.MoreMachineFactory)
[14Jul2026 18:26:21.729] [main/WARN] [mixin/]: @Mixin target com.jerry.mekmm.common.content.blocktype.MoreMachineFactory was not found mekextra.mixins.json:integration.mekmm.MixinMoreMachineFactory from mod mekanism_extras
[14Jul2026 18:26:21.741] [main/INFO] [C2ME Config System/]: Disabling config vanillaWorldGenOptimizations.useEndBiomeCache: Incompatible with biolith@3.0.10 (*) (defined in c2me)
[14Jul2026 18:26:21.762] [main/INFO] [AllTheLeaks/]: Class dev.uncandango.alltheleaks.leaks.common.mods.supplementaries.UntrackedIssue002 will be loaded as it matches versions: 1.21.1-3.6.8 in [1.21-3.5.0,)
[14Jul2026 18:26:21.762] [main/INFO] [AllTheLeaks/]: Class dev.uncandango.alltheleaks.leaks.common.mods.supplementaries.UntrackedIssue001 will be loaded as it matches versions: 1.21.1-3.6.8 in [1.21-3.1.8,)
[14Jul2026 18:26:21.762] [main/INFO] [AllTheLeaks/]: Class dev.uncandango.alltheleaks.leaks.common.mods.octolib.UntrackedIssue001 will be loaded as it matches versions: 0.6.2 in [0.5.0.1,)
[14Jul2026 18:26:21.762] [main/INFO] [AllTheLeaks/]: Mixins added to allowed list: [main.OctoRenderManagerMixin]
[14Jul2026 18:26:21.763] [main/INFO] [AllTheLeaks/]: Class dev.uncandango.alltheleaks.leaks.common.mods.neoforge.Issue1487 will be loaded as it matches versions: 21.1.233 in [21.,)
[14Jul2026 18:26:21.763] [main/INFO] [AllTheLeaks/]: Mixins added to allowed list: [main.ServerPlayerMixin, main.PlayerListMixin, main.accessor.PlayerAdvancementsAccessor]
[14Jul2026 18:26:21.763] [main/INFO] [AllTheLeaks/]: Class dev.uncandango.alltheleaks.leaks.common.mods.neoforge.Issue1486 will be loaded as it matches versions: 21.1.233 in [21.,)
[14Jul2026 18:26:21.763] [main/INFO] [AllTheLeaks/]: Class dev.uncandango.alltheleaks.leaks.common.mods.minecraft.UntrackedIssue003 will be loaded as it matches versions: 1.21.1 in [1.21.1,1.21.1]
[14Jul2026 18:26:21.763] [main/INFO] [AllTheLeaks/]: Mixins added to allowed list: [main.DebugSampleSubscriptionTrackerMixin]
[14Jul2026 18:26:21.763] [main/INFO] [AllTheLeaks/]: Class dev.uncandango.alltheleaks.leaks.common.mods.minecraft.UntrackedIssue002 will be loaded as it matches versions: 1.21.1 in 1.21.1
[14Jul2026 18:26:21.763] [main/INFO] [AllTheLeaks/]: Class dev.uncandango.alltheleaks.leaks.common.mods.minecraft.UntrackedIssue001 will be loaded as it matches versions: 1.21.1 in 1.21.1
[14Jul2026 18:26:21.763] [main/INFO] [AllTheLeaks/]: Mixins added to allowed list: [main.EntityTickListMixin]
[14Jul2026 18:26:21.763] [main/INFO] [AllTheLeaks/]: Class dev.uncandango.alltheleaks.leaks.common.mods.industrialforegoing.UntrackedIssue001 will be loaded as it matches versions: 1.21-3.6.38 in [1.21-3.6.33,)
[14Jul2026 18:26:21.763] [main/INFO] [AllTheLeaks/]: Class dev.uncandango.alltheleaks.leaks.common.mods.geckolib.UntrackedIssue001 will be loaded as it matches versions: 4.8.4 in *
[14Jul2026 18:26:21.763] [main/INFO] [AllTheLeaks/]: Mixins added to allowed list: [main.SingletonGeoAnimatableMixin]
[14Jul2026 18:26:21.763] [main/INFO] [AllTheLeaks/]: Class dev.uncandango.alltheleaks.leaks.common.mods.curios.Issue22 will be loaded as it matches versions: 9.5.1+1.21.1 in [9.0.6,)
[14Jul2026 18:26:21.763] [main/INFO] [AllTheLeaks/]: Mixins added to allowed list: [main.CuriosEventHandlerMixin]
[14Jul2026 18:26:21.763] [main/INFO] [AllTheLeaks/]: Class dev.uncandango.alltheleaks.leaks.common.mods.additionalentityattributes.UntrackedIssue001 will be loaded as it matches versions: 2.0.0+1.21.1 in [2.0.0+1.21.1,)
[14Jul2026 18:26:21.763] [main/INFO] [AllTheLeaks/]: Mixins added to allowed list: [main.ATLBlockMixin]
[14Jul2026 18:26:21.767] [main/INFO] [AllTheLeaks/]: Class dev.uncandango.alltheleaks.feature.common.mods.minecraft.SaveWithLoadedChunks will be loaded as it matches versions: 1.21.1 in 1.21.1
[14Jul2026 18:26:21.767] [main/INFO] [AllTheLeaks/]: Class dev.uncandango.alltheleaks.feature.common.mods.minecraft.MemoryMonitor will be loaded as it matches versions: 1.21.1 in 1.21.1
[14Jul2026 18:26:21.767] [main/INFO] [AllTheLeaks/]: Mixins added to allowed list: [main.PlayerMixin, main.ChunkAccessMixin, main.LevelMixin, main.MinecraftServerMixin]
[14Jul2026 18:26:21.767] [main/INFO] [AllTheLeaks/]: Class dev.uncandango.alltheleaks.diag.common.mods.minecraft.LogSavedData will be loaded as it matches versions: 21.1.233 in [21.1,)
[14Jul2026 18:26:21.767] [main/INFO] [AllTheLeaks/]: Mixins added to allowed list: [main.SavedDataMixin]
[14Jul2026 18:26:21.773] [main/WARN] [mixin/]: Error loading class: it/hurts/octostudios/octolib/modules/particles/OctoRenderManager (java.lang.ClassNotFoundException: it.hurts.octostudios.octolib.modules.particles.OctoRenderManager)
[14Jul2026 18:26:21.773] [main/WARN] [mixin/]: @Mixin target it.hurts.octostudios.octolib.modules.particles.OctoRenderManager was not found alltheleaks.mixins.json:main.OctoRenderManagerMixin from mod alltheleaks
[14Jul2026 18:26:21.868] [main/WARN] [mixin/]: Error loading class: me/jellysquid/mods/lithium/common/ai/pathing/PathNodeDefaults (java.lang.ClassNotFoundException: me.jellysquid.mods.lithium.common.ai.pathing.PathNodeDefaults)
[14Jul2026 18:26:21.875] [main/WARN] [mixin/]: Error loading class: net/minecraft/client/OptionInstance (java.lang.ClassNotFoundException: net.minecraft.client.OptionInstance)
[14Jul2026 18:26:21.875] [main/WARN] [mixin/]: @Mixin target net.minecraft.client.OptionInstance was not found c2me-client-uncapvd.mixins.json:ISimpleOption from mod c2me_client_uncapvd
[14Jul2026 18:26:21.876] [main/ERROR] [net.neoforged.fml.common.asm.RuntimeDistCleaner/DISTXFORM]: Attempted to load class net/minecraft/client/Options for invalid dist DEDICATED_SERVER
[14Jul2026 18:26:21.876] [main/WARN] [mixin/]: Error loading class: net/minecraft/client/Options (java.lang.RuntimeException: Attempted to load class net/minecraft/client/Options for invalid dist DEDICATED_SERVER)
[14Jul2026 18:26:21.876] [main/WARN] [mixin/]: @Mixin target net.minecraft.client.Options was not found c2me-client-uncapvd.mixins.json:MixinGameOptions from mod c2me_client_uncapvd
[14Jul2026 18:26:21.877] [main/WARN] [mixin/]: Error loading class: me/jellysquid/mods/sodium/client/gui/SodiumGameOptionPages (java.lang.ClassNotFoundException: me.jellysquid.mods.sodium.client.gui.SodiumGameOptionPages)
[14Jul2026 18:26:21.878] [main/WARN] [mixin/]: Error loading class: net/caffeinemc/sodium/config/user/UserConfigCategories (java.lang.ClassNotFoundException: net.caffeinemc.sodium.config.user.UserConfigCategories)
[14Jul2026 18:26:21.878] [main/WARN] [mixin/]: Error loading class: net/caffeinemc/mods/sodium/client/gui/SodiumGameOptionPages (java.lang.ClassNotFoundException: net.caffeinemc.mods.sodium.client.gui.SodiumGameOptionPages)
[14Jul2026 18:26:21.879] [main/WARN] [mixin/]: Error loading class: net/vulkanmod/config/option/Options (java.lang.ClassNotFoundException: net.vulkanmod.config.option.Options)
[14Jul2026 18:26:21.892] [main/WARN] [mixin/]: Error loading class: vectorwing/farmersdelight/common/block/StandingCanvasSignBlock (java.lang.ClassNotFoundException: vectorwing.farmersdelight.common.block.StandingCanvasSignBlock)
[14Jul2026 18:26:21.893] [main/WARN] [mixin/]: Error loading class: vectorwing/farmersdelight/common/block/WallCanvasSignBlock (java.lang.ClassNotFoundException: vectorwing.farmersdelight.common.block.WallCanvasSignBlock)
[14Jul2026 18:26:21.907] [main/WARN] [mixin/]: Error loading class: me/jellysquid/mods/lithium/common/ai/pathing/PathNodeDefaults (java.lang.ClassNotFoundException: me.jellysquid.mods.lithium.common.ai.pathing.PathNodeDefaults)
[14Jul2026 18:26:21.932] [main/ERROR] [net.neoforged.fml.common.asm.RuntimeDistCleaner/DISTXFORM]: Attempted to load class net/minecraft/client/multiplayer/ClientLevel for invalid dist DEDICATED_SERVER
[14Jul2026 18:26:21.932] [main/WARN] [mixin/]: Error loading class: net/minecraft/client/multiplayer/ClientLevel (java.lang.RuntimeException: Attempted to load class net/minecraft/client/multiplayer/ClientLevel for invalid dist DEDICATED_SERVER)
[14Jul2026 18:26:21.935] [main/ERROR] [net.neoforged.fml.common.asm.RuntimeDistCleaner/DISTXFORM]: Attempted to load class net/minecraft/client/multiplayer/ClientLevel for invalid dist DEDICATED_SERVER
[14Jul2026 18:26:21.935] [main/WARN] [mixin/]: Error loading class: net/minecraft/client/multiplayer/ClientLevel (java.lang.RuntimeException: Attempted to load class net/minecraft/client/multiplayer/ClientLevel for invalid dist DEDICATED_SERVER)
[14Jul2026 18:26:21.936] [main/ERROR] [net.neoforged.fml.common.asm.RuntimeDistCleaner/DISTXFORM]: Attempted to load class net/minecraft/client/multiplayer/ClientLevel for invalid dist DEDICATED_SERVER
[14Jul2026 18:26:21.936] [main/WARN] [mixin/]: Error loading class: net/minecraft/client/multiplayer/ClientLevel (java.lang.RuntimeException: Attempted to load class net/minecraft/client/multiplayer/ClientLevel for invalid dist DEDICATED_SERVER)
[14Jul2026 18:26:22.183] [main/WARN] [mixin/]: Error loading class: it/hurts/octostudios/octolib/modules/particles/OctoRenderManager (java.lang.ClassNotFoundException: it.hurts.octostudios.octolib.modules.particles.OctoRenderManager)
[14Jul2026 18:26:22.184] [main/WARN] [mixin/]: Error loading class: it/hurts/octostudios/octolib/modules/particles/OctoRenderManager (java.lang.ClassNotFoundException: it.hurts.octostudios.octolib.modules.particles.OctoRenderManager)
[14Jul2026 18:26:22.221] [main/WARN] [mixin/]: Error loading class: org/jetbrains/annotations/ApiStatus$ScheduledForRemoval (java.lang.ClassNotFoundException: org.jetbrains.annotations.ApiStatus$ScheduledForRemoval)
[14Jul2026 18:26:22.224] [main/ERROR] [net.neoforged.fml.common.asm.RuntimeDistCleaner/DISTXFORM]: Attempted to load class net/minecraft/client/multiplayer/ClientLevel for invalid dist DEDICATED_SERVER
[14Jul2026 18:26:22.224] [main/WARN] [mixin/]: Error loading class: net/minecraft/client/multiplayer/ClientLevel (java.lang.RuntimeException: Attempted to load class net/minecraft/client/multiplayer/ClientLevel for invalid dist DEDICATED_SERVER)
[14Jul2026 18:26:22.225] [main/ERROR] [net.neoforged.fml.common.asm.RuntimeDistCleaner/DISTXFORM]: Attempted to load class net/minecraft/client/multiplayer/ClientLevel for invalid dist DEDICATED_SERVER
[14Jul2026 18:26:22.225] [main/WARN] [mixin/]: Error loading class: net/minecraft/client/multiplayer/ClientLevel (java.lang.RuntimeException: Attempted to load class net/minecraft/client/multiplayer/ClientLevel for invalid dist DEDICATED_SERVER)
[14Jul2026 18:26:22.228] [main/ERROR] [net.neoforged.fml.common.asm.RuntimeDistCleaner/DISTXFORM]: Attempted to load class net/minecraft/client/multiplayer/ClientLevel for invalid dist DEDICATED_SERVER
[14Jul2026 18:26:22.228] [main/WARN] [mixin/]: Error loading class: net/minecraft/client/multiplayer/ClientLevel (java.lang.RuntimeException: Attempted to load class net/minecraft/client/multiplayer/ClientLevel for invalid dist DEDICATED_SERVER)
[14Jul2026 18:26:22.229] [main/ERROR] [net.neoforged.fml.common.asm.RuntimeDistCleaner/DISTXFORM]: Attempted to load class net/minecraft/client/multiplayer/ClientLevel for invalid dist DEDICATED_SERVER
[14Jul2026 18:26:22.229] [main/WARN] [mixin/]: Error loading class: net/minecraft/client/multiplayer/ClientLevel (java.lang.RuntimeException: Attempted to load class net/minecraft/client/multiplayer/ClientLevel for invalid dist DEDICATED_SERVER)
[14Jul2026 18:26:22.232] [main/ERROR] [net.neoforged.fml.common.asm.RuntimeDistCleaner/DISTXFORM]: Attempted to load class net/minecraft/client/multiplayer/ClientLevel for invalid dist DEDICATED_SERVER
[14Jul2026 18:26:22.232] [main/WARN] [mixin/]: Error loading class: net/minecraft/client/multiplayer/ClientLevel (java.lang.RuntimeException: Attempted to load class net/minecraft/client/multiplayer/ClientLevel for invalid dist DEDICATED_SERVER)
[14Jul2026 18:26:22.233] [main/ERROR] [net.neoforged.fml.common.asm.RuntimeDistCleaner/DISTXFORM]: Attempted to load class net/minecraft/client/multiplayer/ClientLevel for invalid dist DEDICATED_SERVER
[14Jul2026 18:26:22.233] [main/WARN] [mixin/]: Error loading class: net/minecraft/client/multiplayer/ClientLevel (java.lang.RuntimeException: Attempted to load class net/minecraft/client/multiplayer/ClientLevel for invalid dist DEDICATED_SERVER)
[14Jul2026 18:26:22.294] [main/INFO] [MixinExtras|Service/]: Initializing MixinExtras via com.llamalad7.mixinextras.service.MixinExtrasServiceImpl(version=0.5.3).
[14Jul2026 18:26:22.617] [main/INFO] [net.minecraft.server.Bootstrap/]: ModernFix reached bootstrap stage (5.813 s after launch)
[14Jul2026 18:26:22.620] [main/INFO] [configurable-loader/]: Loading Generated Config Loaders...
[14Jul2026 18:26:22.634] [main/INFO] [configurable-loader/]: Loaded 'neruina'
[14Jul2026 18:26:22.780] [main/WARN] [mixinsquared-canceller/]: Cancelled mixin de.dafuqs.additionalentityattributes.mixin.common.BlockMixin. Check debug logs for more information.
[14Jul2026 18:26:23.452] [main/ERROR] [net.neoforged.fml.common.asm.RuntimeDistCleaner/DISTXFORM]: Attempted to load class net/minecraft/client/multiplayer/ClientLevel for invalid dist DEDICATED_SERVER
[14Jul2026 18:26:23.452] [main/WARN] [mixin/]: Error loading class: net/minecraft/client/multiplayer/ClientLevel (java.lang.RuntimeException: Attempted to load class net/minecraft/client/multiplayer/ClientLevel for invalid dist DEDICATED_SERVER)
[14Jul2026 18:26:23.454] [main/ERROR] [net.neoforged.fml.common.asm.RuntimeDistCleaner/DISTXFORM]: Attempted to load class net/minecraft/client/multiplayer/ClientLevel for invalid dist DEDICATED_SERVER
[14Jul2026 18:26:23.454] [main/WARN] [mixin/]: Error loading class: net/minecraft/client/multiplayer/ClientLevel (java.lang.RuntimeException: Attempted to load class net/minecraft/client/multiplayer/ClientLevel for invalid dist DEDICATED_SERVER)
[14Jul2026 18:26:23.457] [main/ERROR] [net.neoforged.fml.common.asm.RuntimeDistCleaner/DISTXFORM]: Attempted to load class net/minecraft/client/multiplayer/ClientLevel for invalid dist DEDICATED_SERVER
[14Jul2026 18:26:23.457] [main/WARN] [mixin/]: Error loading class: net/minecraft/client/multiplayer/ClientLevel (java.lang.RuntimeException: Attempted to load class net/minecraft/client/multiplayer/ClientLevel for invalid dist DEDICATED_SERVER)
[14Jul2026 18:26:23.804] [main/WARN] [mixin/]: @Redirect conflict. Skipping mixins.redirected_neoforge_1.21.1.json:net.minecraft.world.level.block.RedStoneWireBlockMixin from mod redirected->@Redirect::redirectDirections()[Lnet/minecraft/core/Direction; with priority 10, already redirected by lithium.mixins.json:alloc.enum_values.redstone_wire.RedStoneWireBlockMixin from mod lithium->@Redirect::removeAllocation1()[Lnet/minecraft/core/Direction; with priority 1000
[14Jul2026 18:26:23.804] [main/WARN] [mixin/]: @Redirect conflict. Skipping mixins.redirected_neoforge_1.21.1.json:net.minecraft.world.level.block.RedStoneWireBlockMixin from mod redirected->@Redirect::redirectDirections()[Lnet/minecraft/core/Direction; with priority 10, already redirected by lithium.mixins.json:alloc.enum_values.redstone_wire.RedStoneWireBlockMixin from mod lithium->@Redirect::removeAllocation2()[Lnet/minecraft/core/Direction; with priority 1000
[14Jul2026 18:26:23.983] [main/WARN] [mixin/]: @Redirect conflict. Skipping mixins.redirected_neoforge_1.21.1.json:net.minecraft.world.level.block.piston.PistonBaseBlockMixin from mod redirected->@Redirect::redirectDirections()[Lnet/minecraft/core/Direction; with priority 10, already redirected by lithium.mixins.json:alloc.enum_values.piston_block.PistonBaseBlockMixin from mod lithium->@Redirect::removeAllocation()[Lnet/minecraft/core/Direction; with priority 1000
[14Jul2026 18:26:23.983] [main/WARN] [mixin/]: @Redirect conflict. Skipping mixins.redirected_neoforge_1.21.1.json:net.minecraft.world.level.block.piston.PistonBaseBlockMixin from mod redirected->@Redirect::redirectDirections()[Lnet/minecraft/core/Direction; with priority 10, already redirected by lithium.mixins.json:alloc.enum_values.piston_block.PistonBaseBlockMixin from mod lithium->@Redirect::removeAllocation()[Lnet/minecraft/core/Direction; with priority 1000
[14Jul2026 18:26:24.111] [main/WARN] [mixin/]: @Redirect conflict. Skipping mixins.redirected_neoforge_1.21.1.json:net.minecraft.world.level.block.piston.PistonStructureResolverMixin from mod redirected->@Redirect::redirectDirections()[Lnet/minecraft/core/Direction; with priority 10, already redirected by lithium.mixins.json:alloc.enum_values.piston_handler.PistonStructureResolverMixin from mod lithium->@Redirect::removeAllocation()[Lnet/minecraft/core/Direction; with priority 1000
[14Jul2026 18:26:24.135] [main/WARN] [mixin/]: Method overwrite conflict for setDuration in pastel.mixins.json:accessors.StatusEffectInstanceAccessor from mod pastel, previously written by earth.terrarium.pastel.mixin.MobEffectInstanceMixin. Skipping method.
[14Jul2026 18:26:24.135] [main/WARN] [mixin/]: Method overwrite conflict for setAmplifier in pastel.mixins.json:accessors.StatusEffectInstanceAccessor from mod pastel, previously written by earth.terrarium.pastel.mixin.MobEffectInstanceMixin. Skipping method.
[14Jul2026 18:26:24.339] [main/WARN] [mixin/]: Static binding violation: PRIVATE @Overwrite method getTemperature in modernfix-modernfix.mixins.json:perf.remove_biome_temperature_cache.BiomeMixin from mod modernfix cannot reduce visibiliy of PUBLIC target method, visibility will be upgraded.
[14Jul2026 18:26:24.341] [main/WARN] [mixin/]: Method overwrite conflict for getTemperature in modernfix-modernfix.mixins.json:perf.remove_biome_temperature_cache.BiomeMixin from mod modernfix, previously written by com.aziz.saturn.mixin.leaks.biome_temperature_cache.BiomeMixin. Skipping method.
[14Jul2026 18:26:24.341] [main/WARN] [mixin/]: Method overwrite conflict for getTemperature in lithium.mixins.json:world.temperature_cache.BiomeMixin from mod lithium, previously written by com.aziz.saturn.mixin.leaks.biome_temperature_cache.BiomeMixin. Skipping method.
[14Jul2026 18:26:24.518] [main/WARN] [mixin/]: Method overwrite conflict for getSlotsForFace in lithium.mixins.json:alloc.composter.ComposterMixin$ComposterBlockComposterInventoryMixin from mod lithium, previously written by com.aziz.saturn.mixin.allocations.composter.ComposterBlockMixin$InputContainerMixin. Skipping method.
[14Jul2026 18:26:24.519] [main/WARN] [mixin/]: Method overwrite conflict for getSlotsForFace in lithium.mixins.json:alloc.composter.ComposterMixin$ComposterBlockDummyInventoryMixin from mod lithium, previously written by com.aziz.saturn.mixin.allocations.composter.ComposterBlockMixin$EmptyContainerMixin. Skipping method.
[14Jul2026 18:26:24.869] [main/WARN] [mixin/]: Method overwrite conflict for scheduleRandomTick in corgilib-common.mixins.json:chunk.MixinChunkAccess from mod corgilib, previously written by dev.corgitaco.ohthetreesyoullgrow.mixin.chunk.MixinChunkAccess. Skipping method.
[14Jul2026 18:26:24.869] [main/WARN] [mixin/]: Method overwrite conflict for getScheduledRandomTicks in corgilib-common.mixins.json:chunk.MixinChunkAccess from mod corgilib, previously written by dev.corgitaco.ohthetreesyoullgrow.mixin.chunk.MixinChunkAccess. Skipping method.
[14Jul2026 18:26:24.888] [main/WARN] [mixin/]: @Redirect(@At("FIELD")) Shift.BY=2 on flashfreeze.mixins.json:LevelChunkMixin from mod flashfreeze::redirect$clg000$flashfreeze$onlyGetFromMap exceeds the maximum allowed value: 0. Increase the value of maxShiftBy to suppress this warning.
[14Jul2026 18:26:26.682] [main/INFO] [net.minecraft.server.Bootstrap/]: Vanilla bootstrap took 4061 milliseconds
[14Jul2026 18:26:26.826] [modloading-worker-0/INFO] [Create Deco/]: Registering items for Create Deco
[14Jul2026 18:26:26.831] [modloading-worker-0/INFO] [ModSharedBootstrap/]: KryptonFNP is now accelerating your Minecraft server's networking stack 🚀
[14Jul2026 18:26:26.832] [modloading-worker-0/INFO] [Veil/]: Veil is initializing.
[14Jul2026 18:26:26.834] [modloading-worker-0/INFO] [net.neoforged.neoforge.common.NeoForgeMod/NEOFORGE-MOD]: NeoForge mod loading, version 21.1.233, for MC 1.21.1
[14Jul2026 18:26:26.842] [modloading-worker-0/INFO] [biolith/]: Biolith for NeoForge is initializing...
[14Jul2026 18:26:26.843] [modloading-worker-0/INFO] [biolith/]: Enabling Biolith's TerraBlender compatibility layer.
[14Jul2026 18:26:26.848] [modloading-worker-0/INFO] [ModSharedBootstrap/]: Compression will use libdeflate (Linux x86_64), encryption will use OpenSSL 3.x.x (Linux x86_64)
[14Jul2026 18:26:26.876] [modloading-worker-0/INFO] [Modern Dynamics/]: Successfully loaded Modern Dynamics!
[14Jul2026 18:26:26.881] [modloading-worker-0/INFO] [Create Deco/]: Registering blocks for Create Deco
[14Jul2026 18:26:26.892] [modloading-worker-0/INFO] [Create Deco/]: Populating connected texture maps...
[14Jul2026 18:26:26.936] [modloading-worker-0/INFO] [PluginManager/]: Scanning classes for industrialforegoing
[14Jul2026 18:26:26.939] [modloading-worker-0/INFO] [PluginManager/]: Found FeaturePluginInstance for class PatchouliPlugin for plugin patchouli
[14Jul2026 18:26:26.940] [modloading-worker-0/INFO] [PluginManager/]: Found FeaturePluginInstance for class CuriosPlugin for plugin curios
[14Jul2026 18:26:26.940] [modloading-worker-0/INFO] [PluginManager/]: Constructed class PatchouliPlugin for plugin patchouli for mod industrialforegoing
[14Jul2026 18:26:26.940] [modloading-worker-0/INFO] [PluginManager/]: Constructed class CuriosPlugin for plugin curios for mod industrialforegoing
[14Jul2026 18:26:26.941] [modloading-worker-0/INFO] [PluginManager/]: Executing phase CONSTRUCTION for plugin class PatchouliPlugin
[14Jul2026 18:26:26.942] [modloading-worker-0/INFO] [Moonlight/]: Sending changed configs to client
[14Jul2026 18:26:26.942] [modloading-worker-0/INFO] [PluginManager/]: Executing phase CONSTRUCTION for plugin class CuriosPlugin
[14Jul2026 18:26:26.946] [modloading-worker-0/INFO] [PluginManager/]: Executing phase PRE_INIT for plugin class PatchouliPlugin
[14Jul2026 18:26:26.946] [modloading-worker-0/INFO] [PluginManager/]: Executing phase PRE_INIT for plugin class CuriosPlugin
[14Jul2026 18:26:27.040] [modloading-worker-0/INFO] [zeta/]: Doing super early config setup for zeta
[14Jul2026 18:26:27.120] [modloading-worker-0/INFO] [aaron/]: Aaron.
[14Jul2026 18:26:27.120] [modloading-worker-0/INFO] [aaron/]: Arriving.
[14Jul2026 18:26:27.120] [modloading-worker-0/INFO] [aaron/]: On the scene.
[14Jul2026 18:26:27.140] [modloading-worker-0/INFO] [PluginManager/]: Executing phase INIT for plugin class PatchouliPlugin
[14Jul2026 18:26:27.140] [modloading-worker-0/INFO] [PluginManager/]: Executing phase INIT for plugin class CuriosPlugin
[14Jul2026 18:26:27.166] [modloading-worker-0/INFO] [PluginManager/]: Executing phase POST_INIT for plugin class PatchouliPlugin
[14Jul2026 18:26:27.166] [modloading-worker-0/INFO] [PluginManager/]: Executing phase POST_INIT for plugin class CuriosPlugin
[14Jul2026 18:26:27.221] [modloading-worker-0/INFO] [noisium/]: Loading Noisium.
[14Jul2026 18:26:27.232] [modloading-worker-0/INFO] [me.wesley1808.servercore.common.ServerCore/]: [ServerCore] Loaded V1.5.17+1.21.1!
[14Jul2026 18:26:27.260] [modloading-worker-0/INFO] [Puzzles Lib/]: Constructing components for enchantinginfuser:common
[14Jul2026 18:26:27.408] [modloading-worker-0/WARN] [net.minecraft.server.packs.VanillaPackResourcesBuilder/]: Assets URL 'union:/home/container/libraries/net/minecraft/server/1.21.1-20240808.144430/server-1.21.1-20240808.144430-srg.jar%23314!/assets/.mcassetsroot' uses unexpected schema
[14Jul2026 18:26:27.408] [modloading-worker-0/WARN] [net.minecraft.server.packs.VanillaPackResourcesBuilder/]: Assets URL 'union:/home/container/libraries/net/minecraft/server/1.21.1-20240808.144430/server-1.21.1-20240808.144430-srg.jar%23314!/data/.mcassetsroot' uses unexpected schema
[14Jul2026 18:26:27.664] [modloading-worker-0/INFO] [pastel/]: [pastel] Loading config file...
[14Jul2026 18:26:27.732] [modloading-worker-0/INFO] [pastel/]: [pastel] Finished loading config file.
[14Jul2026 18:26:27.732] [modloading-worker-0/INFO] [pastel/]: [pastel] Starting Common Startup
[14Jul2026 18:26:27.744] [modloading-worker-0/INFO] [pastel/]: [pastel] Registering Component Types...
[14Jul2026 18:26:27.775] [modloading-worker-0/INFO] [pastel/]: [pastel] Registering Block / Item Color Registries...
[14Jul2026 18:26:27.777] [modloading-worker-0/INFO] [pastel/]: [pastel] Registering Status Effects...
[14Jul2026 18:26:27.784] [modloading-worker-0/INFO] [pastel/]: [pastel] Registering Advancement Criteria...
[14Jul2026 18:26:27.796] [modloading-worker-0/INFO] [pastel/]: [pastel] Registering Particle Types...
[14Jul2026 18:26:27.799] [modloading-worker-0/INFO] [pastel/]: [pastel] Registering Sound Events...
[14Jul2026 18:26:27.801] [modloading-worker-0/INFO] [pastel/]: [pastel] Registering BlockSound Groups...
[14Jul2026 18:26:27.802] [modloading-worker-0/INFO] [pastel/]: [pastel] Registering Fluids...
[14Jul2026 18:26:27.821] [modloading-worker-0/INFO] [pastel/]: [pastel] Registering Armor Materials...
[14Jul2026 18:26:27.823] [modloading-worker-0/INFO] [pastel/]: [pastel] Registering Blocks...
[14Jul2026 18:26:28.115] [modloading-worker-0/WARN] [mixin/]: Discarding @Unique public method useItemOn in copycats-common.mixins.json:copycat.step.CopycatStepBlockMixin from mod copycats because it already exists in com.simibubi.create.content.decoration.copycat.CopycatStepBlock
[14Jul2026 18:26:28.124] [modloading-worker-0/WARN] [mixin/]: Discarding @Unique public method onLoad in copycats-common.mixins.json:foundation.copycat.CopycatBlockEntityMixin from mod copycats because it already exists in com.simibubi.create.content.decoration.copycat.CopycatBlockEntity
[14Jul2026 18:26:28.128] [modloading-worker-0/WARN] [mixin/]: Discarding @Unique public method useItemOn in copycats-common.mixins.json:copycat.panel.CopycatPanelBlockMixin from mod copycats because it already exists in com.simibubi.create.content.decoration.copycat.CopycatPanelBlock
[14Jul2026 18:26:28.128] [modloading-worker-0/WARN] [mixin/]: Discarding @Unique public method mirror in copycats-common.mixins.json:copycat.panel.CopycatPanelBlockMixin from mod copycats because it already exists in com.simibubi.create.content.decoration.copycat.CopycatPanelBlock
[14Jul2026 18:26:28.128] [modloading-worker-0/WARN] [mixin/]: Discarding @Unique public method rotate in copycats-common.mixins.json:copycat.panel.CopycatPanelBlockMixin from mod copycats because it already exists in com.simibubi.create.content.decoration.copycat.CopycatPanelBlock
[14Jul2026 18:26:28.155] [modloading-worker-0/INFO] [CraterLoader/]: Discovering Plugins
[14Jul2026 18:26:28.156] [modloading-worker-0/INFO] [CraterLoader/]: Discovered 0 plugins
[14Jul2026 18:26:28.249] [modloading-worker-0/INFO] [FlashFreeze/]: Flash freezing content since 2021
[14Jul2026 18:26:28.289] [modloading-worker-0/INFO] [pastel/]: [pastel] Registering Items...
[14Jul2026 18:26:28.322] [modloading-worker-0/INFO] [pastel/]: [pastel] Registering Block Entities...
[14Jul2026 18:26:28.362] [modloading-worker-0/INFO] [pastel/]: [pastel] Registering Capabilities...
[14Jul2026 18:26:28.363] [modloading-worker-0/INFO] [pastel/]: [pastel] Registering Data Attachments...
[14Jul2026 18:26:28.363] [modloading-worker-0/INFO] [pastel/]: [pastel] Registering Pastel Upgrades...
[14Jul2026 18:26:28.364] [modloading-worker-0/INFO] [pastel/]: [pastel] Registering Stamp Categories...
[14Jul2026 18:26:28.366] [modloading-worker-0/INFO] [pastel/]: [pastel] Registering Features...
[14Jul2026 18:26:28.381] [modloading-worker-0/INFO] [pastel/]: [pastel] Registering Structure Types...
[14Jul2026 18:26:28.382] [modloading-worker-0/INFO] [pastel/]: [pastel] Registering Dimension...
[14Jul2026 18:26:28.382] [modloading-worker-0/INFO] [pastel/]: [pastel] Registering Recipe Types...
[14Jul2026 18:26:28.484] [modloading-worker-0/INFO] [pastel/]: [pastel] Registering Loot Conditions & Functions...
[14Jul2026 18:26:28.489] [modloading-worker-0/INFO] [pastel/]: [pastel] Setting up server side Mod Compat...
[14Jul2026 18:26:28.535] [modloading-worker-0/INFO] [pastel/]: [pastel] Registering Screen Handler Types...
[14Jul2026 18:26:28.624] [modloading-worker-0/INFO] [pastel/]: [pastel] Registering Default Item Stack Damage Immunities...
[14Jul2026 18:26:28.625] [modloading-worker-0/INFO] [Ksyxis/MOD_KSYXIS]: Ksyxis: Loading... (platform: neoforge, version: 1.4.3, manual: false)
[14Jul2026 18:26:28.625] [modloading-worker-0/INFO] [Ksyxis/MOD_KSYXIS]: Ksyxis: Ready to remove unneeded chunks. (mixinVersion: 0.8.7, time: 0 ms)
[14Jul2026 18:26:28.625] [modloading-worker-0/INFO] [pastel/]: [pastel] Registering Variant Specific Predicates...
[14Jul2026 18:26:28.631] [modloading-worker-0/INFO] [pastel/]: [pastel] Registering Entities...
[14Jul2026 18:26:28.631] [modloading-worker-0/INFO] [pastel/]: [pastel] Registering Omni Accelerator Projectiles & Behaviors...
[14Jul2026 18:26:28.637] [modloading-worker-0/INFO] [pastel/]: [pastel] Registering Commands...
[14Jul2026 18:26:28.637] [modloading-worker-0/INFO] [pastel/]: [pastel] Registering Networking Packets...
[14Jul2026 18:26:28.637] [modloading-worker-0/INFO] [pastel/]: [pastel] Registering Data Loaders...
[14Jul2026 18:26:28.638] [modloading-worker-0/INFO] [pastel/]: [pastel] Adding to Fabric's Registries...
[14Jul2026 18:26:28.638] [modloading-worker-0/INFO] [pastel/]: [pastel] Registering Game Events...
[14Jul2026 18:26:28.639] [modloading-worker-0/INFO] [pastel/]: [pastel] Registering Dispenser, Resonance & Present Unwrap Behaviors...
[14Jul2026 18:26:28.641] [modloading-worker-0/INFO] [pastel/]: [pastel] Registering Resource Conditions...
[14Jul2026 18:26:28.641] [modloading-worker-0/INFO] [pastel/]: [pastel] Registering Structure WeightedPool Element Types...
[14Jul2026 18:26:28.642] [modloading-worker-0/INFO] [pastel/]: [pastel] Registering Event Listeners...
[14Jul2026 18:26:28.650] [modloading-worker-0/INFO] [pastel/]: [pastel] Registering Tree Decorator Types...
[14Jul2026 18:26:28.650] [modloading-worker-0/INFO] [pastel/]: [pastel] Registering Builtin Resource Packs...
[14Jul2026 18:26:28.651] [modloading-worker-0/INFO] [pastel/]: [pastel] Common startup completed!
[14Jul2026 18:26:28.653] [modloading-worker-0/INFO] [thedarkcolour.kotlinforforge.neoforge.test.KotlinForForge/]: Kotlin For Forge Enabled!
[14Jul2026 18:26:28.656] [modloading-worker-0/INFO] [com.simibubi.create.Create/]: Create 6.0.10 initializing! Commit hash: ac0c444d9828da3453ae8cc65338e8de063286fb
[14Jul2026 18:26:28.698] [modloading-worker-0/INFO] [xaero.common.HudMod/]: Registering common data for channel xaerominimap:main!
[14Jul2026 18:26:28.754] [modloading-worker-0/INFO] [xaero.common.HudMod/]: Loading primary common config for channel xaerominimap:main!
[14Jul2026 18:26:28.758] [modloading-worker-0/INFO] [xaero.common.HudMod/]: Loading server config profiles for channel xaerominimap:main!
[14Jul2026 18:26:29.035] [modloading-worker-0/INFO] [The-Lost-Castle/]: Lost Castle config loaded successfully
[14Jul2026 18:26:29.040] [modloading-worker-0/INFO] [Puzzles Lib/]: Constructing components for puzzleslib:common
[14Jul2026 18:26:29.202] [modloading-worker-0/INFO] [net.potionstudios.biomeswevegone.BiomesWeveGone/]: Registering Oh The Biomes We've Gone data components
[14Jul2026 18:26:29.227] [modloading-worker-0/INFO] [net.potionstudios.biomeswevegone.BiomesWeveGone/]: Registering Oh The Biomes We've Gone items
[14Jul2026 18:26:29.263] [modloading-worker-0/INFO] [net.potionstudios.biomeswevegone.BiomesWeveGone/]: Registering Oh The Biomes We've Gone Blocks
[14Jul2026 18:26:29.272] [modloading-worker-0/INFO] [quark-zeta/]: Discovered 163 modules to load.
[14Jul2026 18:26:29.272] [modloading-worker-0/INFO] [quark-zeta/]: Constructing module Abacus...
[14Jul2026 18:26:29.274] [modloading-worker-0/INFO] [net.potionstudios.biomeswevegone.BiomesWeveGone/]: Registering Oh The Biomes We've Gone Wood
[14Jul2026 18:26:29.275] [modloading-worker-0/INFO] [net.potionstudios.biomeswevegone.BiomesWeveGone/]: Registering Oh The Biomes We've Gone Block Entities
[14Jul2026 18:26:29.275] [modloading-worker-0/INFO] [net.potionstudios.biomeswevegone.BiomesWeveGone/]: Registering Oh The Biomes We've Gone Entities
[14Jul2026 18:26:29.275] [modloading-worker-0/INFO] [net.potionstudios.biomeswevegone.BiomesWeveGone/]: Registering Oh The Biomes We've Gone Creative Tabs
[14Jul2026 18:26:29.276] [modloading-worker-0/INFO] [quark-zeta/]: Constructing module Adjustable Chat...
[14Jul2026 18:26:29.276] [modloading-worker-0/INFO] [quark-zeta/]: Constructing module Ambient Discs...
[14Jul2026 18:26:29.276] [modloading-worker-0/INFO] [net.potionstudios.biomeswevegone.BiomesWeveGone/]: Registering Oh The Biomes We've Gone Sounds
[14Jul2026 18:26:29.276] [modloading-worker-0/INFO] [quark-zeta/]: Constructing module Ancient Tomes...
[14Jul2026 18:26:29.277] [modloading-worker-0/INFO] [net.potionstudios.biomeswevegone.BiomesWeveGone/]: Registering Oh The Biomes We've Gone Block Predicate
[14Jul2026 18:26:29.278] [modloading-worker-0/INFO] [net.potionstudios.biomeswevegone.BiomesWeveGone/]: Registering Oh The Biomes We've Gone State Providers
[14Jul2026 18:26:29.279] [modloading-worker-0/INFO] [net.potionstudios.biomeswevegone.BiomesWeveGone/]: Registering Oh The Biomes We've Gone Tree Decorators
[14Jul2026 18:26:29.280] [modloading-worker-0/INFO] [quark-zeta/]: Constructing module Ancient Wood...
[14Jul2026 18:26:29.321] [modloading-worker-0/INFO] [quark-zeta/]: Constructing module Armed Armor Stands...
[14Jul2026 18:26:29.321] [modloading-worker-0/INFO] [quark-zeta/]: Constructing module Auto Walk Keybind...
[14Jul2026 18:26:29.322] [modloading-worker-0/INFO] [quark-zeta/]: Constructing module Automatic Recipe Unlock...
[14Jul2026 18:26:29.322] [modloading-worker-0/INFO] [quark-zeta/]: Constructing module Automatic Tool Restock...
[14Jul2026 18:26:29.323] [modloading-worker-0/INFO] [quark-zeta/]: Constructing module Azalea Wood...
[14Jul2026 18:26:29.323] [modloading-worker-0/INFO] [quark-zeta/]: Constructing module Back Button Keybind...
[14Jul2026 18:26:29.323] [modloading-worker-0/INFO] [quark-zeta/]: Constructing module Backpack...
[14Jul2026 18:26:29.323] [modloading-worker-0/INFO] [net.potionstudios.biomeswevegone.BiomesWeveGone/]: Registering Oh The Biomes We've Gone Custom Features
[14Jul2026 18:26:29.324] [modloading-worker-0/INFO] [net.potionstudios.biomeswevegone.BiomesWeveGone/]: Registering Oh The Biomes We've Gone Structure Pieces
[14Jul2026 18:26:29.324] [modloading-worker-0/INFO] [net.potionstudios.biomeswevegone.BiomesWeveGone/]: Registering Oh The Biomes We've Gone Custom Structure Types
[14Jul2026 18:26:29.325] [modloading-worker-0/INFO] [quark-zeta/]: Constructing module Beacon Redirection...
[14Jul2026 18:26:29.325] [modloading-worker-0/INFO] [quark-zeta/]: Constructing module Better Elytra Rocket...
[14Jul2026 18:26:29.325] [modloading-worker-0/INFO] [quark-zeta/]: Constructing module Big Stone Clusters...
[14Jul2026 18:26:29.326] [modloading-worker-0/INFO] [net.potionstudios.biomeswevegone.BiomesWeveGone/]: Registering Oh The Biomes We've Gone Configured Features
[14Jul2026 18:26:29.327] [modloading-worker-0/INFO] [quark-zeta/]: Constructing module Blossom Trees...
[14Jul2026 18:26:29.328] [modloading-worker-0/INFO] [quark-zeta/]: Constructing module Bottled Cloud...
[14Jul2026 18:26:29.329] [modloading-worker-0/INFO] [quark-zeta/]: Constructing module Buckets Show Inhabitants...
[14Jul2026 18:26:29.329] [modloading-worker-0/INFO] [quark-zeta/]: Constructing module Camera...
[14Jul2026 18:26:29.330] [modloading-worker-0/INFO] [net.potionstudios.biomeswevegone.BiomesWeveGone/]: Creating and Registering Overworld Vegetation Configured Features
[14Jul2026 18:26:29.330] [modloading-worker-0/INFO] [quark-zeta/]: Constructing module Campfires Boost Elytra...
[14Jul2026 18:26:29.331] [modloading-worker-0/INFO] [quark-zeta/]: Constructing module Celebratory Lamps...
[14Jul2026 18:26:29.343] [modloading-worker-0/INFO] [quark-zeta/]: Constructing module Chains Connect Blocks...
[14Jul2026 18:26:29.344] [modloading-worker-0/INFO] [quark-zeta/]: Constructing module Cherry Grove Water Petals...
[14Jul2026 18:26:29.345] [modloading-worker-0/INFO] [quark-zeta/]: Constructing module Chest Searching...
[14Jul2026 18:26:29.345] [modloading-worker-0/INFO] [quark-zeta/]: Constructing module Chorus Vegetation...
[14Jul2026 18:26:29.346] [modloading-worker-0/INFO] [quark-zeta/]: Constructing module Chute...
[14Jul2026 18:26:29.347] [modloading-worker-0/INFO] [quark-zeta/]: Constructing module Climate Control Remover...
[14Jul2026 18:26:29.347] [modloading-worker-0/INFO] [quark-zeta/]: Constructing module Color Runes...
[14Jul2026 18:26:29.348] [modloading-worker-0/INFO] [quark-zeta/]: Constructing module Compasses Work Everywhere...
[14Jul2026 18:26:29.348] [modloading-worker-0/INFO] [quark-zeta/]: Constructing module Compressed Blocks...
[14Jul2026 18:26:29.349] [modloading-worker-0/INFO] [quark-zeta/]: Constructing module Coral On Cactus...
[14Jul2026 18:26:29.349] [modloading-worker-0/INFO] [quark-zeta/]: Constructing module Corundum...
[14Jul2026 18:26:29.361] [modloading-worker-0/INFO] [quark-zeta/]: Constructing module Crabs...
[14Jul2026 18:26:29.362] [modloading-worker-0/INFO] [quark-zeta/]: Constructing module Crate...
[14Jul2026 18:26:29.363] [modloading-worker-0/INFO] [quark-zeta/]: Constructing module Diamond Repair...
[14Jul2026 18:26:29.363] [modloading-worker-0/INFO] [quark-zeta/]: Constructing module Dispensers Place Blocks...
[14Jul2026 18:26:29.363] [modloading-worker-0/INFO] [quark-zeta/]: Constructing module Double Door Opening...
[14Jul2026 18:26:29.363] [modloading-worker-0/INFO] [net.potionstudios.biomeswevegone.BiomesWeveGone/]: Registering Oh The Biomes We've Gone Tree Configured Features
[14Jul2026 18:26:29.363] [modloading-worker-0/INFO] [quark-zeta/]: Constructing module Dragon Scales...
[14Jul2026 18:26:29.363] [modloading-worker-0/INFO] [quark-zeta/]: Constructing module Duskbound Blocks...
[14Jul2026 18:26:29.364] [modloading-worker-0/INFO] [quark-zeta/]: Constructing module Dyeable Item Frames...
[14Jul2026 18:26:29.364] [modloading-worker-0/INFO] [net.potionstudios.biomeswevegone.BiomesWeveGone/]: Creating and Registering Vanilla Configured Features
[14Jul2026 18:26:29.365] [modloading-worker-0/INFO] [quark-zeta/]: Constructing module Easy Transferring...
[14Jul2026 18:26:29.365] [modloading-worker-0/INFO] [quark-zeta/]: Constructing module Elytra Indicator...
[14Jul2026 18:26:29.365] [modloading-worker-0/INFO] [quark-zeta/]: Constructing module Emotes...
[14Jul2026 18:26:29.365] [modloading-worker-0/INFO] [quark-zeta/]: Constructing module Ender Watcher...
[14Jul2026 18:26:29.366] [modloading-worker-0/INFO] [net.potionstudios.biomeswevegone.BiomesWeveGone/]: Registering Oh The Biomes You'll Go Overworld Configured Features
[14Jul2026 18:26:29.366] [modloading-worker-0/INFO] [quark-zeta/]: Constructing module Endermosh Music Disc...
[14Jul2026 18:26:29.366] [modloading-worker-0/INFO] [quark-zeta/]: Constructing module Enhanced Ladders...
[14Jul2026 18:26:29.367] [modloading-worker-0/INFO] [quark-zeta/]: Constructing module Expanded Item Interactions...
[14Jul2026 18:26:29.367] [modloading-worker-0/INFO] [quark-zeta/]: Constructing module Fairy Rings...
[14Jul2026 18:26:29.367] [modloading-worker-0/INFO] [net.potionstudios.biomeswevegone.BiomesWeveGone/]: Registering Oh The Biomes We've Gone Placed Features
[14Jul2026 18:26:29.368] [modloading-worker-0/INFO] [quark-zeta/]: Constructing module Fallen Logs...
[14Jul2026 18:26:29.368] [modloading-worker-0/INFO] [quark-zeta/]: Constructing module Feeding Trough...
[14Jul2026 18:26:29.370] [modloading-worker-0/INFO] [quark-zeta/]: Constructing module Forgotten...
[14Jul2026 18:26:29.372] [modloading-worker-0/INFO] [net.potionstudios.biomeswevegone.BiomesWeveGone/]: Creating and Registering Overworld Tree Placed Features
[14Jul2026 18:26:29.376] [modloading-worker-0/INFO] [quark-zeta/]: Constructing module Foxhound...
[14Jul2026 18:26:29.377] [modloading-worker-0/INFO] [quark-zeta/]: Constructing module Framed Glass...
[14Jul2026 18:26:29.379] [modloading-worker-0/INFO] [quark-zeta/]: Constructing module Game Nerfs...
[14Jul2026 18:26:29.380] [modloading-worker-0/INFO] [quark-zeta/]: Constructing module Glass Item Frame...
[14Jul2026 18:26:29.380] [modloading-worker-0/INFO] [net.potionstudios.biomeswevegone.BiomesWeveGone/]: Creating and Registering Overworld Vegetation Placed Features
[14Jul2026 18:26:29.381] [modloading-worker-0/INFO] [net.potionstudios.biomeswevegone.BiomesWeveGone/]: Creating and Registering Vanilla Placed Features
[14Jul2026 18:26:29.381] [modloading-worker-0/INFO] [net.potionstudios.biomeswevegone.BiomesWeveGone/]: Registering Oh The Biomes We've Gone Custom Surface Rules
[14Jul2026 18:26:29.382] [modloading-worker-0/INFO] [quark-zeta/]: Constructing module Glass Shard...
[14Jul2026 18:26:29.382] [modloading-worker-0/INFO] [quark-zeta/]: Constructing module Glimmering Weald...
[14Jul2026 18:26:29.420] [modloading-worker-0/INFO] [net.potionstudios.biomeswevegone.BiomesWeveGone/]: Registering Oh The Biomes We've Gone Template Pools
[14Jul2026 18:26:29.421] [modloading-worker-0/INFO] [quark-zeta/]: Constructing module Gold Bars...
[14Jul2026 18:26:29.422] [modloading-worker-0/INFO] [quark-zeta/]: Constructing module Gold Tools Have Fortune...
[14Jul2026 18:26:29.422] [modloading-worker-0/INFO] [quark-zeta/]: Constructing module Grab Chickens...
[14Jul2026 18:26:29.422] [modloading-worker-0/INFO] [quark-zeta/]: Constructing module Grate...
[14Jul2026 18:26:29.424] [modloading-worker-0/INFO] [quark-zeta/]: Constructing module Gravisand...
[14Jul2026 18:26:29.424] [modloading-worker-0/INFO] [quark-zeta/]: Constructing module Greener Grass...
[14Jul2026 18:26:29.426] [modloading-worker-0/INFO] [net.potionstudios.biomeswevegone.BiomesWeveGone/]: Registering Oh The Biome's We've Gone Village Template Pools
[14Jul2026 18:26:29.433] [modloading-worker-0/INFO] [net.potionstudios.biomeswevegone.BiomesWeveGone/]: Registering Oh The Biomes We've Gone Poi Types
[14Jul2026 18:26:29.433] [modloading-worker-0/INFO] [quark-zeta/]: Constructing module Hedges...
[14Jul2026 18:26:29.434] [modloading-worker-0/INFO] [net.potionstudios.biomeswevegone.BiomesWeveGone/]: Registering Oh The Biomes We've Gone Villager Professions
[14Jul2026 18:26:29.434] [modloading-worker-0/INFO] [quark-zeta/]: Constructing module Hoe Harvesting...
[14Jul2026 18:26:29.434] [modloading-worker-0/INFO] [net.potionstudios.biomeswevegone.BiomesWeveGone/]: Registering Oh The Biomes We've Gone Custom Structure Processors
[14Jul2026 18:26:29.434] [modloading-worker-0/INFO] [quark-zeta/]: Constructing module Hollow Logs...
[14Jul2026 18:26:29.435] [modloading-worker-0/INFO] [quark-zeta/]: Constructing module Horses Swim...
[14Jul2026 18:26:29.435] [modloading-worker-0/INFO] [quark-zeta/]: Constructing module Hotbar Changer...
[14Jul2026 18:26:29.435] [modloading-worker-0/INFO] [net.potionstudios.biomeswevegone.BiomesWeveGone/]: Registering Oh The Biomes We've Gone villager types
[14Jul2026 18:26:29.435] [modloading-worker-0/INFO] [quark-zeta/]: Constructing module Improved Sponges...
[14Jul2026 18:26:29.435] [modloading-worker-0/INFO] [quark-zeta/]: Constructing module Improved Tooltips...
[14Jul2026 18:26:29.435] [modloading-worker-0/INFO] [net.potionstudios.biomeswevegone.BiomesWeveGone/]: Registering Oh The Biomes We've Gone Schedules
[14Jul2026 18:26:29.435] [modloading-worker-0/INFO] [quark-zeta/]: Constructing module Industrial Palette...
[14Jul2026 18:26:29.435] [modloading-worker-0/INFO] [quark-zeta/]: Constructing module Inventory Sorting...
[14Jul2026 18:26:29.435] [modloading-worker-0/INFO] [quark-zeta/]: Constructing module Iron Rod...
[14Jul2026 18:26:29.436] [modloading-worker-0/INFO] [net.potionstudios.biomeswevegone.BiomesWeveGone/]: Registering Oh The Biomes We've Gone Memory Module Types
[14Jul2026 18:26:29.437] [modloading-worker-0/INFO] [net.potionstudios.biomeswevegone.BiomesWeveGone/]: Registering Oh The Biomes We've Gone Sensor Types
[14Jul2026 18:26:29.437] [modloading-worker-0/INFO] [quark-zeta/]: Constructing module Item Sharing...
[14Jul2026 18:26:29.437] [modloading-worker-0/INFO] [quark-zeta/]: Constructing module Japanese Palette...
[14Jul2026 18:26:29.437] [modloading-worker-0/INFO] [quark-zeta/]: Constructing module Leaf Carpet...
[14Jul2026 18:26:29.438] [modloading-worker-0/INFO] [quark-zeta/]: Constructing module Lock Rotation...
[14Jul2026 18:26:29.438] [modloading-worker-0/INFO] [quark-zeta/]: Constructing module Long Range Pick Block...
[14Jul2026 18:26:29.438] [modloading-worker-0/INFO] [quark-zeta/]: Constructing module Magma Keeps Concrete Powder...
[14Jul2026 18:26:29.438] [modloading-worker-0/INFO] [quark-zeta/]: Constructing module Magnets...
[14Jul2026 18:26:29.438] [modloading-worker-0/INFO] [net.potionstudios.biomeswevegone.BiomesWeveGone/]: Registering Oh The Biomes We've Gone Map Decoration Types
[14Jul2026 18:26:29.440] [modloading-worker-0/INFO] [quark-zeta/]: Constructing module Map Washing...
[14Jul2026 18:26:29.440] [modloading-worker-0/INFO] [net.potionstudios.biomeswevegone.BiomesWeveGone/]: Registering Oh The Biomes We've Gone Entity SubPredicates
[14Jul2026 18:26:29.440] [modloading-worker-0/INFO] [quark-zeta/]: Constructing module Matrix Enchanting...
[14Jul2026 18:26:29.441] [modloading-worker-0/INFO] [quark-zeta/]: Constructing module Metal Buttons...
[14Jul2026 18:26:29.446] [modloading-worker-0/INFO] [quark-zeta/]: Constructing module Microcrafting Helper...
[14Jul2026 18:26:29.446] [modloading-worker-0/INFO] [quark-zeta/]: Constructing module Midori...
[14Jul2026 18:26:29.446] [modloading-worker-0/INFO] [quark-zeta/]: Constructing module Monster Box...
[14Jul2026 18:26:29.446] [modloading-worker-0/INFO] [quark-zeta/]: Constructing module More Banner Layers...
[14Jul2026 18:26:29.447] [modloading-worker-0/INFO] [quark-zeta/]: Constructing module More Brick Types...
[14Jul2026 18:26:29.447] [modloading-worker-0/INFO] [quark-zeta/]: Constructing module More Mud Blocks...
[14Jul2026 18:26:29.447] [modloading-worker-0/INFO] [quark-zeta/]: Constructing module More Note Block Sounds...
[14Jul2026 18:26:29.447] [modloading-worker-0/INFO] [quark-zeta/]: Constructing module More Potted Plants...
[14Jul2026 18:26:29.447] [modloading-worker-0/INFO] [quark-zeta/]: Constructing module More Villagers...
[14Jul2026 18:26:29.447] [modloading-worker-0/INFO] [quark-zeta/]: Constructing module Narrator Readout...
[14Jul2026 18:26:29.447] [modloading-worker-0/INFO] [quark-zeta/]: Constructing module Nether Brick Fence Gate...
[14Jul2026 18:26:29.447] [modloading-worker-0/INFO] [quark-zeta/]: Constructing module Nether Obsidian Spikes...
[14Jul2026 18:26:29.452] [modloading-worker-0/INFO] [quark-zeta/]: Constructing module New Stone Types...
[14Jul2026 18:26:29.454] [modloading-worker-0/INFO] [quark-zeta/]: Constructing module No Durability On Cosmetics...
[14Jul2026 18:26:29.454] [modloading-worker-0/INFO] [quark-zeta/]: Constructing module No More Lava Pockets...
[14Jul2026 18:26:29.454] [modloading-worker-0/INFO] [quark-zeta/]: Constructing module Obsidian Plate...
[14Jul2026 18:26:29.455] [modloading-worker-0/INFO] [quark-zeta/]: Constructing module Overlay Shader...
[14Jul2026 18:26:29.455] [modloading-worker-0/INFO] [quark-zeta/]: Constructing module Parrot Eggs...
[14Jul2026 18:26:29.455] [modloading-worker-0/INFO] [quark-zeta/]: Constructing module Pat The Dogs...
[14Jul2026 18:26:29.456] [modloading-worker-0/INFO] [quark-zeta/]: Constructing module Pathfinder Maps...
[14Jul2026 18:26:29.458] [modloading-worker-0/INFO] [quark-zeta/]: Constructing module Permafrost...
[14Jul2026 18:26:29.459] [modloading-worker-0/INFO] [quark-zeta/]: Constructing module Petals On Water...
[14Jul2026 18:26:29.460] [modloading-worker-0/INFO] [quark-zeta/]: Constructing module Pickarang...
[14Jul2026 18:26:29.461] [modloading-worker-0/INFO] [quark-zeta/]: Constructing module Pig Litters...
[14Jul2026 18:26:29.461] [modloading-worker-0/INFO] [quark-zeta/]: Constructing module Pipes...
[14Jul2026 18:26:29.463] [modloading-worker-0/INFO] [quark-zeta/]: Constructing module Pistons Move Tile Entities...
[14Jul2026 18:26:29.464] [modloading-worker-0/INFO] [quark-zeta/]: Constructing module Poison Potato Usage...
[14Jul2026 18:26:29.464] [modloading-worker-0/INFO] [quark-zeta/]: Constructing module Quick Armor Swapping...
[14Jul2026 18:26:29.464] [modloading-worker-0/INFO] [quark-zeta/]: Constructing module Rainbow Lamps...
[14Jul2026 18:26:29.464] [modloading-worker-0/INFO] [quark-zeta/]: Constructing module Raw Metal Bricks...
[14Jul2026 18:26:29.464] [modloading-worker-0/INFO] [quark-zeta/]: Constructing module Reacharound Placing...
[14Jul2026 18:26:29.464] [modloading-worker-0/INFO] [quark-zeta/]: Constructing module Redstone Randomizer...
[14Jul2026 18:26:29.465] [modloading-worker-0/INFO] [quark-zeta/]: Constructing module Renewable Spore Blossoms...
[14Jul2026 18:26:29.466] [modloading-worker-0/INFO] [quark-zeta/]: Constructing module Replace Scaffolding...
[14Jul2026 18:26:29.466] [modloading-worker-0/INFO] [quark-zeta/]: Constructing module Rope...
[14Jul2026 18:26:29.467] [modloading-worker-0/INFO] [quark-zeta/]: Constructing module Safer Creatures...
[14Jul2026 18:26:29.467] [modloading-worker-0/INFO] [quark-zeta/]: Constructing module Seed Pouch...
[14Jul2026 18:26:29.469] [modloading-worker-0/INFO] [quark-zeta/]: Constructing module Shear Vines...
[14Jul2026 18:26:29.482] [modloading-worker-0/INFO] [quark-zeta/]: Constructing module Shiba...
[14Jul2026 18:26:29.482] [modloading-worker-0/INFO] [quark-zeta/]: Constructing module Shingles...
[14Jul2026 18:26:29.482] [modloading-worker-0/INFO] [quark-zeta/]: Constructing module Shulker Packing...
[14Jul2026 18:26:29.483] [modloading-worker-0/INFO] [quark-zeta/]: Constructing module Simple Harvest...
[14Jul2026 18:26:29.483] [modloading-worker-0/INFO] [quark-zeta/]: Constructing module Skull Pikes...
[14Jul2026 18:26:29.484] [modloading-worker-0/INFO] [quark-zeta/]: Constructing module Slabs To Blocks...
[14Jul2026 18:26:29.484] [modloading-worker-0/INFO] [quark-zeta/]: Constructing module Slime In A Bucket...
[14Jul2026 18:26:29.486] [modloading-worker-0/INFO] [quark-zeta/]: Constructing module Slimes To Magma Cubes...
[14Jul2026 18:26:29.486] [modloading-worker-0/INFO] [quark-zeta/]: Constructing module Snow Golem Player Heads...
[14Jul2026 18:26:29.486] [modloading-worker-0/INFO] [quark-zeta/]: Constructing module Soul Candles...
[14Jul2026 18:26:29.486] [modloading-worker-0/INFO] [quark-zeta/]: Constructing module Soul Sandstone...
[14Jul2026 18:26:29.486] [modloading-worker-0/INFO] [quark-zeta/]: Constructing module Spawner Replacer...
[14Jul2026 18:26:29.486] [modloading-worker-0/INFO] [quark-zeta/]: Constructing module Spiral Spires...
[14Jul2026 18:26:29.487] [modloading-worker-0/INFO] [quark-zeta/]: Constructing module Stonelings...
[14Jul2026 18:26:29.488] [modloading-worker-0/INFO] [quark-zeta/]: Constructing module Stools...
[14Jul2026 18:26:29.488] [modloading-worker-0/INFO] [quark-zeta/]: Constructing module Sturdy Stone...
[14Jul2026 18:26:29.489] [modloading-worker-0/INFO] [quark-zeta/]: Constructing module Thatch...
[14Jul2026 18:26:29.490] [modloading-worker-0/INFO] [quark-zeta/]: Constructing module Tiny Potato...
[14Jul2026 18:26:29.490] [modloading-worker-0/INFO] [quark-zeta/]: Constructing module Torch Arrow...
[14Jul2026 18:26:29.491] [modloading-worker-0/INFO] [quark-zeta/]: Constructing module Toretoise...
[14Jul2026 18:26:29.491] [modloading-worker-0/INFO] [quark-zeta/]: Constructing module Totem Of Holding...
[14Jul2026 18:26:29.492] [modloading-worker-0/INFO] [quark-zeta/]: Constructing module Trowel...
[14Jul2026 18:26:29.493] [modloading-worker-0/INFO] [quark-zeta/]: Constructing module Usage Ticker...
[14Jul2026 18:26:29.493] [modloading-worker-0/INFO] [quark-zeta/]: Constructing module Uses For Curses...
[14Jul2026 18:26:29.493] [modloading-worker-0/INFO] [quark-zeta/]: Constructing module Utility Recipes...
[14Jul2026 18:26:29.493] [modloading-worker-0/INFO] [quark-zeta/]: Constructing module Vanilla Stone Clusters...
[14Jul2026 18:26:29.493] [modloading-worker-0/INFO] [quark-zeta/]: Constructing module Variant Animal Textures...
[14Jul2026 18:26:29.494] [modloading-worker-0/INFO] [quark-zeta/]: Constructing module Variant Bookshelves...
[14Jul2026 18:26:29.494] [modloading-worker-0/INFO] [quark-zeta/]: Constructing module Variant Chests...
[14Jul2026 18:26:29.494] [modloading-worker-0/INFO] [quark-zeta/]: Constructing module Variant Furnaces...
[14Jul2026 18:26:29.501] [modloading-worker-0/INFO] [quark-zeta/]: Constructing module Variant Ladders...
[14Jul2026 18:26:29.501] [modloading-worker-0/INFO] [quark-zeta/]: Constructing module Variant Selector...
[14Jul2026 18:26:29.503] [modloading-worker-0/INFO] [quark-zeta/]: Constructing module Vertical Planks...
[14Jul2026 18:26:29.503] [modloading-worker-0/INFO] [quark-zeta/]: Constructing module Vertical Slabs...
[14Jul2026 18:26:29.507] [modloading-worker-0/INFO] [quark-zeta/]: Constructing module Vexes Die With Their Masters...
[14Jul2026 18:26:29.507] [modloading-worker-0/INFO] [quark-zeta/]: Constructing module Villager Rerolling Rework...
[14Jul2026 18:26:29.507] [modloading-worker-0/INFO] [quark-zeta/]: Constructing module Villagers Follow Emeralds...
[14Jul2026 18:26:29.521] [modloading-worker-0/INFO] [quark-zeta/]: Constructing module Wooden Posts...
[14Jul2026 18:26:29.522] [modloading-worker-0/INFO] [quark-zeta/]: Constructing module Wool Shuts Up Minecarts...
[14Jul2026 18:26:29.522] [modloading-worker-0/INFO] [quark-zeta/]: Constructing module Wraith...
[14Jul2026 18:26:29.523] [modloading-worker-0/INFO] [quark-zeta/]: Constructing module Zombie Villagers On Normal...
[14Jul2026 18:26:29.523] [modloading-worker-0/INFO] [quark-zeta/]: Constructing module More Stone Variants...
[14Jul2026 18:26:29.523] [modloading-worker-0/INFO] [quark-zeta/]: Constructed 163 modules.
[14Jul2026 18:26:29.530] [modloading-worker-0/INFO] [xaero.map.WorldMap/]: Registering common data for channel xaeroworldmap:main!
[14Jul2026 18:26:29.533] [modloading-worker-0/INFO] [xaero.map.WorldMap/]: Loading primary common config for channel xaeroworldmap:main!
[14Jul2026 18:26:29.535] [modloading-worker-0/INFO] [dev.ryanhcode.sable.Sable/]: Sable loaded!
[14Jul2026 18:26:29.535] [modloading-worker-0/INFO] [xaero.map.WorldMap/]: Loading server config profiles for channel xaeroworldmap:main!
[14Jul2026 18:26:29.546] [modloading-worker-0/INFO] [Create: Interiors/]: Create: Interiors v0.6.1 initializing! Create version: 6.0.10 on platform: NeoForge
[14Jul2026 18:26:29.548] [modloading-worker-0/INFO] [quark-zeta/]: Doing super early config setup for quark
[14Jul2026 18:26:29.558] [modloading-worker-0/INFO] [com.leclowndu93150.corpsecurioscompat.Main/]: Hello from Gravestone Curios Compat!
[14Jul2026 18:26:29.628] [modloading-worker-0/WARN] [de.keksuccino.melody.Melody/]: [MELODY] Disabling Melody since it's loaded server-side.
[14Jul2026 18:26:29.680] [modloading-worker-0/INFO] [de.keksuccino.konkrete.Konkrete/]: [KONKRETE] Loading v1.9.9 in server-side mode on NEOFORGE!
[14Jul2026 18:26:29.680] [modloading-worker-0/INFO] [de.keksuccino.konkrete.Konkrete/]: ---------------------------
[14Jul2026 18:26:29.680] [modloading-worker-0/INFO] [de.keksuccino.konkrete.Konkrete/]: KONKRETE SHIPS AND USES THE FOLLOWING LIBRARIES:
[14Jul2026 18:26:29.680] [modloading-worker-0/INFO] [de.keksuccino.konkrete.Konkrete/]:  
[14Jul2026 18:26:29.680] [modloading-worker-0/INFO] [de.keksuccino.konkrete.Konkrete/]: Open Imaging Copyright © 2014 Dhyan Blum.
[14Jul2026 18:26:29.680] [modloading-worker-0/INFO] [de.keksuccino.konkrete.Konkrete/]: Open Imaging is licensed under Apache-2.0.
[14Jul2026 18:26:29.680] [modloading-worker-0/INFO] [de.keksuccino.konkrete.Konkrete/]:  
[14Jul2026 18:26:29.680] [modloading-worker-0/INFO] [de.keksuccino.konkrete.Konkrete/]: JsonPath Copyright © 2017 Jayway.
[14Jul2026 18:26:29.681] [modloading-worker-0/INFO] [de.keksuccino.konkrete.Konkrete/]: JsonPath is licensed under Apache-2.0.
[14Jul2026 18:26:29.681] [modloading-worker-0/INFO] [de.keksuccino.konkrete.Konkrete/]:  
[14Jul2026 18:26:29.681] [modloading-worker-0/INFO] [de.keksuccino.konkrete.Konkrete/]: Json-smart Copyright © netplex.
[14Jul2026 18:26:29.681] [modloading-worker-0/INFO] [de.keksuccino.konkrete.Konkrete/]: Json-smart is licensed under Apache-2.0.
[14Jul2026 18:26:29.681] [modloading-worker-0/INFO] [de.keksuccino.konkrete.Konkrete/]:  
[14Jul2026 18:26:29.681] [modloading-worker-0/INFO] [de.keksuccino.konkrete.Konkrete/]: Exp4j Copyright © Frank Asseg.
[14Jul2026 18:26:29.681] [modloading-worker-0/INFO] [de.keksuccino.konkrete.Konkrete/]: Exp4j is licensed under Apache-2.0. https://github.com/fasseg/exp4j
[14Jul2026 18:26:29.681] [modloading-worker-0/INFO] [de.keksuccino.konkrete.Konkrete/]: ---------------------------
[14Jul2026 18:26:29.681] [modloading-worker-0/INFO] [de.keksuccino.konkrete.Konkrete/]: [KONKRETE] Server-side modules initialized and ready to use!
[14Jul2026 18:26:29.682] [modloading-worker-0/INFO] [Puzzles Lib/]: Constructing components for diagonalblocks:common
[14Jul2026 18:26:29.878] [modloading-worker-0/INFO] [fzzy_config/]: Loaded config :emi_loot_config in 184ms
[14Jul2026 18:26:29.968] [modloading-worker-0/INFO] [Collective/]: Loading Collective version 8.29.
[14Jul2026 18:26:29.990] [modloading-worker-0/WARN] [yungsapi/]: WARNING: block Block{minecraft:gold_ore} added to BlockStateRandomizer exceeds max probabiltiy of 1!
[14Jul2026 18:26:30.034] [modloading-worker-0/INFO] [oritech/]: Begin Oritech initialization
[14Jul2026 18:26:30.050] [Collective Update Checker/WARN] [Collective/]: [Update] Collective has an update available: 8.29 -> 8.39
[14Jul2026 18:26:30.087] [modloading-worker-0/INFO] [oritech/]: Oritech initialization complete
[14Jul2026 18:26:30.134] [modloading-worker-0/INFO] [Towns and Towers/]: Loading T&T
[14Jul2026 18:26:30.154] [modloading-worker-0/INFO] [owo/]: make a man a mod, he'll be enteratined for a few minutes - teach a man to mod, and he'll mald till the end of time
[14Jul2026 18:26:30.192] [modloading-worker-0/WARN] [mixin/]: Discarding @Unique public method rotate in copycats-neoforge.mixins.json:foundation.copycat.CopycatBlockMixin from mod copycats because it already exists in com.copycatsplus.copycats.content.copycat.door.CopycatDoorBlock
[14Jul2026 18:26:30.192] [modloading-worker-0/WARN] [mixin/]: Discarding @Unique public method mirror in copycats-neoforge.mixins.json:foundation.copycat.CopycatBlockMixin from mod copycats because it already exists in com.copycatsplus.copycats.content.copycat.door.CopycatDoorBlock
[14Jul2026 18:26:30.192] [modloading-worker-0/WARN] [mixin/]: Discarding @Unique public method useItemOn in copycats-neoforge.mixins.json:foundation.copycat.CopycatBlockMixin from mod copycats because it already exists in com.copycatsplus.copycats.content.copycat.door.CopycatDoorBlock
[14Jul2026 18:26:30.192] [modloading-worker-0/INFO] [Moonlight/]: Sending changed configs to client
[14Jul2026 18:26:30.192] [modloading-worker-0/WARN] [mixin/]: Discarding @Unique public method useWithoutItem in copycats-neoforge.mixins.json:foundation.copycat.CopycatBlockMixin from mod copycats because it already exists in com.copycatsplus.copycats.content.copycat.door.CopycatDoorBlock
[14Jul2026 18:26:30.196] [modloading-worker-0/WARN] [mixin/]: Discarding @Unique public method rotate in copycats-neoforge.mixins.json:foundation.copycat.CopycatBlockMixin from mod copycats because it already exists in com.copycatsplus.copycats.content.copycat.fluid_pipe.CopycatGlassFluidPipeBlock
[14Jul2026 18:26:30.196] [modloading-worker-0/WARN] [mixin/]: Discarding @Unique public method mirror in copycats-neoforge.mixins.json:foundation.copycat.CopycatBlockMixin from mod copycats because it already exists in com.copycatsplus.copycats.content.copycat.fluid_pipe.CopycatGlassFluidPipeBlock
[14Jul2026 18:26:30.196] [modloading-worker-0/WARN] [mixin/]: Discarding @Unique public method useItemOn in copycats-neoforge.mixins.json:foundation.copycat.CopycatBlockMixin from mod copycats because it already exists in com.copycatsplus.copycats.content.copycat.fluid_pipe.CopycatGlassFluidPipeBlock
[14Jul2026 18:26:30.196] [modloading-worker-0/WARN] [mixin/]: Discarding @Unique public method useWithoutItem in copycats-neoforge.mixins.json:foundation.copycat.CopycatBlockMixin from mod copycats because it already exists in com.copycatsplus.copycats.content.copycat.fluid_pipe.CopycatGlassFluidPipeBlock
[14Jul2026 18:26:30.200] [modloading-worker-0/INFO] [xaero.lib.XaeroLib/]: Registering common data for channel xaerolib:main!
[14Jul2026 18:26:30.200] [modloading-worker-0/INFO] [xaero.lib.XaeroLib/]: Loading primary common config for channel xaerolib:main!
[14Jul2026 18:26:30.201] [modloading-worker-0/INFO] [xaero.lib.XaeroLib/]: Loading server config profiles for channel xaerolib:main!
[14Jul2026 18:26:30.205] [modloading-worker-0/INFO] [pingwheel/]: [Ping-Wheel] Init
[14Jul2026 18:26:30.205] [modloading-worker-0/WARN] [mixin/]: Discarding @Unique public method rotate in copycats-neoforge.mixins.json:foundation.copycat.multistate.MultiStateCopycatBlockMixin from mod copycats because it already exists in com.copycatsplus.copycats.foundation.copycat.multistate.MultiStateCopycatBlock
[14Jul2026 18:26:30.205] [modloading-worker-0/WARN] [mixin/]: Discarding @Unique public method mirror in copycats-neoforge.mixins.json:foundation.copycat.multistate.MultiStateCopycatBlockMixin from mod copycats because it already exists in com.copycatsplus.copycats.foundation.copycat.multistate.MultiStateCopycatBlock
[14Jul2026 18:26:30.205] [modloading-worker-0/WARN] [mixin/]: Discarding @Unique public method useItemOn in copycats-neoforge.mixins.json:foundation.copycat.multistate.MultiStateCopycatBlockMixin from mod copycats because it already exists in com.copycatsplus.copycats.foundation.copycat.multistate.MultiStateCopycatBlock
[14Jul2026 18:26:30.205] [modloading-worker-0/WARN] [mixin/]: Discarding @Unique public method useWithoutItem in copycats-neoforge.mixins.json:foundation.copycat.multistate.MultiStateCopycatBlockMixin from mod copycats because it already exists in com.copycatsplus.copycats.foundation.copycat.multistate.MultiStateCopycatBlock
[14Jul2026 18:26:30.217] [modloading-worker-0/INFO] [pingwheel/]: [Ping-Wheel] Loaded ServerConfig(defaultChannelMode=auto, playerTrackingEnabled=true, msToRegenerate=1000, rateLimit=5)
[14Jul2026 18:26:30.225] [modloading-worker-0/WARN] [mixin/]: Discarding @Unique public method rotate in copycats-neoforge.mixins.json:foundation.copycat.CopycatBlockMixin from mod copycats because it already exists in com.copycatsplus.copycats.content.copycat.sliding_door.CopycatSlidingDoorBlock
[14Jul2026 18:26:30.225] [modloading-worker-0/WARN] [mixin/]: Discarding @Unique public method mirror in copycats-neoforge.mixins.json:foundation.copycat.CopycatBlockMixin from mod copycats because it already exists in com.copycatsplus.copycats.content.copycat.sliding_door.CopycatSlidingDoorBlock
[14Jul2026 18:26:30.225] [modloading-worker-0/WARN] [mixin/]: Discarding @Unique public method useItemOn in copycats-neoforge.mixins.json:foundation.copycat.CopycatBlockMixin from mod copycats because it already exists in com.copycatsplus.copycats.content.copycat.sliding_door.CopycatSlidingDoorBlock
[14Jul2026 18:26:30.225] [modloading-worker-0/WARN] [mixin/]: Discarding @Unique public method useWithoutItem in copycats-neoforge.mixins.json:foundation.copycat.CopycatBlockMixin from mod copycats because it already exists in com.copycatsplus.copycats.content.copycat.sliding_door.CopycatSlidingDoorBlock
[14Jul2026 18:26:30.230] [modloading-worker-0/WARN] [mixin/]: Discarding @Unique public method rotate in copycats-neoforge.mixins.json:foundation.copycat.CopycatBlockMixin from mod copycats because it already exists in com.copycatsplus.copycats.foundation.copycat.CCCopycatBlock
[14Jul2026 18:26:30.230] [modloading-worker-0/WARN] [mixin/]: Discarding @Unique public method mirror in copycats-neoforge.mixins.json:foundation.copycat.CopycatBlockMixin from mod copycats because it already exists in com.copycatsplus.copycats.foundation.copycat.CCCopycatBlock
[14Jul2026 18:26:30.230] [modloading-worker-0/WARN] [mixin/]: Discarding @Unique public method useItemOn in copycats-neoforge.mixins.json:foundation.copycat.CopycatBlockMixin from mod copycats because it already exists in com.copycatsplus.copycats.foundation.copycat.CCCopycatBlock
[14Jul2026 18:26:30.230] [modloading-worker-0/WARN] [mixin/]: Discarding @Unique public method useWithoutItem in copycats-neoforge.mixins.json:foundation.copycat.CopycatBlockMixin from mod copycats because it already exists in com.copycatsplus.copycats.foundation.copycat.CCCopycatBlock
[14Jul2026 18:26:30.246] [modloading-worker-0/WARN] [mixin/]: Discarding @Unique public method rotate in copycats-neoforge.mixins.json:foundation.copycat.CopycatBlockMixin from mod copycats because it already exists in com.copycatsplus.copycats.content.copycat.button.CopycatButtonBlock
[14Jul2026 18:26:30.246] [modloading-worker-0/WARN] [mixin/]: Discarding @Unique public method mirror in copycats-neoforge.mixins.json:foundation.copycat.CopycatBlockMixin from mod copycats because it already exists in com.copycatsplus.copycats.content.copycat.button.CopycatButtonBlock
[14Jul2026 18:26:30.246] [modloading-worker-0/WARN] [mixin/]: Discarding @Unique public method useItemOn in copycats-neoforge.mixins.json:foundation.copycat.CopycatBlockMixin from mod copycats because it already exists in com.copycatsplus.copycats.content.copycat.button.CopycatButtonBlock
[14Jul2026 18:26:30.246] [modloading-worker-0/WARN] [mixin/]: Discarding @Unique public method useWithoutItem in copycats-neoforge.mixins.json:foundation.copycat.CopycatBlockMixin from mod copycats because it already exists in com.copycatsplus.copycats.content.copycat.button.CopycatButtonBlock
[14Jul2026 18:26:30.255] [modloading-worker-0/WARN] [mixin/]: Discarding @Unique public method rotate in copycats-neoforge.mixins.json:foundation.copycat.CopycatBlockMixin from mod copycats because it already exists in com.copycatsplus.copycats.content.copycat.fence.CopycatFenceBlock
[14Jul2026 18:26:30.255] [modloading-worker-0/WARN] [mixin/]: Discarding @Unique public method mirror in copycats-neoforge.mixins.json:foundation.copycat.CopycatBlockMixin from mod copycats because it already exists in com.copycatsplus.copycats.content.copycat.fence.CopycatFenceBlock
[14Jul2026 18:26:30.255] [modloading-worker-0/WARN] [mixin/]: Discarding @Unique public method useItemOn in copycats-neoforge.mixins.json:foundation.copycat.CopycatBlockMixin from mod copycats because it already exists in com.copycatsplus.copycats.content.copycat.fence.CopycatFenceBlock
[14Jul2026 18:26:30.255] [modloading-worker-0/WARN] [mixin/]: Discarding @Unique public method useWithoutItem in copycats-neoforge.mixins.json:foundation.copycat.CopycatBlockMixin from mod copycats because it already exists in com.copycatsplus.copycats.content.copycat.fence.CopycatFenceBlock
[14Jul2026 18:26:30.260] [modloading-worker-0/WARN] [mixin/]: Discarding @Unique public method rotate in copycats-neoforge.mixins.json:foundation.copycat.CopycatBlockMixin from mod copycats because it already exists in com.copycatsplus.copycats.content.copycat.fence_gate.CopycatFenceGateBlock
[14Jul2026 18:26:30.261] [modloading-worker-0/WARN] [mixin/]: Discarding @Unique public method mirror in copycats-neoforge.mixins.json:foundation.copycat.CopycatBlockMixin from mod copycats because it already exists in com.copycatsplus.copycats.content.copycat.fence_gate.CopycatFenceGateBlock
[14Jul2026 18:26:30.261] [modloading-worker-0/WARN] [mixin/]: Discarding @Unique public method useItemOn in copycats-neoforge.mixins.json:foundation.copycat.CopycatBlockMixin from mod copycats because it already exists in com.copycatsplus.copycats.content.copycat.fence_gate.CopycatFenceGateBlock
[14Jul2026 18:26:30.261] [modloading-worker-0/WARN] [mixin/]: Discarding @Unique public method useWithoutItem in copycats-neoforge.mixins.json:foundation.copycat.CopycatBlockMixin from mod copycats because it already exists in com.copycatsplus.copycats.content.copycat.fence_gate.CopycatFenceGateBlock
[14Jul2026 18:26:30.267] [modloading-worker-0/INFO] [net.blay09.mods.balm.neoforge.config.NeoForgeBalmConfig/]: Registering config for waystones:common (COMMON) with 34 properties.
[14Jul2026 18:26:30.271] [modloading-worker-0/WARN] [mixin/]: Discarding @Unique public method rotate in copycats-neoforge.mixins.json:foundation.copycat.CopycatBlockMixin from mod copycats because it already exists in com.copycatsplus.copycats.content.copycat.ladder.CopycatLadderBlock
[14Jul2026 18:26:30.271] [modloading-worker-0/WARN] [mixin/]: Discarding @Unique public method mirror in copycats-neoforge.mixins.json:foundation.copycat.CopycatBlockMixin from mod copycats because it already exists in com.copycatsplus.copycats.content.copycat.ladder.CopycatLadderBlock
[14Jul2026 18:26:30.271] [modloading-worker-0/WARN] [mixin/]: Discarding @Unique public method useItemOn in copycats-neoforge.mixins.json:foundation.copycat.CopycatBlockMixin from mod copycats because it already exists in com.copycatsplus.copycats.content.copycat.ladder.CopycatLadderBlock
[14Jul2026 18:26:30.271] [modloading-worker-0/WARN] [mixin/]: Discarding @Unique public method useWithoutItem in copycats-neoforge.mixins.json:foundation.copycat.CopycatBlockMixin from mod copycats because it already exists in com.copycatsplus.copycats.content.copycat.ladder.CopycatLadderBlock
[14Jul2026 18:26:30.278] [modloading-worker-0/WARN] [mixin/]: Discarding @Unique public method rotate in copycats-neoforge.mixins.json:foundation.copycat.CopycatBlockMixin from mod copycats because it already exists in com.copycatsplus.copycats.content.copycat.pressure_plate.CopycatPressurePlateBlock
[14Jul2026 18:26:30.278] [modloading-worker-0/WARN] [mixin/]: Discarding @Unique public method mirror in copycats-neoforge.mixins.json:foundation.copycat.CopycatBlockMixin from mod copycats because it already exists in com.copycatsplus.copycats.content.copycat.pressure_plate.CopycatPressurePlateBlock
[14Jul2026 18:26:30.278] [modloading-worker-0/WARN] [mixin/]: Discarding @Unique public method useItemOn in copycats-neoforge.mixins.json:foundation.copycat.CopycatBlockMixin from mod copycats because it already exists in com.copycatsplus.copycats.content.copycat.pressure_plate.CopycatPressurePlateBlock
[14Jul2026 18:26:30.278] [modloading-worker-0/WARN] [mixin/]: Discarding @Unique public method useWithoutItem in copycats-neoforge.mixins.json:foundation.copycat.CopycatBlockMixin from mod copycats because it already exists in com.copycatsplus.copycats.content.copycat.pressure_plate.CopycatPressurePlateBlock
[14Jul2026 18:26:30.283] [modloading-worker-0/WARN] [mixin/]: Discarding @Unique public method rotate in copycats-neoforge.mixins.json:foundation.copycat.CopycatBlockMixin from mod copycats because it already exists in com.copycatsplus.copycats.content.copycat.pressure_plate.CopycatWeightedPressurePlate
[14Jul2026 18:26:30.283] [modloading-worker-0/WARN] [mixin/]: Discarding @Unique public method mirror in copycats-neoforge.mixins.json:foundation.copycat.CopycatBlockMixin from mod copycats because it already exists in com.copycatsplus.copycats.content.copycat.pressure_plate.CopycatWeightedPressurePlate
[14Jul2026 18:26:30.283] [modloading-worker-0/WARN] [mixin/]: Discarding @Unique public method useItemOn in copycats-neoforge.mixins.json:foundation.copycat.CopycatBlockMixin from mod copycats because it already exists in com.copycatsplus.copycats.content.copycat.pressure_plate.CopycatWeightedPressurePlate
[14Jul2026 18:26:30.283] [modloading-worker-0/WARN] [mixin/]: Discarding @Unique public method useWithoutItem in copycats-neoforge.mixins.json:foundation.copycat.CopycatBlockMixin from mod copycats because it already exists in com.copycatsplus.copycats.content.copycat.pressure_plate.CopycatWeightedPressurePlate
[14Jul2026 18:26:30.290] [modloading-worker-0/WARN] [mixin/]: Discarding @Unique public method rotate in copycats-neoforge.mixins.json:foundation.copycat.CopycatBlockMixin from mod copycats because it already exists in com.copycatsplus.copycats.content.copycat.stairs.CopycatStairsBlock
[14Jul2026 18:26:30.290] [modloading-worker-0/WARN] [mixin/]: Discarding @Unique public method mirror in copycats-neoforge.mixins.json:foundation.copycat.CopycatBlockMixin from mod copycats because it already exists in com.copycatsplus.copycats.content.copycat.stairs.CopycatStairsBlock
[14Jul2026 18:26:30.290] [modloading-worker-0/WARN] [mixin/]: Discarding @Unique public method useItemOn in copycats-neoforge.mixins.json:foundation.copycat.CopycatBlockMixin from mod copycats because it already exists in com.copycatsplus.copycats.content.copycat.stairs.CopycatStairsBlock
[14Jul2026 18:26:30.290] [modloading-worker-0/WARN] [mixin/]: Discarding @Unique public method useWithoutItem in copycats-neoforge.mixins.json:foundation.copycat.CopycatBlockMixin from mod copycats because it already exists in com.copycatsplus.copycats.content.copycat.stairs.CopycatStairsBlock
[14Jul2026 18:26:30.297] [modloading-worker-0/WARN] [mixin/]: Discarding @Unique public method rotate in copycats-neoforge.mixins.json:foundation.copycat.CopycatBlockMixin from mod copycats because it already exists in com.copycatsplus.copycats.content.copycat.trapdoor.CopycatTrapdoorBlock
[14Jul2026 18:26:30.297] [modloading-worker-0/WARN] [mixin/]: Discarding @Unique public method mirror in copycats-neoforge.mixins.json:foundation.copycat.CopycatBlockMixin from mod copycats because it already exists in com.copycatsplus.copycats.content.copycat.trapdoor.CopycatTrapdoorBlock
[14Jul2026 18:26:30.297] [modloading-worker-0/WARN] [mixin/]: Discarding @Unique public method useItemOn in copycats-neoforge.mixins.json:foundation.copycat.CopycatBlockMixin from mod copycats because it already exists in com.copycatsplus.copycats.content.copycat.trapdoor.CopycatTrapdoorBlock
[14Jul2026 18:26:30.297] [modloading-worker-0/WARN] [mixin/]: Discarding @Unique public method useWithoutItem in copycats-neoforge.mixins.json:foundation.copycat.CopycatBlockMixin from mod copycats because it already exists in com.copycatsplus.copycats.content.copycat.trapdoor.CopycatTrapdoorBlock
[14Jul2026 18:26:30.304] [modloading-worker-0/WARN] [mixin/]: Discarding @Unique public method rotate in copycats-neoforge.mixins.json:foundation.copycat.CopycatBlockMixin from mod copycats because it already exists in com.copycatsplus.copycats.content.copycat.wall.CopycatWallBlock
[14Jul2026 18:26:30.304] [modloading-worker-0/WARN] [mixin/]: Discarding @Unique public method mirror in copycats-neoforge.mixins.json:foundation.copycat.CopycatBlockMixin from mod copycats because it already exists in com.copycatsplus.copycats.content.copycat.wall.CopycatWallBlock
[14Jul2026 18:26:30.304] [modloading-worker-0/WARN] [mixin/]: Discarding @Unique public method useItemOn in copycats-neoforge.mixins.json:foundation.copycat.CopycatBlockMixin from mod copycats because it already exists in com.copycatsplus.copycats.content.copycat.wall.CopycatWallBlock
[14Jul2026 18:26:30.304] [modloading-worker-0/WARN] [mixin/]: Discarding @Unique public method useWithoutItem in copycats-neoforge.mixins.json:foundation.copycat.CopycatBlockMixin from mod copycats because it already exists in com.copycatsplus.copycats.content.copycat.wall.CopycatWallBlock
[14Jul2026 18:26:30.310] [modloading-worker-0/INFO] [azurelib/FileWatching]: Registered azurelib config for auto-sync function
[14Jul2026 18:26:30.311] [modloading-worker-0/WARN] [mixin/]: Discarding @Unique public method rotate in copycats-neoforge.mixins.json:foundation.copycat.CopycatBlockMixin from mod copycats because it already exists in com.copycatsplus.copycats.content.copycat.shaft.CopycatShaftBlock
[14Jul2026 18:26:30.311] [modloading-worker-0/WARN] [mixin/]: Discarding @Unique public method mirror in copycats-neoforge.mixins.json:foundation.copycat.CopycatBlockMixin from mod copycats because it already exists in com.copycatsplus.copycats.content.copycat.shaft.CopycatShaftBlock
[14Jul2026 18:26:30.311] [modloading-worker-0/WARN] [mixin/]: Discarding @Unique public method useItemOn in copycats-neoforge.mixins.json:foundation.copycat.CopycatBlockMixin from mod copycats because it already exists in com.copycatsplus.copycats.content.copycat.shaft.CopycatShaftBlock
[14Jul2026 18:26:30.311] [modloading-worker-0/WARN] [mixin/]: Discarding @Unique public method useWithoutItem in copycats-neoforge.mixins.json:foundation.copycat.CopycatBlockMixin from mod copycats because it already exists in com.copycatsplus.copycats.content.copycat.shaft.CopycatShaftBlock
[14Jul2026 18:26:30.316] [modloading-worker-0/WARN] [mixin/]: Discarding @Unique public method rotate in copycats-neoforge.mixins.json:foundation.copycat.multistate.MultiStateCopycatBlockMixin from mod copycats because it already exists in com.copycatsplus.copycats.content.copycat.cogwheel.CopycatCogWheelBlock
[14Jul2026 18:26:30.316] [modloading-worker-0/WARN] [mixin/]: Discarding @Unique public method mirror in copycats-neoforge.mixins.json:foundation.copycat.multistate.MultiStateCopycatBlockMixin from mod copycats because it already exists in com.copycatsplus.copycats.content.copycat.cogwheel.CopycatCogWheelBlock
[14Jul2026 18:26:30.316] [modloading-worker-0/WARN] [mixin/]: Discarding @Unique public method useItemOn in copycats-neoforge.mixins.json:foundation.copycat.multistate.MultiStateCopycatBlockMixin from mod copycats because it already exists in com.copycatsplus.copycats.content.copycat.cogwheel.CopycatCogWheelBlock
[14Jul2026 18:26:30.316] [modloading-worker-0/WARN] [mixin/]: Discarding @Unique public method useWithoutItem in copycats-neoforge.mixins.json:foundation.copycat.multistate.MultiStateCopycatBlockMixin from mod copycats because it already exists in com.copycatsplus.copycats.content.copycat.cogwheel.CopycatCogWheelBlock
[14Jul2026 18:26:30.329] [modloading-worker-0/WARN] [mixin/]: Discarding @Unique public method rotate in copycats-neoforge.mixins.json:foundation.copycat.CopycatBlockMixin from mod copycats because it already exists in com.copycatsplus.copycats.content.copycat.fluid_pipe.CopycatFluidPipeBlock
[14Jul2026 18:26:30.329] [modloading-worker-0/WARN] [mixin/]: Discarding @Unique public method mirror in copycats-neoforge.mixins.json:foundation.copycat.CopycatBlockMixin from mod copycats because it already exists in com.copycatsplus.copycats.content.copycat.fluid_pipe.CopycatFluidPipeBlock
[14Jul2026 18:26:30.329] [modloading-worker-0/WARN] [mixin/]: Discarding @Unique public method useItemOn in copycats-neoforge.mixins.json:foundation.copycat.CopycatBlockMixin from mod copycats because it already exists in com.copycatsplus.copycats.content.copycat.fluid_pipe.CopycatFluidPipeBlock
[14Jul2026 18:26:30.329] [modloading-worker-0/WARN] [mixin/]: Discarding @Unique public method useWithoutItem in copycats-neoforge.mixins.json:foundation.copycat.CopycatBlockMixin from mod copycats because it already exists in com.copycatsplus.copycats.content.copycat.fluid_pipe.CopycatFluidPipeBlock
[14Jul2026 18:26:30.334] [modloading-worker-0/INFO] [Moonlight/]: Sending changed configs to client
[14Jul2026 18:26:30.335] [modloading-worker-0/WARN] [mixin/]: Discarding @Unique public method rotate in copycats-neoforge.mixins.json:foundation.copycat.CopycatBlockMixin from mod copycats because it already exists in com.copycatsplus.copycats.content.copycat.pane.CopycatPaneBlock
[14Jul2026 18:26:30.335] [modloading-worker-0/WARN] [mixin/]: Discarding @Unique public method mirror in copycats-neoforge.mixins.json:foundation.copycat.CopycatBlockMixin from mod copycats because it already exists in com.copycatsplus.copycats.content.copycat.pane.CopycatPaneBlock
[14Jul2026 18:26:30.335] [modloading-worker-0/WARN] [mixin/]: Discarding @Unique public method useItemOn in copycats-neoforge.mixins.json:foundation.copycat.CopycatBlockMixin from mod copycats because it already exists in com.copycatsplus.copycats.content.copycat.pane.CopycatPaneBlock
[14Jul2026 18:26:30.335] [modloading-worker-0/WARN] [mixin/]: Discarding @Unique public method useWithoutItem in copycats-neoforge.mixins.json:foundation.copycat.CopycatBlockMixin from mod copycats because it already exists in com.copycatsplus.copycats.content.copycat.pane.CopycatPaneBlock
[14Jul2026 18:26:30.338] [modloading-worker-0/INFO] [PluginManager/]: Scanning classes for titanium
[14Jul2026 18:26:30.343] [modloading-worker-0/WARN] [mixin/]: Discarding @Unique public method onLoad in copycats-neoforge.mixins.json:foundation.copycat.CopycatBlockEntityMixin from mod copycats because it already exists in com.copycatsplus.copycats.foundation.copycat.CCCopycatBlockEntity
[14Jul2026 18:26:30.345] [modloading-worker-0/WARN] [mixin/]: Discarding @Unique public method onLoad in copycats-neoforge.mixins.json:foundation.copycat.multistate.MultiStateCopycatBlockEntityMixin from mod copycats because it already exists in com.copycatsplus.copycats.foundation.copycat.multistate.MultiStateCopycatBlockEntity
[14Jul2026 18:26:30.348] [modloading-worker-0/WARN] [mixin/]: Discarding @Unique public method onLoad in copycats-neoforge.mixins.json:foundation.copycat.CopycatBlockEntityMixin from mod copycats because it already exists in com.copycatsplus.copycats.content.copycat.shaft.CopycatShaftBlockEntity
[14Jul2026 18:26:30.350] [modloading-worker-0/WARN] [mixin/]: Discarding @Unique public method onLoad in copycats-neoforge.mixins.json:foundation.copycat.multistate.MultiStateCopycatBlockEntityMixin from mod copycats because it already exists in com.copycatsplus.copycats.content.copycat.cogwheel.CopycatCogWheelBlockEntity
[14Jul2026 18:26:30.351] [modloading-worker-0/WARN] [mixin/]: Discarding @Unique public method onLoad in copycats-neoforge.mixins.json:foundation.copycat.CopycatBlockEntityMixin from mod copycats because it already exists in com.copycatsplus.copycats.content.copycat.fluid_pipe.CopycatFluidPipeBlockEntity
[14Jul2026 18:26:30.352] [modloading-worker-0/WARN] [mixin/]: Discarding @Unique public method onLoad in copycats-neoforge.mixins.json:foundation.copycat.CopycatBlockEntityMixin from mod copycats because it already exists in com.copycatsplus.copycats.content.copycat.fluid_pipe.CopycatStraightPipeBlockEntity
[14Jul2026 18:26:30.355] [modloading-worker-0/WARN] [mixin/]: Discarding @Unique public method onLoad in copycats-neoforge.mixins.json:foundation.copycat.CopycatBlockEntityMixin from mod copycats because it already exists in com.copycatsplus.copycats.content.copycat.sliding_door.CopycatSlidingDoorBlockEntity
[14Jul2026 18:26:30.415] [modloading-worker-0/INFO] [Puzzles Lib/]: Constructing components for diagonalfences:common
[14Jul2026 18:26:30.438] [modloading-worker-0/INFO] [coroutil/]: neo forge loader environment detected
[14Jul2026 18:26:30.480] [modloading-worker-0/INFO] [PluginManager/]: Scanning classes for functionalstorage
[14Jul2026 18:26:30.481] [modloading-worker-0/INFO] [YetAnotherConfigLib/]: Deserializing YACLConfig from '/home/container/config/yacl.json5'
[14Jul2026 18:26:30.484] [modloading-worker-0/INFO] [com.zerog.neoessentials.NeoEssentials/]: ╔════════════════════════════════════════════════════════════════╗
[14Jul2026 18:26:30.484] [modloading-worker-0/INFO] [com.zerog.neoessentials.NeoEssentials/]: ║         NeoEssentials v1.0.2.5 (Build #1074)         ║
[14Jul2026 18:26:30.484] [modloading-worker-0/INFO] [com.zerog.neoessentials.NeoEssentials/]: ║    Minecraft 1.21.1-1.21.10 | NeoForge 21.1.179+        ║
[14Jul2026 18:26:30.484] [modloading-worker-0/INFO] [com.zerog.neoessentials.NeoEssentials/]: ╚════════════════════════════════════════════════════════════════╝
[14Jul2026 18:26:30.484] [modloading-worker-0/INFO] [com.zerog.neoessentials.NeoEssentials/]: 
[14Jul2026 18:26:30.484] [modloading-worker-0/INFO] [com.zerog.neoessentials.NeoEssentials/]: Initializing NeoEssentials systems...
[14Jul2026 18:26:30.484] [modloading-worker-0/INFO] [com.zerog.neoessentials.NeoEssentials/]: ⚙ Initializing PlaceholderAPI system...
[14Jul2026 18:26:30.486] [modloading-worker-0/INFO] [com.zerog.neoessentials.api.PlaceholderManager/]: PlaceholderAPI Manager initialized
[14Jul2026 18:26:30.486] [modloading-worker-0/INFO] [com.zerog.neoessentials.api.PlaceholderManager/]: Registered placeholder expansion: neoessentials v1.0.0 by ZeroG Network
[14Jul2026 18:26:30.486] [modloading-worker-0/INFO] [com.zerog.neoessentials.NeoEssentials/]: PlaceholderAPI initialized with 29 default placeholders
[14Jul2026 18:26:30.487] [modloading-worker-0/INFO] [com.zerog.neoessentials.NeoEssentials/]: ✓ PlaceholderAPI system initialized successfully
[14Jul2026 18:26:30.487] [modloading-worker-0/INFO] [com.zerog.neoessentials.NeoEssentials/]: ⚙ Registering system managers...
[14Jul2026 18:26:30.527] [modloading-worker-0/INFO] [com.zerog.neoessentials.chat.AfkManager/]: Loaded AFK data for 0 players
[14Jul2026 18:26:30.537] [modloading-worker-0/INFO] [com.zerog.neoessentials.teleportation.Warp.WarpManager/]: No warps file found, starting with empty warps
[14Jul2026 18:26:30.539] [modloading-worker-0/INFO] [com.zerog.neoessentials.teleportation.Spawn.SpawnManager/]: No spawn file found, using world spawn
[14Jul2026 18:26:30.544] [modloading-worker-0/INFO] [com.zerog.neoessentials.webdashboard.security.AuthenticationManager/]: Loaded 1 users from file
[14Jul2026 18:26:30.546] [modloading-worker-0/INFO] [com.zerog.neoessentials.NeoEssentials/]: ✓ Registered 13 managers across 8 categories
[14Jul2026 18:26:30.549] [modloading-worker-0/INFO] [STDOUT/]: [com.zerog.neoessentials.util.MessageUtil:logInfo:397]: [NeoEssentials-Lang] INFO: [Lang] Working directory: /home/container
[14Jul2026 18:26:30.549] [modloading-worker-0/INFO] [STDOUT/]: [com.zerog.neoessentials.util.MessageUtil:logInfo:397]: [NeoEssentials-Lang] INFO: [Lang] Resolved language file path: /home/container/neoessentials/languages/custom/en_us.json
[14Jul2026 18:26:30.549] [modloading-worker-0/INFO] [STDOUT/]: [com.zerog.neoessentials.util.MessageUtil:logInfo:397]: [NeoEssentials-Lang] INFO: Custom language file exists: /home/container/neoessentials/languages/custom/en_us.json
[14Jul2026 18:26:30.550] [modloading-worker-0/INFO] [com.zerog.neoessentials.NeoEssentials/]: 
[14Jul2026 18:26:30.550] [modloading-worker-0/INFO] [com.zerog.neoessentials.NeoEssentials/]: ✓ NeoEssentials initialized successfully in 66ms
[14Jul2026 18:26:30.550] [modloading-worker-0/INFO] [com.zerog.neoessentials.NeoEssentials/]: ════════════════════════════════════════════════════════════════
[14Jul2026 18:26:30.550] [modloading-worker-0/INFO] [com.zerog.neoessentials.NeoEssentials/]: 
[14Jul2026 18:26:31.360] [modloading-sync-worker/INFO] [pneumaticcraft/]: Third party integration activated for [immersiveengineering,computercraft,jei,mekanism,ftbteams,curios,patchouli,create]
[14Jul2026 18:26:32.350] [modloading-sync-worker/INFO] [Diagonal Blocks/]: Constructing shapes for DiagonalFenceBlock[NodeWidth=2.0,ExtensionWidth=2.0,NodeTop=24.0,ExtensionBottom=0.0,ExtensionTop=24.0] took 15ms
[14Jul2026 18:26:32.364] [modloading-sync-worker/INFO] [Diagonal Blocks/]: Constructing shapes for DiagonalFenceBlock[NodeWidth=2.0,ExtensionWidth=2.0,NodeTop=16.0,ExtensionBottom=0.0,ExtensionTop=16.0] took 10ms
[14Jul2026 18:26:32.392] [modloading-sync-worker/INFO] [Diagonal Blocks/]: Constructing shapes for DiagonalFenceBlock[NodeWidth=2.0,ExtensionWidth=1.0,NodeTop=16.0,ExtensionBottom=6.0,ExtensionTop=15.0] took 26ms
[14Jul2026 18:26:34.405] [modloading-sync-worker/INFO] [Moonlight/]: Initialized block sets in 32ms
[14Jul2026 18:26:35.792] [modloading-sync-worker/INFO] [Moonlight/]: Sending changed configs to client
[14Jul2026 18:26:35.793] [modloading-sync-worker/INFO] [PluginManager/]: Executing phase CONFIG_LOAD for plugin class PatchouliPlugin
[14Jul2026 18:26:35.793] [modloading-sync-worker/INFO] [PluginManager/]: Executing phase CONFIG_LOAD for plugin class CuriosPlugin
[14Jul2026 18:26:35.793] [modloading-sync-worker/INFO] [PluginManager/]: Executing phase CONFIG_LOAD for plugin class PatchouliPlugin
[14Jul2026 18:26:35.793] [modloading-sync-worker/INFO] [PluginManager/]: Executing phase CONFIG_LOAD for plugin class CuriosPlugin
[14Jul2026 18:26:35.793] [modloading-sync-worker/INFO] [PluginManager/]: Executing phase CONFIG_LOAD for plugin class PatchouliPlugin
[14Jul2026 18:26:35.793] [modloading-sync-worker/INFO] [PluginManager/]: Executing phase CONFIG_LOAD for plugin class CuriosPlugin
[14Jul2026 18:26:35.793] [modloading-sync-worker/INFO] [PluginManager/]: Executing phase CONFIG_LOAD for plugin class PatchouliPlugin
[14Jul2026 18:26:35.793] [modloading-sync-worker/INFO] [PluginManager/]: Executing phase CONFIG_LOAD for plugin class CuriosPlugin
[14Jul2026 18:26:35.794] [modloading-sync-worker/INFO] [PluginManager/]: Executing phase CONFIG_LOAD for plugin class PatchouliPlugin
[14Jul2026 18:26:35.794] [modloading-sync-worker/INFO] [PluginManager/]: Executing phase CONFIG_LOAD for plugin class CuriosPlugin
[14Jul2026 18:26:35.794] [modloading-sync-worker/INFO] [PluginManager/]: Executing phase CONFIG_LOAD for plugin class PatchouliPlugin
[14Jul2026 18:26:35.794] [modloading-sync-worker/INFO] [PluginManager/]: Executing phase CONFIG_LOAD for plugin class CuriosPlugin
[14Jul2026 18:26:35.828] [modloading-sync-worker/WARN] [yungsapi/]: WARNING: block Block{minecraft:gold_ore} added to BlockStateRandomizer exceeds max probabiltiy of 1!
[14Jul2026 18:26:35.830] [modloading-sync-worker/INFO] [Moonlight/]: Sending changed configs to client
[14Jul2026 18:26:35.834] [modloading-sync-worker/INFO] [Moonlight/]: Sending changed configs to client
[14Jul2026 18:26:35.839] [modloading-worker-0/INFO] [xaero.pac.OpenPartiesAndClaims/]: Loading Open Parties and Claims!
[14Jul2026 18:26:35.842] [NeoForge Version Check/INFO] [net.neoforged.fml.VersionChecker/]: [krypton_fnp] Starting version check at https://mvnc.pkg.one/update/mod/krypton_fnp/forge_update.json
[14Jul2026 18:26:35.843] [modloading-worker-0/INFO] [PluginManager/]: Executing phase COMMON_SETUP for plugin class PatchouliPlugin
[14Jul2026 18:26:35.843] [modloading-worker-0/INFO] [PluginManager/]: Executing phase COMMON_SETUP for plugin class CuriosPlugin
[14Jul2026 18:26:35.844] [modloading-worker-0/INFO] [quark/]: added [block.quark.ancient_sapling] to CompostManager with chance 0.3
[14Jul2026 18:26:35.844] [modloading-worker-0/INFO] [quark/]: added [block.quark.ancient_leaves] to CompostManager with chance 0.3
[14Jul2026 18:26:35.844] [modloading-worker-0/INFO] [quark/]: added [item.quark.ancient_fruit] to CompostManager with chance 0.65
[14Jul2026 18:26:35.846] [modloading-worker-0/INFO] [toms_trading_network/]: Tom's Trading Network Setup starting
[14Jul2026 18:26:35.846] [modloading-worker-0/INFO] [quark/]: added [block.quark.blue_blossom_leaves] to CompostManager with chance 0.3
[14Jul2026 18:26:35.846] [modloading-worker-0/INFO] [quark/]: added [block.quark.blue_blossom_sapling] to CompostManager with chance 0.3
[14Jul2026 18:26:35.846] [modloading-worker-0/INFO] [quark/]: added [block.quark.lavender_blossom_leaves] to CompostManager with chance 0.3
[14Jul2026 18:26:35.846] [modloading-worker-0/INFO] [quark/]: added [block.quark.lavender_blossom_sapling] to CompostManager with chance 0.3
[14Jul2026 18:26:35.846] [modloading-worker-0/INFO] [quark/]: added [block.quark.orange_blossom_leaves] to CompostManager with chance 0.3
[14Jul2026 18:26:35.847] [modloading-worker-0/INFO] [quark/]: added [block.quark.orange_blossom_sapling] to CompostManager with chance 0.3
[14Jul2026 18:26:35.847] [modloading-worker-0/INFO] [quark/]: added [block.quark.yellow_blossom_leaves] to CompostManager with chance 0.3
[14Jul2026 18:26:35.847] [modloading-worker-0/INFO] [quark/]: added [block.quark.yellow_blossom_sapling] to CompostManager with chance 0.3
[14Jul2026 18:26:35.847] [modloading-worker-0/INFO] [quark/]: added [block.quark.red_blossom_leaves] to CompostManager with chance 0.3
[14Jul2026 18:26:35.847] [modloading-worker-0/INFO] [quark/]: added [block.quark.red_blossom_sapling] to CompostManager with chance 0.3
[14Jul2026 18:26:35.847] [modloading-worker-0/INFO] [quark/]: added [block.quark.apple_crate] to CompostManager with chance 1.0
[14Jul2026 18:26:35.847] [modloading-worker-0/INFO] [quark/]: added [block.quark.potato_crate] to CompostManager with chance 1.0
[14Jul2026 18:26:35.847] [modloading-worker-0/INFO] [quark/]: added [block.quark.carrot_crate] to CompostManager with chance 1.0
[14Jul2026 18:26:35.847] [modloading-worker-0/INFO] [quark/]: added [block.quark.beetroot_crate] to CompostManager with chance 1.0
[14Jul2026 18:26:35.847] [modloading-worker-0/INFO] [quark/]: added [block.quark.cocoa_beans_sack] to CompostManager with chance 1.0
[14Jul2026 18:26:35.847] [modloading-worker-0/INFO] [quark/]: added [block.quark.nether_wart_sack] to CompostManager with chance 1.0
[14Jul2026 18:26:35.847] [modloading-worker-0/INFO] [quark/]: added [block.quark.berry_sack] to CompostManager with chance 1.0
[14Jul2026 18:26:35.847] [modloading-worker-0/INFO] [quark/]: added [block.quark.glowberry_sack] to CompostManager with chance 1.0
[14Jul2026 18:26:35.854] [modloading-worker-0/INFO] [quark/]: added [block.quark.glow_shroom] to CompostManager with chance 0.65
[14Jul2026 18:26:35.854] [modloading-worker-0/INFO] [quark/]: added [block.quark.glow_shroom_block] to CompostManager with chance 0.65
[14Jul2026 18:26:35.854] [modloading-worker-0/INFO] [quark/]: added [block.quark.glow_shroom_stem] to CompostManager with chance 0.65
[14Jul2026 18:26:35.854] [modloading-worker-0/INFO] [quark/]: added [block.quark.glow_shroom_ring] to CompostManager with chance 0.65
[14Jul2026 18:26:35.854] [modloading-worker-0/INFO] [quark/]: added [block.quark.glow_lichen_growth] to CompostManager with chance 0.5
[14Jul2026 18:26:35.854] [modloading-worker-0/INFO] [quark/]: added [block.quark.oak_leaf_carpet] to CompostManager with chance 0.2
[14Jul2026 18:26:35.854] [modloading-worker-0/INFO] [quark/]: added [block.quark.spruce_leaf_carpet] to CompostManager with chance 0.2
[14Jul2026 18:26:35.854] [modloading-worker-0/INFO] [quark/]: added [block.quark.birch_leaf_carpet] to CompostManager with chance 0.2
[14Jul2026 18:26:35.854] [modloading-worker-0/INFO] [quark/]: added [block.quark.jungle_leaf_carpet] to CompostManager with chance 0.2
[14Jul2026 18:26:35.854] [modloading-worker-0/INFO] [quark/]: added [block.quark.acacia_leaf_carpet] to CompostManager with chance 0.2
[14Jul2026 18:26:35.854] [modloading-worker-0/INFO] [quark/]: added [block.quark.dark_oak_leaf_carpet] to CompostManager with chance 0.2
[14Jul2026 18:26:35.854] [modloading-worker-0/INFO] [quark/]: added [block.quark.mangrove_leaf_carpet] to CompostManager with chance 0.2
[14Jul2026 18:26:35.854] [modloading-worker-0/INFO] [quark/]: added [block.quark.cherry_leaf_carpet] to CompostManager with chance 0.2
[14Jul2026 18:26:35.854] [modloading-worker-0/INFO] [quark/]: added [block.quark.azalea_leaf_carpet] to CompostManager with chance 0.2
[14Jul2026 18:26:35.854] [modloading-worker-0/INFO] [quark/]: added [block.quark.flowering_azalea_leaf_carpet] to CompostManager with chance 0.2
[14Jul2026 18:26:35.854] [modloading-worker-0/INFO] [quark/]: added [block.quark.blue_blossom_leaf_carpet] to CompostManager with chance 0.2
[14Jul2026 18:26:35.854] [modloading-worker-0/INFO] [quark/]: added [block.quark.lavender_blossom_leaf_carpet] to CompostManager with chance 0.2
[14Jul2026 18:26:35.854] [modloading-worker-0/INFO] [quark/]: added [block.quark.orange_blossom_leaf_carpet] to CompostManager with chance 0.2
[14Jul2026 18:26:35.854] [modloading-worker-0/INFO] [quark/]: added [block.quark.yellow_blossom_leaf_carpet] to CompostManager with chance 0.2
[14Jul2026 18:26:35.854] [modloading-worker-0/INFO] [quark/]: added [block.quark.red_blossom_leaf_carpet] to CompostManager with chance 0.2
[14Jul2026 18:26:35.854] [modloading-worker-0/INFO] [quark/]: added [block.quark.ancient_leaf_carpet] to CompostManager with chance 0.2
[14Jul2026 18:26:35.855] [modloading-worker-0/INFO] [quark/]: added [block.quark.thatch] to CompostManager with chance 0.65
[14Jul2026 18:26:35.855] [modloading-worker-0/INFO] [quark/]: added [Poisonous Potato] to CompostManager with chance 0.85
[14Jul2026 18:26:35.855] [modloading-worker-0/INFO] [quark/]: added [Rotten Flesh] to CompostManager with chance 0.3
[14Jul2026 18:26:35.860] [modloading-worker-0/INFO] [mekanism.common.Mekanism/]: Version 10.7.19 initializing...
[14Jul2026 18:26:35.862] [modloading-worker-0/INFO] [pneumaticcraft/]: PneumaticCraft: Repressurized is loading!
[14Jul2026 18:26:35.884] [Immersive Engineering Contributors Thread/INFO] [immersiveengineering/]: Attempting to download special revolvers from GitHub
[14Jul2026 18:26:35.938] [modloading-worker-0/INFO] [xaero.lib.XaeroLib/]: Loading XaeroLib common 1/2!
[14Jul2026 18:26:35.939] [modloading-worker-0/INFO] [mekanism.common.Mekanism/]: Initialized HolidayManager.
[14Jul2026 18:26:35.943] [modloading-worker-0/INFO] [STDOUT/]: [toni.lib.TxniLib:onInitialize:75]: TxniLib onInitialize!
[14Jul2026 18:26:35.945] [modloading-worker-0/INFO] [mcjtylib/]: RFTools Storage Detected XNet: enabling support
[14Jul2026 18:26:35.948] [modloading-worker-0/INFO] [mekanism.common.Mekanism/]: Fake player readout: UUID = 46e82cd0-d480-3d48-800a-77431ede078e, name = [Mekanism]
[14Jul2026 18:26:35.948] [modloading-worker-0/INFO] [mekanism.common.Mekanism/]: Mod loaded.
[14Jul2026 18:26:35.949] [modloading-worker-0/INFO] [mekanism.common.Mekanism/]: Loaded 'Mekanism: Generators' module.
[14Jul2026 18:26:35.949] [modloading-worker-0/INFO] [mekanism.common.Mekanism/]: Loaded 'Mekanism: Additions' module.
[14Jul2026 18:26:35.949] [modloading-worker-0/INFO] [mekanism.common.Mekanism/]: Loaded 'Mekanism: Tools' module.
[14Jul2026 18:26:35.950] [modloading-worker-0/INFO] [com.klikli_dev.theurgy.Theurgy/]: Common setup complete.
[14Jul2026 18:26:35.961] [NeoForge Version Check/INFO] [net.neoforged.fml.VersionChecker/]: [krypton_fnp] Found status: OUTDATED Current: 0.2.28.1-1.21.1 Target: 26.2.1-1.21.1
[14Jul2026 18:26:35.961] [NeoForge Version Check/INFO] [net.neoforged.fml.VersionChecker/]: [prickle] Starting version check at https://updates.blamejared.com/get?n=prickle&gv=1.21.1&ml=neoforge
[14Jul2026 18:26:36.056] [modloading-sync-worker/INFO] [zeta/]: Common setup: Performing initial refresh of zeta's config on thread 'modloading-sync-worker'
[14Jul2026 18:26:36.057] [modloading-sync-worker/INFO] [zeta/]: 'zeta' is enabling Zeta's piston structure resolver.
[14Jul2026 18:26:36.058] [modloading-sync-worker/INFO] [zeta/]: Waiting for server start before accepting filewatcher changes to zeta's config
[14Jul2026 18:26:36.067] [modloading-sync-worker/INFO] [Supplementaries/]: Finished mod setup in: [1, 0, 3, 0, 2, 0] ms
[14Jul2026 18:26:36.128] [modloading-sync-worker/INFO] [quark-zeta/]: Common setup: Performing initial refresh of quark's config on thread 'modloading-sync-worker'
[14Jul2026 18:26:36.140] [modloading-sync-worker/INFO] [quark-zeta/]: Waiting for server start before accepting filewatcher changes to quark's config
[14Jul2026 18:26:36.145] [NeoForge Version Check/INFO] [net.neoforged.fml.VersionChecker/]: [prickle] Found status: BETA Current: 21.1.11 Target: 21.1.11
[14Jul2026 18:26:36.145] [NeoForge Version Check/INFO] [net.neoforged.fml.VersionChecker/]: [toms_trading_network] Starting version check at https://raw.githubusercontent.com/tom5454/Toms-Trading-Network/main/version-check-nf.json
[14Jul2026 18:26:36.159] [modloading-sync-worker/INFO] [net.potionstudios.biomeswevegone.BiomesWeveGone/]: Creating and Registering BWG Biome Modifiers for Vanilla Biomes
[14Jul2026 18:26:36.159] [modloading-sync-worker/INFO] [net.potionstudios.biomeswevegone.BiomesWeveGone/]: Will add Palm Trees to 
[14Jul2026 18:26:36.159] [modloading-sync-worker/INFO] [net.potionstudios.biomeswevegone.BiomesWeveGone/]: Will add Flower Patch, Clover Patch, White Anemone, Pink Anemone, Orange Daisy, Horseweed and rose to 
[14Jul2026 18:26:36.160] [modloading-sync-worker/INFO] [net.potionstudios.biomeswevegone.BiomesWeveGone/]: Will add Flower Patch, Clover Patch, White Anemone, Pink Anemone, Orange Daisy, Horseweed and rose to 
[14Jul2026 18:26:36.160] [modloading-sync-worker/INFO] [net.potionstudios.biomeswevegone.BiomesWeveGone/]: Will add Green/Cyan/Magenta/Purple/Yellow Tulips, Rose, Orange Daisy, Flower and Clover Patches to 
[14Jul2026 18:26:36.160] [modloading-sync-worker/INFO] [net.potionstudios.biomeswevegone.BiomesWeveGone/]: Will add Flower Patch, Clover Patch, Blue Rose Bush and Blue Berry Bushes to 
[14Jul2026 18:26:36.160] [modloading-sync-worker/INFO] [net.potionstudios.biomeswevegone.BiomesWeveGone/]: Creating and Registering BWG Biome Modifiers for Vanilla Biomes
[14Jul2026 18:26:36.160] [modloading-sync-worker/INFO] [net.potionstudios.biomeswevegone.BiomesWeveGone/]: Will add Palm Trees to 
[14Jul2026 18:26:36.160] [modloading-sync-worker/INFO] [net.potionstudios.biomeswevegone.BiomesWeveGone/]: Will add Flower Patch, Clover Patch, White Anemone, Pink Anemone, Orange Daisy, Horseweed and rose to 
[14Jul2026 18:26:36.161] [modloading-sync-worker/INFO] [net.potionstudios.biomeswevegone.BiomesWeveGone/]: Will add Palm Trees to 
[14Jul2026 18:26:36.161] [modloading-sync-worker/INFO] [net.potionstudios.biomeswevegone.BiomesWeveGone/]: Will add Flower Patch, Clover Patch, White Anemone, Pink Anemone, Orange Daisy, Horseweed and rose to 
[14Jul2026 18:26:36.161] [modloading-sync-worker/INFO] [net.potionstudios.biomeswevegone.BiomesWeveGone/]: Will add Flower Patch, Clover Patch, White Anemone, Pink Anemone, Orange Daisy, Horseweed and rose to 
[14Jul2026 18:26:36.161] [modloading-sync-worker/INFO] [net.potionstudios.biomeswevegone.BiomesWeveGone/]: Will add Flower Patch, Clover Patch, White Anemone, Pink Anemone, Orange Daisy, Horseweed and rose to 
[14Jul2026 18:26:36.161] [modloading-sync-worker/INFO] [net.potionstudios.biomeswevegone.BiomesWeveGone/]: Will add Green/Cyan/Magenta/Purple/Yellow Tulips, Rose, Orange Daisy, Flower and Clover Patches to 
[14Jul2026 18:26:36.161] [modloading-sync-worker/INFO] [net.potionstudios.biomeswevegone.BiomesWeveGone/]: Will add Green/Cyan/Magenta/Purple/Yellow Tulips, Rose, Orange Daisy, Flower and Clover Patches to 
[14Jul2026 18:26:36.161] [modloading-sync-worker/INFO] [net.potionstudios.biomeswevegone.BiomesWeveGone/]: Will add Flower Patch, Clover Patch, Blue Rose Bush and Blue Berry Bushes to 
[14Jul2026 18:26:36.161] [modloading-sync-worker/INFO] [net.potionstudios.biomeswevegone.BiomesWeveGone/]: Will add Flower Patch, Clover Patch, Blue Rose Bush and Blue Berry Bushes to 
[14Jul2026 18:26:36.169] [modloading-sync-worker/INFO] [terrablender/]: Registered region minecraft:overworld to index 0 for type OVERWORLD
[14Jul2026 18:26:36.169] [modloading-sync-worker/INFO] [terrablender/]: Registered region minecraft:nether to index 0 for type NETHER
[14Jul2026 18:26:36.169] [modloading-sync-worker/INFO] [terrablender/]: Registered region biomeswevegone:region_0 to index 1 for type OVERWORLD
[14Jul2026 18:26:36.169] [modloading-sync-worker/INFO] [terrablender/]: Registered region biomeswevegone:region_1 to index 2 for type OVERWORLD
[14Jul2026 18:26:36.169] [modloading-sync-worker/INFO] [terrablender/]: Registered region biomeswevegone:region_2 to index 3 for type OVERWORLD
[14Jul2026 18:26:36.215] [modloading-sync-worker/INFO] [terrablender/]: Registered region ars_nouveau:overworld to index 4 for type OVERWORLD
[14Jul2026 18:26:36.346] [NeoForge Version Check/INFO] [net.neoforged.fml.VersionChecker/]: [toms_trading_network] Found status: BETA Current: 0.3.4 Target: 0.3.4
[14Jul2026 18:26:36.350] [NeoForge Version Check/INFO] [net.neoforged.fml.VersionChecker/]: [mr_dungeons_andtaverns] Starting version check at https://api.modrinth.com/updates/tpehi7ww/forge_updates.json?neoforge=only
[14Jul2026 18:26:36.371] [modloading-sync-worker/INFO] [Moonlight/]: Initialized color sets in 98ms
[14Jul2026 18:26:36.372] [modloading-sync-worker/ERROR] [Moonlight/]: Fabric API detected! This is not a Fabric mod, so please don't report related issues to MoonlightLib or its dependent(s). This can usually happen when using Connector, or when using a mod that does NOT have a native Neoforge implementation. This can easily lead to poor compatibility and other bizarre issues. Proceed at your own risk. 
 Mods that bundle Fabric API: [forgified-fabric-api-0.115.6+2.1.0+1.21.1.jar]
[14Jul2026 18:26:36.448] [modloading-worker-0/INFO] [xaero.minimap.XaeroMinimap/]: Loading Xaero's Minimap - Stage 1/2 (Server)
[14Jul2026 18:26:36.449] [modloading-worker-0/INFO] [xaero.lib.XaeroLib/]: Loading XaeroLib server 1/2!
[14Jul2026 18:26:36.449] [modloading-worker-0/INFO] [xaero.map.server.WorldMapServer/]: Loading Xaero's World Map - Stage 1/2 (Server)
[14Jul2026 18:26:36.449] [modloading-worker-0/INFO] [com.klikli_dev.theurgy.Theurgy/]: Dedicated server setup complete.
[14Jul2026 18:26:36.450] [modloading-sync-worker/INFO] [xaero.lib.XaeroLib/]: Loading XaeroLib common 2/2!
[14Jul2026 18:26:36.450] [modloading-sync-worker/INFO] [xaero.lib.XaeroLib/]: Loading XaeroLib server 2/2!
[14Jul2026 18:26:36.450] [modloading-sync-worker/INFO] [xaero.map.server.WorldMapServer/]: Loading Xaero's World Map - Stage 2/2 (Server)
[14Jul2026 18:26:36.450] [modloading-sync-worker/INFO] [xaero.minimap.XaeroMinimap/]: Loading Xaero's Minimap - Stage 2/2 (Server)
[14Jul2026 18:26:36.588] [NeoForge Version Check/INFO] [net.neoforged.fml.VersionChecker/]: [mr_dungeons_andtaverns] Found status: AHEAD Current: 1-v4.4.4 Target: null
[14Jul2026 18:26:36.588] [NeoForge Version Check/INFO] [net.neoforged.fml.VersionChecker/]: [mcwfurnitures] Starting version check at https://raw.githubusercontent.com/sketchmacaw/macawsmods/master/furniture.json
[14Jul2026 18:26:36.622] [NeoForge Version Check/INFO] [net.neoforged.fml.VersionChecker/]: [mcwfurnitures] Found status: UP_TO_DATE Current: 3.4.1 Target: null
[14Jul2026 18:26:36.622] [NeoForge Version Check/INFO] [net.neoforged.fml.VersionChecker/]: [codechickenlib] Starting version check at https://version-check.covers1624.net/check/?mod=CodeChickenLib&mc=1.21.1
[14Jul2026 18:26:36.690] [modloading-sync-worker/WARN] [mixin/]: @Redirect conflict. Skipping mixins.redirected_neoforge_1.21.1.json:net.minecraft.world.level.block.state.CacheMixin from mod redirected->@Redirect::redirectSupportTypes()[Lnet/minecraft/world/level/block/SupportType; with priority 10, already redirected by modernfix-modernfix.mixins.json:perf.cache_blockstate_cache_arrays.AbstractBlockStateCacheMixin from mod modernfix->@Redirect::getVoxelShapeValues()[Lnet/minecraft/world/level/block/SupportType; with priority 1000
[14Jul2026 18:26:36.777] [modloading-sync-worker/INFO] [net.creeperhost.polylib.PolyLib/]: =====Registering Capabilities=====
[14Jul2026 18:26:36.780] [modloading-sync-worker/INFO] [net.creeperhost.polylib.PolyLib/]: Adding EnergyStore Item to item.shrink.shrinking_device
[14Jul2026 18:26:37.390] [modloading-sync-worker/WARN] [mixin/]: Static binding violation: PRIVATE @Overwrite method readChunk in c2me-rewrites-chunk-system.mixins.json:async_serialization.MixinThreadedAnvilChunkStorage from mod c2me_rewrites_chunk_system cannot reduce visibiliy of PUBLIC target method, visibility will be upgraded.
[14Jul2026 18:26:37.641] [modloading-worker-0/INFO] [pneumaticcraft/]: Sending IMC messages.
[14Jul2026 18:26:37.657] [modloading-sync-worker/ERROR] [AllTheLeaks/]: Failed to instantiate constructor.
java.lang.NoClassDefFoundError: net/mehvahdjukaar/supplementaries/common/misc/map_data/ColoredMapHandler
	at TRANSFORMER/alltheleaks@1.1.9+1.21.1-neoforge/dev.uncandango.alltheleaks.leaks.common.mods.supplementaries.UntrackedIssue001.<clinit>(UntrackedIssue001.java:24) ~[alltheleaks-1.1.9+1.21.1-neoforge.jar%23322!/:1.1.9+1.21.1-neoforge]
	at java.base/java.lang.Class.forName0(Native Method) ~[?:?]
	at java.base/java.lang.Class.forName(Class.java:467) ~[?:?]
	at java.base/java.lang.Class.forName(Class.java:458) ~[?:?]
	at TRANSFORMER/alltheleaks@1.1.9+1.21.1-neoforge/dev.uncandango.alltheleaks.leaks.IssueManager.lambda$initiateIssues$1(IssueManager.java:118) [alltheleaks-1.1.9+1.21.1-neoforge.jar%23322!/:1.1.9+1.21.1-neoforge]
	at java.base/java.util.ArrayList.forEach(ArrayList.java:1604) [?:?]
	at TRANSFORMER/alltheleaks@1.1.9+1.21.1-neoforge/dev.uncandango.alltheleaks.leaks.IssueManager.initiateIssues(IssueManager.java:116) [alltheleaks-1.1.9+1.21.1-neoforge.jar%23322!/:1.1.9+1.21.1-neoforge]
	at java.base/java.util.concurrent.CompletableFuture$AsyncRun.run(CompletableFuture.java:1825) [?:?]
	at MC-BOOTSTRAP/fml_loader@4.0.42/net.neoforged.fml.DeferredWorkQueue.lambda$makeRunnable$2(DeferredWorkQueue.java:67) [loader-4.0.42.jar%2359!/:4.0]
	at MC-BOOTSTRAP/fml_loader@4.0.42/net.neoforged.fml.DeferredWorkQueue.makeRunnable(DeferredWorkQueue.java:62) [loader-4.0.42.jar%2359!/:4.0]
	at MC-BOOTSTRAP/fml_loader@4.0.42/net.neoforged.fml.DeferredWorkQueue.lambda$runTasks$0(DeferredWorkQueue.java:47) [loader-4.0.42.jar%2359!/:4.0]
	at java.base/java.util.concurrent.ConcurrentLinkedDeque.forEach(ConcurrentLinkedDeque.java:1650) [?:?]
	at MC-BOOTSTRAP/fml_loader@4.0.42/net.neoforged.fml.DeferredWorkQueue.runTasks(DeferredWorkQueue.java:47) [loader-4.0.42.jar%2359!/:4.0]
	at java.base/java.util.concurrent.CompletableFuture$AsyncRun.run(CompletableFuture.java:1825) [?:?]
	at java.base/java.util.concurrent.ThreadPoolExecutor.runWorker(ThreadPoolExecutor.java:1090) [?:?]
	at java.base/java.util.concurrent.ThreadPoolExecutor$Worker.run(ThreadPoolExecutor.java:614) [?:?]
	at java.base/java.lang.Thread.run(Thread.java:1474) [?:?]
Caused by: java.lang.ClassNotFoundException: net.mehvahdjukaar.supplementaries.common.misc.map_data.ColoredMapHandler
	at cpw.mods.securejarhandler/cpw.mods.cl.ModuleClassLoader.loadClass(ModuleClassLoader.java:220) ~[securejarhandler-3.0.8.jar:?]
	at java.base/java.lang.ClassLoader.loadClass(ClassLoader.java:490) ~[?:?]
	... 17 more
[14Jul2026 18:26:37.676] [modloading-worker-0/INFO] [com.mrh0.createaddition.CreateAddition/]: Create Crafts & Additions Initialized!
[14Jul2026 18:26:37.683] [modloading-worker-0/INFO] [quark/]: added [item.quark.moss_paste] to CompostManager with chance 0.5
[14Jul2026 18:26:37.777] [modloading-worker-0/INFO] [snownee.jade.Jade/]: Start loading plugin from net.blay09.mods.balm.neoforge.compat.hudinfo.NeoForgeJadeModCompat
[14Jul2026 18:26:37.826] [modloading-worker-0/INFO] [snownee.jade.Jade/]: Start loading plugin from dev.technici4n.moderndynamics.compat.jade.MdJadePlugin
[14Jul2026 18:26:37.828] [modloading-worker-0/INFO] [snownee.jade.Jade/]: Start loading plugin from net.mehvahdjukaar.supplementaries.integration.JadeCompat
[14Jul2026 18:26:37.829] [modloading-worker-0/INFO] [snownee.jade.Jade/]: Start loading plugin from com.cmdpro.databank.integration.jade.DatabankJadePlugin
[14Jul2026 18:26:37.829] [modloading-worker-0/INFO] [snownee.jade.Jade/]: Start loading plugin from com.tom.trading.jade.JadePlugin
[14Jul2026 18:26:37.831] [modloading-worker-0/INFO] [snownee.jade.Jade/]: Start loading plugin from mekanism.common.integration.lookingat.jade.MekanismJadePlugin
[14Jul2026 18:26:37.832] [modloading-worker-0/INFO] [snownee.jade.Jade/]: Start loading plugin from me.desht.pneumaticcraft.common.thirdparty.waila.WailaRegistration
[14Jul2026 18:26:37.834] [modloading-worker-0/INFO] [snownee.jade.Jade/]: Start loading plugin from blusunrize.immersiveengineering.common.util.compat.jade.IEWailaPlugin
[14Jul2026 18:26:37.836] [modloading-worker-0/INFO] [snownee.jade.Jade/]: Start loading plugin from de.maxhenkel.pipez.integration.waila.PluginPipes
[14Jul2026 18:26:37.836] [modloading-worker-0/INFO] [snownee.jade.Jade/]: Start loading plugin from de.maxhenkel.gravestone.integration.waila.PluginGraveStone
[14Jul2026 18:26:37.837] [modloading-worker-0/INFO] [snownee.jade.Jade/]: Start loading plugin from net.geforcemods.securitycraft.compat.hudmods.JadeDataProvider
[14Jul2026 18:26:37.838] [modloading-worker-0/INFO] [snownee.jade.Jade/]: Start loading plugin from noobanidus.mods.lootr.common.integration.jade.LootrWailaPlugin
[14Jul2026 18:26:37.839] [modloading-worker-0/INFO] [snownee.jade.Jade/]: Start loading plugin from ht.treechop.compat.Jade
[14Jul2026 18:26:37.879] [modloading-worker-0/INFO] [snownee.jade.Jade/]: Start loading plugin from com.hollingsworth.arsnouveau.client.waila.WailaArsNouveauPlugin
[14Jul2026 18:26:37.881] [modloading-worker-0/INFO] [snownee.jade.Jade/]: Start loading plugin from earth.terrarium.tempad.common.compat.JadePlugin
[14Jul2026 18:26:37.881] [modloading-worker-0/INFO] [snownee.jade.Jade/]: Start loading plugin from rearth.oritech.init.compat.jade.OritechJadePlugin
[14Jul2026 18:26:37.882] [modloading-worker-0/INFO] [oritech/]: Registering Jade providers
[14Jul2026 18:26:37.883] [modloading-worker-0/INFO] [snownee.jade.Jade/]: Start loading plugin from net.blay09.mods.waystones.compat.JadeIntegration
[14Jul2026 18:26:37.883] [modloading-worker-0/INFO] [snownee.jade.Jade/]: Start loading plugin from snownee.jade.addon.vanilla.VanillaPlugin
[14Jul2026 18:26:37.896] [modloading-worker-0/INFO] [snownee.jade.Jade/]: Start loading plugin from snownee.jade.addon.universal.UniversalPlugin
[14Jul2026 18:26:37.900] [modloading-worker-0/INFO] [snownee.jade.Jade/]: Start loading plugin from snownee.jade.addon.debug.DebugPlugin
[14Jul2026 18:26:37.900] [modloading-worker-0/INFO] [snownee.jade.Jade/]: Start loading plugin from snownee.jade.addon.core.CorePlugin
[14Jul2026 18:26:37.901] [modloading-worker-0/INFO] [snownee.jade.Jade/]: Start loading plugin from snownee.jade.addon.access.AccessibilityPlugin
[14Jul2026 18:26:37.901] [modloading-worker-0/INFO] [snownee.jade.Jade/]: Start loading plugin from appeng.integration.modules.jade.JadeModule
[14Jul2026 18:26:37.911] [modloading-worker-0/INFO] [snownee.jade.Jade/]: Start loading plugin from com.klikli_dev.theurgy.integration.jade.JadePlugin
[14Jul2026 18:26:37.912] [modloading-worker-0/INFO] [snownee.jade.Jade/]: Start loading plugin from com.shynieke.statues.compat.jade.JadeCompat
[14Jul2026 18:26:37.912] [modloading-worker-0/INFO] [snownee.jade.Jade/]: Start loading plugin from com.buuz135.functionalstorage.compat.jade.FSJadePlugin
[14Jul2026 18:26:37.913] [modloading-worker-0/INFO] [snownee.jade.Jade/]: Start loading plugin from me.ramidzkh.mekae2.integration.jade.AMJadePlugin
[14Jul2026 18:26:38.054] [NeoForge Version Check/INFO] [net.neoforged.fml.VersionChecker/]: [codechickenlib] Found status: UP_TO_DATE Current: 4.6.1.526 Target: null
[14Jul2026 18:26:38.055] [NeoForge Version Check/INFO] [net.neoforged.fml.VersionChecker/]: [enchantinginfuser] Starting version check at https://raw.githubusercontent.com/Fuzss/modresources/main/update/enchantinginfuser.json
[14Jul2026 18:26:38.122] [NeoForge Version Check/INFO] [net.neoforged.fml.VersionChecker/]: [enchantinginfuser] Found status: UP_TO_DATE Current: 21.1.4 Target: null
[14Jul2026 18:26:38.122] [NeoForge Version Check/INFO] [net.neoforged.fml.VersionChecker/]: [pneumaticcraft] Starting version check at https://raw.githubusercontent.com/TeamPneumatic/pnc-repressurized/1.21/release_info.json
[14Jul2026 18:26:38.150] [NeoForge Version Check/INFO] [net.neoforged.fml.VersionChecker/]: [pneumaticcraft] Found status: AHEAD Current: 8.2.20 Target: null
[14Jul2026 18:26:38.150] [NeoForge Version Check/INFO] [net.neoforged.fml.VersionChecker/]: [zerocore] Starting version check at https://raw.githubusercontent.com/ZeroNoRyouki/ModUpdates/master/ZeroCore2.json
[14Jul2026 18:26:38.175] [NeoForge Version Check/INFO] [net.neoforged.fml.VersionChecker/]: [zerocore] Found status: OUTDATED Current: 1.21.1-2.4.9 Target: 1.21.1-2.4.20
[14Jul2026 18:26:38.175] [NeoForge Version Check/INFO] [net.neoforged.fml.VersionChecker/]: [immersiveengineering] Starting version check at https://raw.githubusercontent.com/BluSunrize/ImmersiveEngineering/1.21.1/changelog.json
[14Jul2026 18:26:38.222] [NeoForge Version Check/INFO] [net.neoforged.fml.VersionChecker/]: [immersiveengineering] Found status: AHEAD Current: 12.4.2-194 Target: null
[14Jul2026 18:26:38.222] [NeoForge Version Check/INFO] [net.neoforged.fml.VersionChecker/]: [ksyxis] Starting version check at https://raw.githubusercontent.com/VidTu/Ksyxis/main/updater_ksyxis_neoforge.json
[14Jul2026 18:26:38.293] [modloading-sync-worker/INFO] [CorgiLib/]: Initializing network...
[14Jul2026 18:26:38.294] [modloading-sync-worker/INFO] [CorgiLib/]: Initialized network!
[14Jul2026 18:26:38.373] [NeoForge Version Check/INFO] [net.neoforged.fml.VersionChecker/]: [ksyxis] Found status: UP_TO_DATE Current: 1.4.3 Target: null
[14Jul2026 18:26:38.373] [NeoForge Version Check/INFO] [net.neoforged.fml.VersionChecker/]: [chickenchunks] Starting version check at https://version-check.covers1624.net/check/?mod=ChickenChunks&mc=1.21.1
[14Jul2026 18:26:38.569] [main/INFO] [com.mojang.authlib.yggdrasil.YggdrasilAuthenticationService/]: Environment: Environment[sessionHost=https://sessionserver.mojang.com, servicesHost=https://api.minecraftservices.com, name=PROD]
[14Jul2026 18:26:38.656] [main/ERROR] [net.minecraft.server.packs.AbstractPackResources/]: Couldn't load fabric:overlays metadata
com.google.gson.JsonParseException: Unknown resource condition key: tectonic:config; Unknown resource condition key: tectonic:config; Unknown resource condition key: tectonic:config
	at MC-BOOTSTRAP/datafixerupper@8.0.16/com.mojang.serialization.DataResult$Error.getOrThrow(DataResult.java:287) ~[datafixerupper-8.0.16.jar%23100!/:?]
	at TRANSFORMER/minecraft@1.21.1/net.minecraft.server.packs.metadata.MetadataSectionType$1.fromJson(MetadataSectionType.java:20) ~[server-1.21.1-20240808.144430-srg.jar%23314!/:?]
	at TRANSFORMER/minecraft@1.21.1/net.minecraft.server.packs.AbstractPackResources.getMetadataFromStream(AbstractPackResources.java:54) [server-1.21.1-20240808.144430-srg.jar%23314!/:?]
	at TRANSFORMER/minecraft@1.21.1/net.minecraft.server.packs.AbstractPackResources.getMetadataSection(AbstractPackResources.java:33) [server-1.21.1-20240808.144430-srg.jar%23314!/:?]
	at TRANSFORMER/minecraft@1.21.1/net.minecraft.server.packs.repository.Pack.localvar$cpf000$fabric_resource_conditions_api_v1$applyOverlayConditions(Pack.java:536) [server-1.21.1-20240808.144430-srg.jar%23314!/:?]
	at TRANSFORMER/minecraft@1.21.1/net.minecraft.server.packs.repository.Pack.readPackMetadata(Pack.java:95) [server-1.21.1-20240808.144430-srg.jar%23314!/:?]
	at TRANSFORMER/minecraft@1.21.1/net.minecraft.server.packs.repository.Pack.readMetaAndCreate(Pack.java:40) [server-1.21.1-20240808.144430-srg.jar%23314!/:?]
	at TRANSFORMER/tectonic@3.0.22/dev.worldgen.tectonic.TectonicNeoforge.registerEnabledPacks(TectonicNeoforge.java:71) [tectonic-3.0.22-neoforge-21.1.jar%23486!/:?]
	at MC-BOOTSTRAP/net.neoforged.bus/net.neoforged.bus.ConsumerEventHandler.invoke(ConsumerEventHandler.java:27) [bus-8.0.5.jar%2362!/:?]
	at MC-BOOTSTRAP/net.neoforged.bus/net.neoforged.bus.EventBus.post(EventBus.java:360) [bus-8.0.5.jar%2362!/:?]
	at MC-BOOTSTRAP/net.neoforged.bus/net.neoforged.bus.EventBus.post(EventBus.java:342) [bus-8.0.5.jar%2362!/:?]
	at MC-BOOTSTRAP/fml_loader@4.0.42/net.neoforged.fml.ModContainer.acceptEvent(ModContainer.java:177) [loader-4.0.42.jar%2359!/:4.0]
	at MC-BOOTSTRAP/fml_loader@4.0.42/net.neoforged.fml.ModLoader.lambda$postEvent$13(ModLoader.java:358) [loader-4.0.42.jar%2359!/:4.0]
	at java.base/java.lang.Iterable.forEach(Iterable.java:75) [?:?]
	at MC-BOOTSTRAP/fml_loader@4.0.42/net.neoforged.fml.ModList.forEachModInOrder(ModList.java:174) [loader-4.0.42.jar%2359!/:4.0]
	at MC-BOOTSTRAP/fml_loader@4.0.42/net.neoforged.fml.ModLoader.postEvent(ModLoader.java:358) [loader-4.0.42.jar%2359!/:4.0]
	at TRANSFORMER/neoforge@21.1.233/net.neoforged.neoforge.resource.ResourcePackLoader.populatePackRepository(ResourcePackLoader.java:74) [neoforge-21.1.233-universal.jar%23315!/:?]
	at TRANSFORMER/minecraft@1.21.1/net.minecraft.server.packs.repository.ServerPacksSource.createPackRepository(ServerPacksSource.java:76) [server-1.21.1-20240808.144430-srg.jar%23314!/:?]
	at TRANSFORMER/minecraft@1.21.1/net.minecraft.server.packs.repository.ServerPacksSource.createPackRepository(ServerPacksSource.java:87) [server-1.21.1-20240808.144430-srg.jar%23314!/:?]
	at TRANSFORMER/minecraft@1.21.1/net.minecraft.server.Main.main(Main.java:190) [server-1.21.1-20240808.144430-srg.jar%23314!/:?]
	at java.base/jdk.internal.reflect.DirectMethodHandleAccessor.invoke(DirectMethodHandleAccessor.java:104) ~[?:?]
	at java.base/java.lang.reflect.Method.invoke(Method.java:565) ~[?:?]
	at MC-BOOTSTRAP/fml_loader@4.0.42/net.neoforged.fml.loading.targets.CommonLaunchHandler.runTarget(CommonLaunchHandler.java:136) [loader-4.0.42.jar%2359!/:4.0]
	at MC-BOOTSTRAP/fml_loader@4.0.42/net.neoforged.fml.loading.targets.CommonLaunchHandler.serverService(CommonLaunchHandler.java:128) [loader-4.0.42.jar%2359!/:4.0]
	at MC-BOOTSTRAP/fml_loader@4.0.42/net.neoforged.fml.loading.targets.CommonServerLaunchHandler.runService(CommonServerLaunchHandler.java:32) [loader-4.0.42.jar%2359!/:4.0]
	at MC-BOOTSTRAP/fml_loader@4.0.42/net.neoforged.fml.loading.targets.CommonLaunchHandler.lambda$launchService$4(CommonLaunchHandler.java:118) [loader-4.0.42.jar%2359!/:4.0]
	at MC-BOOTSTRAP/cpw.mods.modlauncher@11.0.5/cpw.mods.modlauncher.LaunchServiceHandlerDecorator.launch(LaunchServiceHandlerDecorator.java:30) [modlauncher-11.0.5.jar%2364!/:?]
	at MC-BOOTSTRAP/cpw.mods.modlauncher@11.0.5/cpw.mods.modlauncher.LaunchServiceHandler.launch(LaunchServiceHandler.java:53) [modlauncher-11.0.5.jar%2364!/:?]
	at MC-BOOTSTRAP/cpw.mods.modlauncher@11.0.5/cpw.mods.modlauncher.LaunchServiceHandler.launch(LaunchServiceHandler.java:71) [modlauncher-11.0.5.jar%2364!/:?]
	at MC-BOOTSTRAP/cpw.mods.modlauncher@11.0.5/cpw.mods.modlauncher.Launcher.run(Launcher.java:103) [modlauncher-11.0.5.jar%2364!/:?]
	at MC-BOOTSTRAP/cpw.mods.modlauncher@11.0.5/cpw.mods.modlauncher.Launcher.main(Launcher.java:74) [modlauncher-11.0.5.jar%2364!/:?]
	at MC-BOOTSTRAP/cpw.mods.modlauncher@11.0.5/cpw.mods.modlauncher.BootstrapLaunchConsumer.accept(BootstrapLaunchConsumer.java:26) [modlauncher-11.0.5.jar%2364!/:?]
	at MC-BOOTSTRAP/cpw.mods.modlauncher@11.0.5/cpw.mods.modlauncher.BootstrapLaunchConsumer.accept(BootstrapLaunchConsumer.java:23) [modlauncher-11.0.5.jar%2364!/:?]
	at cpw.mods.bootstraplauncher@2.0.2/cpw.mods.bootstraplauncher.BootstrapLauncher.run(BootstrapLauncher.java:210) [bootstraplauncher-2.0.2.jar:?]
	at cpw.mods.bootstraplauncher@2.0.2/cpw.mods.bootstraplauncher.BootstrapLauncher.main(BootstrapLauncher.java:69) [bootstraplauncher-2.0.2.jar:?]
[14Jul2026 18:26:38.722] [NeoForge Version Check/INFO] [net.neoforged.fml.VersionChecker/]: [chickenchunks] Found status: UP_TO_DATE Current: 2.12.0.103 Target: null
[14Jul2026 18:26:38.722] [NeoForge Version Check/INFO] [net.neoforged.fml.VersionChecker/]: [totemic] Starting version check at https://raw.githubusercontent.com/TeamTotemic/Totemic/version/version.json
[14Jul2026 18:26:38.748] [NeoForge Version Check/INFO] [net.neoforged.fml.VersionChecker/]: [totemic] Found status: UP_TO_DATE Current: 1.21.1-0.12.18 Target: null
[14Jul2026 18:26:38.748] [NeoForge Version Check/INFO] [net.neoforged.fml.VersionChecker/]: [pipez] Starting version check at https://update.maxhenkel.de/neoforge/pipez
[14Jul2026 18:26:38.924] [main/INFO] [com.simibubi.create.Create/]: Created 899 recipes which will be injected into the game
[14Jul2026 18:26:38.932] [main/INFO] [com.simibubi.create.Create/]: Created 37 tags which will be injected into the game
[14Jul2026 18:26:38.952] [main/INFO] [Ksyxis/MOD_KSYXIS]: Ksyxis: Enabled compatibility hack with ModernFix. (removeSpawnChunks: false)
[14Jul2026 18:26:38.980] [NeoForge Version Check/INFO] [net.neoforged.fml.VersionChecker/]: [pipez] Found status: BETA Current: 1.21.1-1.2.31 Target: 1.21.1-1.2.31
[14Jul2026 18:26:38.980] [NeoForge Version Check/INFO] [net.neoforged.fml.VersionChecker/]: [gravestone] Starting version check at https://update.maxhenkel.de/neoforge/gravestone
[14Jul2026 18:26:39.034] [main/INFO] [Moonlight/]: Resource cache state for SERVER_DATA: up to date
[14Jul2026 18:26:39.037] [main/INFO] [Moonlight/]: Populated search tree for pack at /home/container/dynamic-data-pack-cache/supplementaries-generated_pack in 1.384 ms
[14Jul2026 18:26:39.037] [main/INFO] [Moonlight/]: Starting runtime resource generation for pack type SERVER_DATA with generators [supplementaries:generated_pack]
[14Jul2026 18:26:39.038] [NeoForge Version Check/INFO] [net.neoforged.fml.VersionChecker/]: [gravestone] Found status: BETA Current: 1.21.1-1.0.37 Target: 1.21.1-1.0.37
[14Jul2026 18:26:39.038] [NeoForge Version Check/INFO] [net.neoforged.fml.VersionChecker/]: [securitycraft] Starting version check at https://www.github.com/Geforce132/SecurityCraft/raw/master/Updates/Forge.json
[14Jul2026 18:26:39.043] [main/INFO] [Moonlight/]: Skipping regeneration for Dynamic SERVER_DATA Resources Provider [supplementaries:generated_pack] (cache up-to-date)
[14Jul2026 18:26:39.043] [main/INFO] [Moonlight/]: Finished runtime resources generation for 1 packs in a total of 5.813 ms 
[14Jul2026 18:26:39.688] [NeoForge Version Check/INFO] [net.neoforged.fml.VersionChecker/]: [securitycraft] Found status: UP_TO_DATE Current: 1.10.1 Target: null
[14Jul2026 18:26:39.688] [NeoForge Version Check/INFO] [net.neoforged.fml.VersionChecker/]: [puzzleslib] Starting version check at https://raw.githubusercontent.com/Fuzss/modresources/main/update/puzzleslib.json
[14Jul2026 18:26:39.711] [NeoForge Version Check/INFO] [net.neoforged.fml.VersionChecker/]: [puzzleslib] Found status: UP_TO_DATE Current: 21.1.52 Target: null
[14Jul2026 18:26:39.711] [NeoForge Version Check/INFO] [net.neoforged.fml.VersionChecker/]: [primalmagick] Starting version check at https://pastebin.com/raw/MZu4yZi8
[14Jul2026 18:26:39.989] [NeoForge Version Check/INFO] [net.neoforged.fml.VersionChecker/]: [primalmagick] Found status: UP_TO_DATE Current: 6.0.7 Target: null
[14Jul2026 18:26:39.989] [NeoForge Version Check/INFO] [net.neoforged.fml.VersionChecker/]: [bookshelf] Starting version check at https://updates.blamejared.com/get?n=bookshelf&gv=1.21.1&ml=neoforge
[14Jul2026 18:26:40.042] [NeoForge Version Check/INFO] [net.neoforged.fml.VersionChecker/]: [bookshelf] Found status: BETA Current: 21.1.81 Target: 21.1.81
[14Jul2026 18:26:40.042] [NeoForge Version Check/INFO] [net.neoforged.fml.VersionChecker/]: [diagonalblocks] Starting version check at https://raw.githubusercontent.com/Fuzss/modresources/main/update/diagonalblocks.json
[14Jul2026 18:26:40.069] [NeoForge Version Check/INFO] [net.neoforged.fml.VersionChecker/]: [diagonalblocks] Found status: BETA Current: 21.1.1 Target: null
[14Jul2026 18:26:40.069] [NeoForge Version Check/INFO] [net.neoforged.fml.VersionChecker/]: [create_connected] Starting version check at https://raw.githubusercontent.com/hlysine/create_connected/main/update.json
[14Jul2026 18:26:40.092] [NeoForge Version Check/INFO] [net.neoforged.fml.VersionChecker/]: [create_connected] Found status: UP_TO_DATE Current: 1.3.2-mc1.21.1 Target: null
[14Jul2026 18:26:40.092] [NeoForge Version Check/INFO] [net.neoforged.fml.VersionChecker/]: [mr_enchanting_infuseraddtreasureenchantements] Starting version check at https://api.modrinth.com/updates/u0YIG3pi/forge_updates.json?neoforge=only
[14Jul2026 18:26:40.250] [NeoForge Version Check/INFO] [net.neoforged.fml.VersionChecker/]: [mr_enchanting_infuseraddtreasureenchantements] Found status: OUTDATED Current: 1 Target: 1.21.1-v1+mod
[14Jul2026 18:26:40.250] [NeoForge Version Check/INFO] [net.neoforged.fml.VersionChecker/]: [computercraft] Starting version check at https://api.modrinth.com/updates/cc-tweaked/forge_updates.json
[14Jul2026 18:26:40.471] [NeoForge Version Check/INFO] [net.neoforged.fml.VersionChecker/]: [computercraft] Found status: BETA Current: 1.120.0 Target: null
[14Jul2026 18:26:40.471] [NeoForge Version Check/INFO] [net.neoforged.fml.VersionChecker/]: [bigreactors] Starting version check at https://raw.githubusercontent.com/ZeroNoRyouki/ModUpdates/master/ExtremeReactors2.json
[14Jul2026 18:26:40.498] [NeoForge Version Check/INFO] [net.neoforged.fml.VersionChecker/]: [bigreactors] Found status: OUTDATED Current: 1.21.1-2.4.9 Target: 1.21.1-2.4.28
[14Jul2026 18:26:40.498] [NeoForge Version Check/INFO] [net.neoforged.fml.VersionChecker/]: [cucumber] Starting version check at https://api.blakesmods.com/v2/mods/cucumber/1.21/updates
[14Jul2026 18:26:40.522] [Worker-Main-3/ERROR] [net.minecraft.world.level.storage.loot.LootDataType/]: Couldn't parse element ResourceKey[minecraft:root / minecraft:loot_table]:create_connected:blocks/dye_depot_amber_fan_dyeing_catalyst - Unknown registry key in ResourceKey[minecraft:root / minecraft:item]: create_connected:dye_depot_amber_fan_dyeing_catalyst
[14Jul2026 18:26:40.535] [Worker-Main-3/ERROR] [net.minecraft.world.level.storage.loot.LootDataType/]: Couldn't parse element ResourceKey[minecraft:root / minecraft:loot_table]:mekanism_extras:blocks/absolute_lathing_factory - Unknown registry key in ResourceKey[minecraft:root / minecraft:item]: mekanism_extras:absolute_lathing_factory
[14Jul2026 18:26:40.538] [Worker-Main-3/ERROR] [net.minecraft.world.level.storage.loot.LootDataType/]: Couldn't parse element ResourceKey[minecraft:root / minecraft:loot_table]:mekanism_extras:blocks/cosmic_chemical_infusing_factory - Unknown registry key in ResourceKey[minecraft:root / minecraft:item]: mekanism_extras:cosmic_chemical_infusing_factory
[14Jul2026 18:26:40.542] [Worker-Main-3/ERROR] [net.minecraft.world.level.storage.loot.LootDataType/]: Couldn't parse element ResourceKey[minecraft:root / minecraft:loot_table]:mekanism_extras:blocks/supreme_dissolving_factory - Unknown registry key in ResourceKey[minecraft:root / minecraft:item]: mekanism_extras:supreme_dissolving_factory
[14Jul2026 18:26:40.545] [Worker-Main-3/ERROR] [net.minecraft.world.level.storage.loot.LootDataType/]: Couldn't parse element ResourceKey[minecraft:root / minecraft:loot_table]:mekanism_extras:blocks/supreme_lathing_factory - Unknown registry key in ResourceKey[minecraft:root / minecraft:item]: mekanism_extras:supreme_lathing_factory
[14Jul2026 18:26:40.547] [Worker-Main-3/ERROR] [net.minecraft.world.level.storage.loot.LootDataType/]: Couldn't parse element ResourceKey[minecraft:root / minecraft:loot_table]:mekanism_extras:blocks/cosmic_centrifuging_factory - Unknown registry key in ResourceKey[minecraft:root / minecraft:item]: mekanism_extras:cosmic_centrifuging_factory
[14Jul2026 18:26:40.565] [Worker-Main-3/ERROR] [net.minecraft.world.level.storage.loot.LootDataType/]: Couldn't parse element ResourceKey[minecraft:root / minecraft:loot_table]:mekanism_extras:blocks/absolute_pigment_extracting_factory - Unknown registry key in ResourceKey[minecraft:root / minecraft:item]: mekanism_extras:absolute_pigment_extracting_factory
[14Jul2026 18:26:40.576] [Worker-Main-3/ERROR] [net.minecraft.world.level.storage.loot.LootDataType/]: Couldn't parse element ResourceKey[minecraft:root / minecraft:loot_table]:create_connected:blocks/dye_depot_slate_fan_dyeing_catalyst - Unknown registry key in ResourceKey[minecraft:root / minecraft:item]: create_connected:dye_depot_slate_fan_dyeing_catalyst
[14Jul2026 18:26:40.585] [Worker-Main-3/ERROR] [net.minecraft.world.level.storage.loot.LootDataType/]: Couldn't parse element ResourceKey[minecraft:root / minecraft:loot_table]:mekanism_extras:blocks/infinite_centrifuging_factory - Unknown registry key in ResourceKey[minecraft:root / minecraft:item]: mekanism_extras:infinite_centrifuging_factory
[14Jul2026 18:26:40.621] [Worker-Main-3/ERROR] [net.minecraft.world.level.storage.loot.LootDataType/]: Couldn't parse element ResourceKey[minecraft:root / minecraft:loot_table]:mekanism_extras:blocks/absolute_recycling_factory - Unknown registry key in ResourceKey[minecraft:root / minecraft:item]: mekanism_extras:absolute_recycling_factory
[14Jul2026 18:26:40.626] [Worker-Main-3/ERROR] [net.minecraft.world.level.storage.loot.LootDataType/]: Couldn't parse element ResourceKey[minecraft:root / minecraft:loot_table]:mekanism_extras:blocks/infinite_pigment_extracting_factory - Unknown registry key in ResourceKey[minecraft:root / minecraft:item]: mekanism_extras:infinite_pigment_extracting_factory
[14Jul2026 18:26:40.634] [Worker-Main-3/ERROR] [net.minecraft.world.level.storage.loot.LootDataType/]: Couldn't parse element ResourceKey[minecraft:root / minecraft:loot_table]:mekanism_extras:blocks/infinite_pressurised_reacting_factory - Unknown registry key in ResourceKey[minecraft:root / minecraft:item]: mekanism_extras:infinite_pressurised_reacting_factory
[14Jul2026 18:26:40.636] [Worker-Main-3/ERROR] [net.minecraft.world.level.storage.loot.LootDataType/]: Couldn't parse element ResourceKey[minecraft:root / minecraft:loot_table]:mekanism_extras:blocks/cosmic_oxidizing_factory - Unknown registry key in ResourceKey[minecraft:root / minecraft:item]: mekanism_extras:cosmic_oxidizing_factory
[14Jul2026 18:26:40.662] [Worker-Main-3/ERROR] [net.minecraft.world.level.storage.loot.LootDataType/]: Couldn't parse element ResourceKey[minecraft:root / minecraft:loot_table]:mekanism_extras:blocks/absolute_replicating_factory - Unknown registry key in ResourceKey[minecraft:root / minecraft:item]: mekanism_extras:absolute_replicating_factory
[14Jul2026 18:26:40.666] [Worker-Main-3/ERROR] [net.minecraft.world.level.storage.loot.LootDataType/]: Couldn't parse element ResourceKey[minecraft:root / minecraft:loot_table]:create_connected:blocks/dye_depot_indigo_fan_dyeing_catalyst - Unknown registry key in ResourceKey[minecraft:root / minecraft:item]: create_connected:dye_depot_indigo_fan_dyeing_catalyst
[14Jul2026 18:26:40.668] [Worker-Main-3/ERROR] [net.minecraft.world.level.storage.loot.LootDataType/]: Couldn't parse element ResourceKey[minecraft:root / minecraft:loot_table]:mekanism_extras:blocks/absolute_rolling_mill_factory - Unknown registry key in ResourceKey[minecraft:root / minecraft:item]: mekanism_extras:absolute_rolling_mill_factory
[14Jul2026 18:26:40.669] [Worker-Main-3/ERROR] [net.minecraft.world.level.storage.loot.LootDataType/]: Couldn't parse element ResourceKey[minecraft:root / minecraft:loot_table]:create_connected:blocks/dye_depot_navy_fan_dyeing_catalyst - Unknown registry key in ResourceKey[minecraft:root / minecraft:item]: create_connected:dye_depot_navy_fan_dyeing_catalyst
[14Jul2026 18:26:40.679] [Worker-Main-3/ERROR] [net.minecraft.world.level.storage.loot.LootDataType/]: Couldn't parse element ResourceKey[minecraft:root / minecraft:loot_table]:mekanism_extras:blocks/infinite_lathing_factory - Unknown registry key in ResourceKey[minecraft:root / minecraft:item]: mekanism_extras:infinite_lathing_factory
[14Jul2026 18:26:40.680] [Worker-Main-3/ERROR] [net.minecraft.world.level.storage.loot.LootDataType/]: Couldn't parse element ResourceKey[minecraft:root / minecraft:loot_table]:mekanism_extras:blocks/absolute_washing_factory - Unknown registry key in ResourceKey[minecraft:root / minecraft:item]: mekanism_extras:absolute_washing_factory
[14Jul2026 18:26:40.691] [Worker-Main-3/ERROR] [net.minecraft.world.level.storage.loot.LootDataType/]: Couldn't parse element ResourceKey[minecraft:root / minecraft:loot_table]:mekanism_extras:blocks/cosmic_crystallizing_factory - Unknown registry key in ResourceKey[minecraft:root / minecraft:item]: mekanism_extras:cosmic_crystallizing_factory
[14Jul2026 18:26:40.708] [NeoForge Version Check/INFO] [net.neoforged.fml.VersionChecker/]: [cucumber] Found status: UP_TO_DATE Current: 8.0.16 Target: null
[14Jul2026 18:26:40.708] [NeoForge Version Check/INFO] [net.neoforged.fml.VersionChecker/]: [copycats] Starting version check at https://raw.githubusercontent.com/copycats-plus/copycats/multiloader/update.json
[14Jul2026 18:26:40.725] [Worker-Main-3/ERROR] [net.minecraft.world.level.storage.loot.LootDataType/]: Couldn't parse element ResourceKey[minecraft:root / minecraft:loot_table]:create_connected:blocks/dye_depot_aqua_fan_dyeing_catalyst - Unknown registry key in ResourceKey[minecraft:root / minecraft:item]: create_connected:dye_depot_aqua_fan_dyeing_catalyst
[14Jul2026 18:26:40.737] [Worker-Main-3/ERROR] [net.minecraft.world.level.storage.loot.LootDataType/]: Couldn't parse element ResourceKey[minecraft:root / minecraft:loot_table]:mekanism_extras:blocks/cosmic_painting_factory - Unknown registry key in ResourceKey[minecraft:root / minecraft:item]: mekanism_extras:cosmic_painting_factory
[14Jul2026 18:26:40.744] [Worker-Main-3/ERROR] [net.minecraft.world.level.storage.loot.LootDataType/]: Couldn't parse element ResourceKey[minecraft:root / minecraft:loot_table]:mekanism_extras:blocks/infinite_planting_factory - Unknown registry key in ResourceKey[minecraft:root / minecraft:item]: mekanism_extras:infinite_planting_factory
[14Jul2026 18:26:40.744] [NeoForge Version Check/INFO] [net.neoforged.fml.VersionChecker/]: [copycats] Found status: AHEAD Current: 3.0.4+mc.1.21.1-neoforge Target: null
[14Jul2026 18:26:40.744] [NeoForge Version Check/INFO] [net.neoforged.fml.VersionChecker/]: [create] Starting version check at https://api.modrinth.com/updates/create/forge_updates.json?neoforge=only
[14Jul2026 18:26:40.748] [Worker-Main-3/ERROR] [net.minecraft.world.level.storage.loot.LootDataType/]: Couldn't parse element ResourceKey[minecraft:root / minecraft:loot_table]:create_connected:blocks/dye_depot_maroon_fan_dyeing_catalyst - Unknown registry key in ResourceKey[minecraft:root / minecraft:item]: create_connected:dye_depot_maroon_fan_dyeing_catalyst
[14Jul2026 18:26:40.754] [Worker-Main-3/ERROR] [net.minecraft.world.level.storage.loot.LootDataType/]: Couldn't parse element ResourceKey[minecraft:root / minecraft:loot_table]:mekanism_extras:blocks/infinite_dissolving_factory - Unknown registry key in ResourceKey[minecraft:root / minecraft:item]: mekanism_extras:infinite_dissolving_factory
[14Jul2026 18:26:40.756] [Worker-Main-3/ERROR] [net.minecraft.world.level.storage.loot.LootDataType/]: Couldn't parse element ResourceKey[minecraft:root / minecraft:loot_table]:create_connected:blocks/dye_depot_verdant_fan_dyeing_catalyst - Unknown registry key in ResourceKey[minecraft:root / minecraft:item]: create_connected:dye_depot_verdant_fan_dyeing_catalyst
[14Jul2026 18:26:40.756] [Worker-Main-3/ERROR] [net.minecraft.world.level.storage.loot.LootDataType/]: Couldn't parse element ResourceKey[minecraft:root / minecraft:loot_table]:mekanism_extras:blocks/cosmic_recycling_factory - Unknown registry key in ResourceKey[minecraft:root / minecraft:item]: mekanism_extras:cosmic_recycling_factory
[14Jul2026 18:26:40.762] [Worker-Main-3/ERROR] [net.minecraft.world.level.storage.loot.LootDataType/]: Couldn't parse element ResourceKey[minecraft:root / minecraft:loot_table]:create_connected:blocks/dye_depot_beige_fan_dyeing_catalyst - Unknown registry key in ResourceKey[minecraft:root / minecraft:item]: create_connected:dye_depot_beige_fan_dyeing_catalyst
[14Jul2026 18:26:40.769] [Worker-Main-3/ERROR] [net.minecraft.world.level.storage.loot.LootDataType/]: Couldn't parse element ResourceKey[minecraft:root / minecraft:loot_table]:mekanism_extras:blocks/absolute_pressurised_reacting_factory - Unknown registry key in ResourceKey[minecraft:root / minecraft:item]: mekanism_extras:absolute_pressurised_reacting_factory
[14Jul2026 18:26:40.771] [Worker-Main-3/ERROR] [net.minecraft.world.level.storage.loot.LootDataType/]: Couldn't parse element ResourceKey[minecraft:root / minecraft:loot_table]:mekanism_extras:blocks/supreme_centrifuging_factory - Unknown registry key in ResourceKey[minecraft:root / minecraft:item]: mekanism_extras:supreme_centrifuging_factory
[14Jul2026 18:26:40.774] [Worker-Main-3/ERROR] [net.minecraft.world.level.storage.loot.LootDataType/]: Couldn't parse element ResourceKey[minecraft:root / minecraft:loot_table]:mekanism_extras:blocks/infinite_liquifying_factory - Unknown registry key in ResourceKey[minecraft:root / minecraft:item]: mekanism_extras:infinite_liquifying_factory
[14Jul2026 18:26:40.780] [Worker-Main-3/ERROR] [net.minecraft.world.level.storage.loot.LootDataType/]: Couldn't parse element ResourceKey[minecraft:root / minecraft:loot_table]:mekanism_extras:blocks/cosmic_planting_factory - Unknown registry key in ResourceKey[minecraft:root / minecraft:item]: mekanism_extras:cosmic_planting_factory
[14Jul2026 18:26:40.785] [Worker-Main-3/ERROR] [net.minecraft.world.level.storage.loot.LootDataType/]: Couldn't parse element ResourceKey[minecraft:root / minecraft:loot_table]:mekanism_extras:blocks/cosmic_pressurised_reacting_factory - Unknown registry key in ResourceKey[minecraft:root / minecraft:item]: mekanism_extras:cosmic_pressurised_reacting_factory
[14Jul2026 18:26:40.786] [Worker-Main-3/ERROR] [net.minecraft.world.level.storage.loot.LootDataType/]: Couldn't parse element ResourceKey[minecraft:root / minecraft:loot_table]:mekanism_extras:blocks/cosmic_pigment_extracting_factory - Unknown registry key in ResourceKey[minecraft:root / minecraft:item]: mekanism_extras:cosmic_pigment_extracting_factory
[14Jul2026 18:26:40.823] [Worker-Main-3/ERROR] [net.minecraft.world.level.storage.loot.LootDataType/]: Couldn't parse element ResourceKey[minecraft:root / minecraft:loot_table]:mekanism_extras:blocks/supreme_painting_factory - Unknown registry key in ResourceKey[minecraft:root / minecraft:item]: mekanism_extras:supreme_painting_factory
[14Jul2026 18:26:40.826] [Worker-Main-3/ERROR] [net.minecraft.world.level.storage.loot.LootDataType/]: Couldn't parse element ResourceKey[minecraft:root / minecraft:loot_table]:mekanism_extras:blocks/cosmic_stamping_factory - Unknown registry key in ResourceKey[minecraft:root / minecraft:item]: mekanism_extras:cosmic_stamping_factory
[14Jul2026 18:26:40.827] [Worker-Main-3/ERROR] [net.minecraft.world.level.storage.loot.LootDataType/]: Couldn't parse element ResourceKey[minecraft:root / minecraft:loot_table]:mekanism_extras:blocks/supreme_rolling_mill_factory - Unknown registry key in ResourceKey[minecraft:root / minecraft:item]: mekanism_extras:supreme_rolling_mill_factory
[14Jul2026 18:26:40.829] [Worker-Main-3/ERROR] [net.minecraft.world.level.storage.loot.LootDataType/]: Couldn't parse element ResourceKey[minecraft:root / minecraft:loot_table]:mekanism_extras:blocks/infinite_washing_factory - Unknown registry key in ResourceKey[minecraft:root / minecraft:item]: mekanism_extras:infinite_washing_factory
[14Jul2026 18:26:40.835] [Worker-Main-3/ERROR] [net.minecraft.world.level.storage.loot.LootDataType/]: Couldn't parse element ResourceKey[minecraft:root / minecraft:loot_table]:mekanism_extras:blocks/absolute_liquifying_factory - Unknown registry key in ResourceKey[minecraft:root / minecraft:item]: mekanism_extras:absolute_liquifying_factory
[14Jul2026 18:26:40.842] [Worker-Main-3/ERROR] [net.minecraft.world.level.storage.loot.LootDataType/]: Couldn't parse element ResourceKey[minecraft:root / minecraft:loot_table]:mekanism_extras:blocks/infinite_stamping_factory - Unknown registry key in ResourceKey[minecraft:root / minecraft:item]: mekanism_extras:infinite_stamping_factory
[14Jul2026 18:26:40.843] [Worker-Main-3/ERROR] [net.minecraft.world.level.storage.loot.LootDataType/]: Couldn't parse element ResourceKey[minecraft:root / minecraft:loot_table]:mekanism_extras:blocks/supreme_oxidizing_factory - Unknown registry key in ResourceKey[minecraft:root / minecraft:item]: mekanism_extras:supreme_oxidizing_factory
[14Jul2026 18:26:40.846] [Worker-Main-3/ERROR] [net.minecraft.world.level.storage.loot.LootDataType/]: Couldn't parse element ResourceKey[minecraft:root / minecraft:loot_table]:mekanism_extras:blocks/supreme_planting_factory - Unknown registry key in ResourceKey[minecraft:root / minecraft:item]: mekanism_extras:supreme_planting_factory
[14Jul2026 18:26:40.847] [Worker-Main-3/ERROR] [net.minecraft.world.level.storage.loot.LootDataType/]: Couldn't parse element ResourceKey[minecraft:root / minecraft:loot_table]:mekanism_extras:blocks/supreme_crystallizing_factory - Unknown registry key in ResourceKey[minecraft:root / minecraft:item]: mekanism_extras:supreme_crystallizing_factory
[14Jul2026 18:26:40.848] [Worker-Main-3/ERROR] [net.minecraft.world.level.storage.loot.LootDataType/]: Couldn't parse element ResourceKey[minecraft:root / minecraft:loot_table]:create_connected:blocks/dye_depot_rose_fan_dyeing_catalyst - Unknown registry key in ResourceKey[minecraft:root / minecraft:item]: create_connected:dye_depot_rose_fan_dyeing_catalyst
[14Jul2026 18:26:40.850] [Worker-Main-3/ERROR] [net.minecraft.world.level.storage.loot.LootDataType/]: Couldn't parse element ResourceKey[minecraft:root / minecraft:loot_table]:mekanism_extras:blocks/absolute_painting_factory - Unknown registry key in ResourceKey[minecraft:root / minecraft:item]: mekanism_extras:absolute_painting_factory
[14Jul2026 18:26:40.855] [Worker-Main-3/ERROR] [net.minecraft.world.level.storage.loot.LootDataType/]: Couldn't parse element ResourceKey[minecraft:root / minecraft:loot_table]:create_connected:blocks/dye_depot_mint_fan_dyeing_catalyst - Unknown registry key in ResourceKey[minecraft:root / minecraft:item]: create_connected:dye_depot_mint_fan_dyeing_catalyst
[14Jul2026 18:26:40.856] [Worker-Main-3/ERROR] [net.minecraft.world.level.storage.loot.LootDataType/]: Couldn't parse element ResourceKey[minecraft:root / minecraft:loot_table]:mekanism_extras:blocks/cosmic_liquifying_factory - Unknown registry key in ResourceKey[minecraft:root / minecraft:item]: mekanism_extras:cosmic_liquifying_factory
[14Jul2026 18:26:40.862] [Worker-Main-3/ERROR] [net.minecraft.world.level.storage.loot.LootDataType/]: Couldn't parse element ResourceKey[minecraft:root / minecraft:loot_table]:mekanism_extras:blocks/absolute_stamping_factory - Unknown registry key in ResourceKey[minecraft:root / minecraft:item]: mekanism_extras:absolute_stamping_factory
[14Jul2026 18:26:41.003] [NeoForge Version Check/INFO] [net.neoforged.fml.VersionChecker/]: [create] Found status: OUTDATED Current: 6.0.10 Target: 6.0.10+mc1.21.1
[14Jul2026 18:26:41.003] [NeoForge Version Check/INFO] [net.neoforged.fml.VersionChecker/]: [clumps] Starting version check at https://updates.blamejared.com/get?n=clumps&gv=1.21.1&ml=neoforge
[14Jul2026 18:26:41.003] [Worker-Main-3/ERROR] [net.minecraft.world.level.storage.loot.LootDataType/]: Couldn't parse element ResourceKey[minecraft:root / minecraft:loot_table]:mekanism_extras:blocks/supreme_pigment_extracting_factory - Unknown registry key in ResourceKey[minecraft:root / minecraft:item]: mekanism_extras:supreme_pigment_extracting_factory
[14Jul2026 18:26:41.005] [Worker-Main-3/ERROR] [net.minecraft.world.level.storage.loot.LootDataType/]: Couldn't parse element ResourceKey[minecraft:root / minecraft:loot_table]:mekanism_extras:blocks/absolute_crystallizing_factory - Unknown registry key in ResourceKey[minecraft:root / minecraft:item]: mekanism_extras:absolute_crystallizing_factory
[14Jul2026 18:26:41.006] [Worker-Main-3/ERROR] [net.minecraft.world.level.storage.loot.LootDataType/]: Couldn't parse element ResourceKey[minecraft:root / minecraft:loot_table]:mekanism_extras:blocks/infinite_painting_factory - Unknown registry key in ResourceKey[minecraft:root / minecraft:item]: mekanism_extras:infinite_painting_factory
[14Jul2026 18:26:41.008] [Worker-Main-3/ERROR] [net.minecraft.world.level.storage.loot.LootDataType/]: Couldn't parse element ResourceKey[minecraft:root / minecraft:loot_table]:mekanism_extras:blocks/absolute_centrifuging_factory - Unknown registry key in ResourceKey[minecraft:root / minecraft:item]: mekanism_extras:absolute_centrifuging_factory
[14Jul2026 18:26:41.013] [Worker-Main-3/ERROR] [net.minecraft.world.level.storage.loot.LootDataType/]: Couldn't parse element ResourceKey[minecraft:root / minecraft:loot_table]:mekanism_extras:blocks/cosmic_replicating_factory - Unknown registry key in ResourceKey[minecraft:root / minecraft:item]: mekanism_extras:cosmic_replicating_factory
[14Jul2026 18:26:41.013] [Worker-Main-3/ERROR] [net.minecraft.world.level.storage.loot.LootDataType/]: Couldn't parse element ResourceKey[minecraft:root / minecraft:loot_table]:create_connected:blocks/dye_depot_tan_fan_dyeing_catalyst - Unknown registry key in ResourceKey[minecraft:root / minecraft:item]: create_connected:dye_depot_tan_fan_dyeing_catalyst
[14Jul2026 18:26:41.016] [Worker-Main-3/ERROR] [net.minecraft.world.level.storage.loot.LootDataType/]: Couldn't parse element ResourceKey[minecraft:root / minecraft:loot_table]:mekanism_extras:blocks/absolute_planting_factory - Unknown registry key in ResourceKey[minecraft:root / minecraft:item]: mekanism_extras:absolute_planting_factory
[14Jul2026 18:26:41.016] [Worker-Main-3/ERROR] [net.minecraft.world.level.storage.loot.LootDataType/]: Couldn't parse element ResourceKey[minecraft:root / minecraft:loot_table]:mekanism_extras:blocks/cosmic_dissolving_factory - Unknown registry key in ResourceKey[minecraft:root / minecraft:item]: mekanism_extras:cosmic_dissolving_factory
[14Jul2026 18:26:41.023] [Worker-Main-3/ERROR] [net.minecraft.world.level.storage.loot.LootDataType/]: Couldn't parse element ResourceKey[minecraft:root / minecraft:loot_table]:mekanism_extras:blocks/absolute_chemical_infusing_factory - Unknown registry key in ResourceKey[minecraft:root / minecraft:item]: mekanism_extras:absolute_chemical_infusing_factory
[14Jul2026 18:26:41.023] [Worker-Main-3/ERROR] [net.minecraft.world.level.storage.loot.LootDataType/]: Couldn't parse element ResourceKey[minecraft:root / minecraft:loot_table]:mekanism_extras:blocks/supreme_washing_factory - Unknown registry key in ResourceKey[minecraft:root / minecraft:item]: mekanism_extras:supreme_washing_factory
[14Jul2026 18:26:41.024] [Worker-Main-3/ERROR] [net.minecraft.world.level.storage.loot.LootDataType/]: Couldn't parse element ResourceKey[minecraft:root / minecraft:loot_table]:create_connected:blocks/dye_depot_coral_fan_dyeing_catalyst - Unknown registry key in ResourceKey[minecraft:root / minecraft:item]: create_connected:dye_depot_coral_fan_dyeing_catalyst
[14Jul2026 18:26:41.024] [Worker-Main-3/ERROR] [net.minecraft.world.level.storage.loot.LootDataType/]: Couldn't parse element ResourceKey[minecraft:root / minecraft:loot_table]:mekanism_extras:blocks/supreme_stamping_factory - Unknown registry key in ResourceKey[minecraft:root / minecraft:item]: mekanism_extras:supreme_stamping_factory
[14Jul2026 18:26:41.027] [Worker-Main-3/ERROR] [net.minecraft.world.level.storage.loot.LootDataType/]: Couldn't parse element ResourceKey[minecraft:root / minecraft:loot_table]:mekanism_extras:blocks/cosmic_rolling_mill_factory - Unknown registry key in ResourceKey[minecraft:root / minecraft:item]: mekanism_extras:cosmic_rolling_mill_factory
[14Jul2026 18:26:41.027] [Worker-Main-3/ERROR] [net.minecraft.world.level.storage.loot.LootDataType/]: Couldn't parse element ResourceKey[minecraft:root / minecraft:loot_table]:create_connected:blocks/dye_depot_forest_fan_dyeing_catalyst - Unknown registry key in ResourceKey[minecraft:root / minecraft:item]: create_connected:dye_depot_forest_fan_dyeing_catalyst
[14Jul2026 18:26:41.043] [Worker-Main-3/ERROR] [net.minecraft.world.level.storage.loot.LootDataType/]: Couldn't parse element ResourceKey[minecraft:root / minecraft:loot_table]:mekanism_extras:blocks/absolute_dissolving_factory - Unknown registry key in ResourceKey[minecraft:root / minecraft:item]: mekanism_extras:absolute_dissolving_factory
[14Jul2026 18:26:41.044] [Worker-Main-3/ERROR] [net.minecraft.world.level.storage.loot.LootDataType/]: Couldn't parse element ResourceKey[minecraft:root / minecraft:loot_table]:create_connected:blocks/dye_depot_ginger_fan_dyeing_catalyst - Unknown registry key in ResourceKey[minecraft:root / minecraft:item]: create_connected:dye_depot_ginger_fan_dyeing_catalyst
[14Jul2026 18:26:41.044] [Worker-Main-3/ERROR] [net.minecraft.world.level.storage.loot.LootDataType/]: Couldn't parse element ResourceKey[minecraft:root / minecraft:loot_table]:mekanism_extras:blocks/supreme_recycling_factory - Unknown registry key in ResourceKey[minecraft:root / minecraft:item]: mekanism_extras:supreme_recycling_factory
[14Jul2026 18:26:41.044] [Worker-Main-3/ERROR] [net.minecraft.world.level.storage.loot.LootDataType/]: Couldn't parse element ResourceKey[minecraft:root / minecraft:loot_table]:mekanism_extras:blocks/cosmic_washing_factory - Unknown registry key in ResourceKey[minecraft:root / minecraft:item]: mekanism_extras:cosmic_washing_factory
[14Jul2026 18:26:41.046] [Worker-Main-3/ERROR] [net.minecraft.world.level.storage.loot.LootDataType/]: Couldn't parse element ResourceKey[minecraft:root / minecraft:loot_table]:mekanism_extras:blocks/infinite_replicating_factory - Unknown registry key in ResourceKey[minecraft:root / minecraft:item]: mekanism_extras:infinite_replicating_factory
[14Jul2026 18:26:41.046] [Worker-Main-3/ERROR] [net.minecraft.world.level.storage.loot.LootDataType/]: Couldn't parse element ResourceKey[minecraft:root / minecraft:loot_table]:mekanism_extras:blocks/supreme_replicating_factory - Unknown registry key in ResourceKey[minecraft:root / minecraft:item]: mekanism_extras:supreme_replicating_factory
[14Jul2026 18:26:41.047] [Worker-Main-3/ERROR] [net.minecraft.world.level.storage.loot.LootDataType/]: Couldn't parse element ResourceKey[minecraft:root / minecraft:loot_table]:mekanism_extras:blocks/infinite_recycling_factory - Unknown registry key in ResourceKey[minecraft:root / minecraft:item]: mekanism_extras:infinite_recycling_factory
[14Jul2026 18:26:41.050] [Worker-Main-3/ERROR] [net.minecraft.world.level.storage.loot.LootDataType/]: Couldn't parse element ResourceKey[minecraft:root / minecraft:loot_table]:mekanism_extras:blocks/infinite_rolling_mill_factory - Unknown registry key in ResourceKey[minecraft:root / minecraft:item]: mekanism_extras:infinite_rolling_mill_factory
[14Jul2026 18:26:41.052] [Worker-Main-3/ERROR] [net.minecraft.world.level.storage.loot.LootDataType/]: Couldn't parse element ResourceKey[minecraft:root / minecraft:loot_table]:mekanism_extras:blocks/infinite_crystallizing_factory - Unknown registry key in ResourceKey[minecraft:root / minecraft:item]: mekanism_extras:infinite_crystallizing_factory
[14Jul2026 18:26:41.056] [NeoForge Version Check/INFO] [net.neoforged.fml.VersionChecker/]: [clumps] Found status: BETA Current: 19.0.0.1 Target: 19.0.0.1
[14Jul2026 18:26:41.056] [NeoForge Version Check/INFO] [net.neoforged.fml.VersionChecker/]: [ae2wtlib] Starting version check at https://api.modrinth.com/updates/applied-energistics-2-wireless-terminals/forge_updates.json?neoforge=only
[14Jul2026 18:26:41.057] [Worker-Main-3/ERROR] [net.minecraft.world.level.storage.loot.LootDataType/]: Couldn't parse element ResourceKey[minecraft:root / minecraft:loot_table]:mekanism_extras:blocks/absolute_oxidizing_factory - Unknown registry key in ResourceKey[minecraft:root / minecraft:item]: mekanism_extras:absolute_oxidizing_factory
[14Jul2026 18:26:41.057] [Worker-Main-3/ERROR] [net.minecraft.world.level.storage.loot.LootDataType/]: Couldn't parse element ResourceKey[minecraft:root / minecraft:loot_table]:mekanism_extras:blocks/supreme_pressurised_reacting_factory - Unknown registry key in ResourceKey[minecraft:root / minecraft:item]: mekanism_extras:supreme_pressurised_reacting_factory
[14Jul2026 18:26:41.059] [Worker-Main-3/ERROR] [net.minecraft.world.level.storage.loot.LootDataType/]: Couldn't parse element ResourceKey[minecraft:root / minecraft:loot_table]:mekanism_extras:blocks/supreme_chemical_infusing_factory - Unknown registry key in ResourceKey[minecraft:root / minecraft:item]: mekanism_extras:supreme_chemical_infusing_factory
[14Jul2026 18:26:41.061] [Worker-Main-3/ERROR] [net.minecraft.world.level.storage.loot.LootDataType/]: Couldn't parse element ResourceKey[minecraft:root / minecraft:loot_table]:mekanism_extras:blocks/infinite_oxidizing_factory - Unknown registry key in ResourceKey[minecraft:root / minecraft:item]: mekanism_extras:infinite_oxidizing_factory
[14Jul2026 18:26:41.067] [Worker-Main-3/ERROR] [net.minecraft.world.level.storage.loot.LootDataType/]: Couldn't parse element ResourceKey[minecraft:root / minecraft:loot_table]:mekanism_extras:blocks/infinite_chemical_infusing_factory - Unknown registry key in ResourceKey[minecraft:root / minecraft:item]: mekanism_extras:infinite_chemical_infusing_factory
[14Jul2026 18:26:41.067] [Worker-Main-3/ERROR] [net.minecraft.world.level.storage.loot.LootDataType/]: Couldn't parse element ResourceKey[minecraft:root / minecraft:loot_table]:create_connected:blocks/dye_depot_olive_fan_dyeing_catalyst - Unknown registry key in ResourceKey[minecraft:root / minecraft:item]: create_connected:dye_depot_olive_fan_dyeing_catalyst
[14Jul2026 18:26:41.068] [Worker-Main-3/ERROR] [net.minecraft.world.level.storage.loot.LootDataType/]: Couldn't parse element ResourceKey[minecraft:root / minecraft:loot_table]:mekanism_extras:blocks/supreme_liquifying_factory - Unknown registry key in ResourceKey[minecraft:root / minecraft:item]: mekanism_extras:supreme_liquifying_factory
[14Jul2026 18:26:41.074] [Worker-Main-3/ERROR] [net.minecraft.world.level.storage.loot.LootDataType/]: Couldn't parse element ResourceKey[minecraft:root / minecraft:loot_table]:mekanism_extras:blocks/cosmic_lathing_factory - Unknown registry key in ResourceKey[minecraft:root / minecraft:item]: mekanism_extras:cosmic_lathing_factory
[14Jul2026 18:26:41.080] [Worker-Main-3/ERROR] [net.minecraft.world.level.storage.loot.LootDataType/]: Couldn't parse element ResourceKey[minecraft:root / minecraft:loot_table]:create_connected:blocks/dye_depot_teal_fan_dyeing_catalyst - Unknown registry key in ResourceKey[minecraft:root / minecraft:item]: create_connected:dye_depot_teal_fan_dyeing_catalyst
[14Jul2026 18:26:41.123] [Worker-Main-3/INFO] [emi_loot/]: parsing loot tables
[14Jul2026 18:26:41.167] [Worker-Main-3/ERROR] [net.minecraft.world.item.ItemStack/]: Failed to apply component patch '{minecraft:potion_contents=>PotionContents[potion=Optional[Reference{ResourceKey[minecraft:potion / minecraft:strong_healing]=net.minecraft.world.item.alchemy.Potion@60618e53}], customColor=Optional.empty, customEffects=[]]}' to item: 'Item stack with stack size of 2 was larger than maximum: 1'
[14Jul2026 18:26:41.186] [Worker-Main-3/ERROR] [net.minecraft.world.item.ItemStack/]: Failed to apply component patch '{minecraft:potion_contents=>PotionContents[potion=Optional[Reference{ResourceKey[minecraft:potion / minecraft:strong_healing]=net.minecraft.world.item.alchemy.Potion@60618e53}], customColor=Optional.empty, customEffects=[]]}' to item: 'Item stack with stack size of 2 was larger than maximum: 1'
[14Jul2026 18:26:41.230] [NeoForge Version Check/INFO] [net.neoforged.fml.VersionChecker/]: [ae2wtlib] Found status: UP_TO_DATE Current: 19.5.0 Target: null
[14Jul2026 18:26:41.230] [NeoForge Version Check/INFO] [net.neoforged.fml.VersionChecker/]: [diagonalfences] Starting version check at https://raw.githubusercontent.com/Fuzss/modresources/main/update/diagonalfences.json
[14Jul2026 18:26:41.232] [Worker-Main-3/ERROR] [net.minecraft.world.item.ItemStack/]: Failed to apply component patch '{minecraft:potion_contents=>PotionContents[potion=Optional[Reference{ResourceKey[minecraft:potion / minecraft:strong_healing]=net.minecraft.world.item.alchemy.Potion@60618e53}], customColor=Optional.empty, customEffects=[]]}' to item: 'Item stack with stack size of 2 was larger than maximum: 1'
[14Jul2026 18:26:41.240] [Worker-Main-3/ERROR] [net.minecraft.world.item.ItemStack/]: Failed to apply component patch '{minecraft:potion_contents=>PotionContents[potion=Optional[Reference{ResourceKey[minecraft:potion / minecraft:strong_healing]=net.minecraft.world.item.alchemy.Potion@60618e53}], customColor=Optional.empty, customEffects=[]]}' to item: 'Item stack with stack size of 2 was larger than maximum: 1'
[14Jul2026 18:26:41.259] [NeoForge Version Check/INFO] [net.neoforged.fml.VersionChecker/]: [diagonalfences] Found status: UP_TO_DATE Current: 21.1.1 Target: null
[14Jul2026 18:26:41.259] [NeoForge Version Check/INFO] [net.neoforged.fml.VersionChecker/]: [appmek] Starting version check at https://api.modrinth.com/updates/applied-mekanistics/forge_updates.json
[14Jul2026 18:26:41.261] [Worker-Main-3/ERROR] [net.minecraft.world.item.ItemStack/]: Failed to apply component patch '{minecraft:potion_contents=>PotionContents[potion=Optional[Reference{ResourceKey[minecraft:potion / minecraft:strong_healing]=net.minecraft.world.item.alchemy.Potion@60618e53}], customColor=Optional.empty, customEffects=[]]}' to item: 'Item stack with stack size of 2 was larger than maximum: 1'
[14Jul2026 18:26:41.333] [Worker-Main-3/ERROR] [net.minecraft.world.item.ItemStack/]: Failed to apply component patch '{minecraft:potion_contents=>PotionContents[potion=Optional[Reference{ResourceKey[minecraft:potion / minecraft:strong_healing]=net.minecraft.world.item.alchemy.Potion@60618e53}], customColor=Optional.empty, customEffects=[]]}' to item: 'Item stack with stack size of 2 was larger than maximum: 1'
[14Jul2026 18:26:41.333] [Worker-Main-3/ERROR] [net.minecraft.world.item.ItemStack/]: Failed to apply component patch '{minecraft:potion_contents=>PotionContents[potion=Optional[Reference{ResourceKey[minecraft:potion / minecraft:long_regeneration]=net.minecraft.world.item.alchemy.Potion@4c59f5e8}], customColor=Optional.empty, customEffects=[]]}' to item: 'Item stack with stack size of 2 was larger than maximum: 1'
[14Jul2026 18:26:41.340] [Worker-Main-3/ERROR] [net.minecraft.world.item.ItemStack/]: Failed to apply component patch '{minecraft:potion_contents=>PotionContents[potion=Optional[Reference{ResourceKey[minecraft:potion / minecraft:strong_healing]=net.minecraft.world.item.alchemy.Potion@60618e53}], customColor=Optional.empty, customEffects=[]]}' to item: 'Item stack with stack size of 2 was larger than maximum: 1'
[14Jul2026 18:26:41.343] [Worker-Main-3/ERROR] [net.minecraft.world.item.ItemStack/]: Failed to apply component patch '{minecraft:potion_contents=>PotionContents[potion=Optional[Reference{ResourceKey[minecraft:potion / minecraft:regeneration]=net.minecraft.world.item.alchemy.Potion@332abea0}], customColor=Optional[8388672], customEffects=[effect.minecraft.regeneration x 5, Duration: 300, effect.minecraft.instant_health x 3, Duration: 1]]}' to item: 'Item stack with stack size of 2 was larger than maximum: 1'
[14Jul2026 18:26:41.363] [Worker-Main-3/INFO] [emi_loot/]: finished parsing loot tables in 240
[14Jul2026 18:26:41.422] [NeoForge Version Check/INFO] [net.neoforged.fml.VersionChecker/]: [appmek] Found status: BETA Current: 1.6.3 Target: null
[14Jul2026 18:26:41.915] [Worker-Main-3/INFO] [AE2:C/]: Scanning class appeng.server.testplots.AutoCraftingTestPlots for plots
[14Jul2026 18:26:41.917] [Worker-Main-3/INFO] [AE2:C/]: Scanning class appeng.server.testplots.SpawnExtraGridTestTools for plots
[14Jul2026 18:26:41.917] [Worker-Main-3/INFO] [AE2:C/]: Scanning class appeng.server.testplots.PatternProviderPlots for plots
[14Jul2026 18:26:41.917] [Worker-Main-3/INFO] [AE2:C/]: Scanning class appeng.server.testplots.CrystalResonanceGeneratorTestPlots for plots
[14Jul2026 18:26:41.917] [Worker-Main-3/INFO] [AE2:C/]: Scanning class appeng.server.testplots.InterfaceTestPlots for plots
[14Jul2026 18:26:41.917] [Worker-Main-3/INFO] [AE2:C/]: Scanning class appeng.server.testplots.PatternProviderLockModePlots for plots
[14Jul2026 18:26:41.917] [Worker-Main-3/INFO] [AE2:C/]: Scanning class appeng.server.testplots.ItemP2PTestPlots for plots
[14Jul2026 18:26:41.917] [Worker-Main-3/INFO] [AE2:C/]: Scanning class appeng.server.testplots.InvalidPatternTestPlot for plots
[14Jul2026 18:26:41.917] [Worker-Main-3/INFO] [AE2:C/]: Scanning class appeng.server.testplots.MemoryCardTestPlots for plots
[14Jul2026 18:26:41.917] [Worker-Main-3/INFO] [AE2:C/]: Scanning class appeng.server.testplots.AnnihilationPlaneTests for plots
[14Jul2026 18:26:41.917] [Worker-Main-3/INFO] [AE2:C/]: Scanning class appeng.server.testplots.InscriberTestPlots for plots
[14Jul2026 18:26:41.924] [Worker-Main-3/INFO] [AE2:C/]: Scanning class appeng.server.testplots.GuidebookPlot for plots
[14Jul2026 18:26:41.924] [Worker-Main-3/INFO] [AE2:C/]: Scanning class appeng.server.testplots.SubnetPlots for plots
[14Jul2026 18:26:41.924] [Worker-Main-3/INFO] [AE2:C/]: Scanning class appeng.server.testplots.P2PTestPlots for plots
[14Jul2026 18:26:41.924] [Worker-Main-3/INFO] [AE2:C/]: Scanning class appeng.server.testplots.QnbTestPlots for plots
[14Jul2026 18:26:41.924] [Worker-Main-3/INFO] [AE2:C/]: Scanning class appeng.server.testplots.ExternalEnergyTestPlots for plots
[14Jul2026 18:26:41.924] [Worker-Main-3/INFO] [AE2:C/]: Scanning class appeng.server.testplots.ChannelTests for plots
[14Jul2026 18:26:41.924] [Worker-Main-3/INFO] [AE2:C/]: Scanning class appeng.server.testplots.TestPlots for plots
[14Jul2026 18:26:41.924] [Worker-Main-3/INFO] [AE2:C/]: Scanning class appeng.server.testplots.SpatialTestPlots for plots
[14Jul2026 18:26:41.925] [Worker-Main-3/INFO] [AE2:C/]: Scanning class de.mari_023.ae2wtlib.AE2wtlibTestPlots for plots
[14Jul2026 18:26:41.925] [Worker-Main-3/INFO] [com.zerog.neoessentials.NeoEssentials/]: Registering NeoEssentials commands...
[14Jul2026 18:26:41.927] [Worker-Main-3/INFO] [com.zerog.neoessentials.commands.ModRootCommand/]: Registering /neoe and /neoessentials root commands
[14Jul2026 18:26:41.933] [Worker-Main-3/INFO] [com.zerog.neoessentials.teleportation.TeleportRequests.TeleportRequestCommands/]: Registered enabled teleport request commands
[14Jul2026 18:26:41.936] [Worker-Main-3/INFO] [com.zerog.neoessentials.teleportation.Misc.MiscTeleportCommands/]: Registered misc teleport commands: /back
[14Jul2026 18:26:41.936] [Worker-Main-3/INFO] [com.zerog.neoessentials.teleportation.Misc.MiscTeleportCommands/]: Registered misc teleport commands: /tpauto
[14Jul2026 18:26:41.937] [Worker-Main-3/INFO] [com.zerog.neoessentials.economy.commands.EconomyCommands/]: Registering economy commands...
[14Jul2026 18:26:41.937] [Worker-Main-3/INFO] [com.zerog.neoessentials.economy.commands.EconomyCommands/]: Balance command registered
[14Jul2026 18:26:41.938] [Worker-Main-3/INFO] [com.zerog.neoessentials.economy.commands.EconomyCommands/]: Pay command registered
[14Jul2026 18:26:41.938] [Worker-Main-3/INFO] [com.zerog.neoessentials.economy.commands.EconomyCommands/]: PayToggle command registered
[14Jul2026 18:26:41.940] [Worker-Main-3/INFO] [com.zerog.neoessentials.economy.commands.EconomyCommands/]: Eco command registered
[14Jul2026 18:26:41.940] [Worker-Main-3/INFO] [com.zerog.neoessentials.economy.commands.EconomyCommands/]: Baltop command registered
[14Jul2026 18:26:41.940] [Worker-Main-3/INFO] [com.zerog.neoessentials.economy.commands.EconomyCommands/]: All economy commands registration completed
[14Jul2026 18:26:41.950] [Worker-Main-3/INFO] [com.zerog.neoessentials.chat.commands.ChannelCommands/]: Registered 10 channel commands
[14Jul2026 18:26:41.951] [Worker-Main-3/INFO] [com.zerog.neoessentials.commands.LanguageCommand/]: Language command registered
[14Jul2026 18:26:41.955] [Worker-Main-3/INFO] [com.zerog.neoessentials.kits.KitManager/]: Initializing Kit Manager...
[14Jul2026 18:26:41.959] [Worker-Main-3/INFO] [com.zerog.neoessentials.api.permissions.PermissionRegistry/]: Registering NeoEssentials permission nodes...
[14Jul2026 18:26:41.960] [Worker-Main-3/WARN] [com.zerog.neoessentials.api.permissions.PermissionRegistry/]: Invalid permission format: neoessentials.spawner.*
[14Jul2026 18:26:41.960] [Worker-Main-3/WARN] [com.zerog.neoessentials.api.permissions.PermissionRegistry/]: Invalid permission format: neoessentials.fireball.*
[14Jul2026 18:26:41.961] [Worker-Main-3/WARN] [com.zerog.neoessentials.api.permissions.PermissionRegistry/]: Invalid permission format: neoessentials.warps.*
[14Jul2026 18:26:41.963] [Worker-Main-3/INFO] [com.zerog.neoessentials.api.permissions.PermissionRegistry/]: Registered 323 permission nodes
[14Jul2026 18:26:41.963] [Worker-Main-3/INFO] [com.zerog.neoessentials.api.permissions.PermissionRegistry/]: Starting automatic permission discovery...
[14Jul2026 18:26:41.964] [Worker-Main-3/INFO] [com.zerog.neoessentials.api.permissions.PermissionScanner/]: Starting automatic permission discovery...
[14Jul2026 18:26:41.966] [Worker-Main-3/INFO] [com.zerog.neoessentials.api.permissions.PermissionScanner/]: Loaded 221 permissions from permissions_nodes.txt for PermissionsEX integration
[14Jul2026 18:26:41.966] [Worker-Main-3/INFO] [com.zerog.neoessentials.api.permissions.PermissionScanner/]: Permission discovery completed. Found 215 permissions across 0 files
[14Jul2026 18:26:41.967] [Worker-Main-3/INFO] [com.zerog.neoessentials.api.permissions.PermissionScanner/]: === DISCOVERED PERMISSIONS BY CATEGORY ===
[14Jul2026 18:26:41.967] [Worker-Main-3/INFO] [com.zerog.neoessentials.api.permissions.PermissionScanner/]: MAIL (1): neoessentials.mail
[14Jul2026 18:26:41.967] [Worker-Main-3/INFO] [com.zerog.neoessentials.api.permissions.PermissionScanner/]: USE (1): neoessentials.use
[14Jul2026 18:26:41.967] [Worker-Main-3/INFO] [com.zerog.neoessentials.api.permissions.PermissionScanner/]: PING (2): neoessentials.ping, neoessentials.ping.others
[14Jul2026 18:26:41.967] [Worker-Main-3/INFO] [com.zerog.neoessentials.api.permissions.PermissionScanner/]: TELEPORT (51): neoessentials.teleport.admin, neoessentials.teleport.admin.tp, neoessentials.teleport.admin.tpall, neoessentials.teleport.admin.tphere, neoessentials.teleport.admin.tpo, neoessentials.teleport.admin.tppos, neoessentials.teleport.back, neoessentials.teleport.back.death, neoessentials.teleport.back.home, neoessentials.teleport.back.jump, neoessentials.teleport.back.jumpto, neoessentials.teleport.back.spawn, neoessentials.teleport.back.teleport, neoessentials.teleport.back.tp, neoessentials.teleport.back.tpa, neoessentials.teleport.back.tphere, neoessentials.teleport.back.tpo, neoessentials.teleport.back.tppos, neoessentials.teleport.back.tpr, neoessentials.teleport.back.tptop, neoessentials.teleport.back.unsafe, neoessentials.teleport.back.warp, neoessentials.teleport.death, neoessentials.teleport.home, neoessentials.teleport.home.confirm, neoessentials.teleport.home.delete, neoessentials.teleport.home.list, neoessentials.teleport.home.others, neoessentials.teleport.home.set, neoessentials.teleport.home.unsafe, neoessentials.teleport.jump, neoessentials.teleport.jumpto, neoessentials.teleport.request.accept, neoessentials.teleport.request.cancel, neoessentials.teleport.request.deny, neoessentials.teleport.request.tpa, neoessentials.teleport.request.tpahere, neoessentials.teleport.spawn, neoessentials.teleport.spawn.clear, neoessentials.teleport.spawn.info, neoessentials.teleport.spawn.set, neoessentials.teleport.spawn.unsafe, neoessentials.teleport.top, neoessentials.teleport.tpa, neoessentials.teleport.tpahere, neoessentials.teleport.tpr, neoessentials.teleport.warp, neoessentials.teleport.warp.create, neoessentials.teleport.warp.delete, neoessentials.teleport.warp.list, neoessentials.teleport.warp.unsafe
[14Jul2026 18:26:41.967] [Worker-Main-3/INFO] [com.zerog.neoessentials.api.permissions.PermissionScanner/]: SIGN (1): neoessentials.sign
[14Jul2026 18:26:41.967] [Worker-Main-3/INFO] [com.zerog.neoessentials.api.permissions.PermissionScanner/]: UNIGNORE (1): neoessentials.unignore
[14Jul2026 18:26:41.967] [Worker-Main-3/INFO] [com.zerog.neoessentials.api.permissions.PermissionScanner/]: ADMIN (1): neoessentials.admin
[14Jul2026 18:26:41.967] [Worker-Main-3/INFO] [com.zerog.neoessentials.api.permissions.PermissionScanner/]: RULES (1): neoessentials.rules
[14Jul2026 18:26:41.967] [Worker-Main-3/INFO] [com.zerog.neoessentials.api.permissions.PermissionScanner/]: SEEN (1): neoessentials.seen
[14Jul2026 18:26:41.967] [Worker-Main-3/INFO] [com.zerog.neoessentials.api.permissions.PermissionScanner/]: NICK (1): neoessentials.nick
[14Jul2026 18:26:41.967] [Worker-Main-3/INFO] [com.zerog.neoessentials.api.permissions.PermissionScanner/]: SMITHING (1): neoessentials.smithing
[14Jul2026 18:26:41.967] [Worker-Main-3/INFO] [com.zerog.neoessentials.api.permissions.PermissionScanner/]: RELOAD (1): neoessentials.reload
[14Jul2026 18:26:41.967] [Worker-Main-3/INFO] [com.zerog.neoessentials.api.permissions.PermissionScanner/]: WHOIS (2): neoessentials.whois, neoessentials.whois.detailed
[14Jul2026 18:26:41.967] [Worker-Main-3/INFO] [com.zerog.neoessentials.api.permissions.PermissionScanner/]: PERMISSIONS (23): neoessentials.permissions.admin, neoessentials.permissions.group, neoessentials.permissions.group.add, neoessentials.permissions.group.info, neoessentials.permissions.group.inherit, neoessentials.permissions.group.list, neoessentials.permissions.group.meta, neoessentials.permissions.group.prefix, neoessentials.permissions.group.remove, neoessentials.permissions.group.suffix, neoessentials.permissions.group.weight, neoessentials.permissions.list, neoessentials.permissions.reload, neoessentials.permissions.user, neoessentials.permissions.user.add, neoessentials.permissions.user.info, neoessentials.permissions.user.inherit, neoessentials.permissions.user.list, neoessentials.permissions.user.meta, neoessentials.permissions.user.prefix, neoessentials.permissions.user.remove, neoessentials.permissions.user.suffix, neoessentials.permissions.user.weight
[14Jul2026 18:26:41.967] [Worker-Main-3/INFO] [com.zerog.neoessentials.api.permissions.PermissionScanner/]: HELPOP (1): neoessentials.helpop
[14Jul2026 18:26:41.967] [Worker-Main-3/INFO] [com.zerog.neoessentials.api.permissions.PermissionScanner/]: IGNORE (1): neoessentials.ignore
[14Jul2026 18:26:41.967] [Worker-Main-3/INFO] [com.zerog.neoessentials.api.permissions.PermissionScanner/]: UNMUTE (1): neoessentials.unmute
[14Jul2026 18:26:41.967] [Worker-Main-3/INFO] [com.zerog.neoessentials.api.permissions.PermissionScanner/]: NEAR (1): neoessentials.near
[14Jul2026 18:26:41.967] [Worker-Main-3/INFO] [com.zerog.neoessentials.api.permissions.PermissionScanner/]: DASHBOARD (13): neoessentials.dashboard.access, neoessentials.dashboard.admin, neoessentials.dashboard.admin.files, neoessentials.dashboard.admin.reload, neoessentials.dashboard.admin.restart, neoessentials.dashboard.admin.save, neoessentials.dashboard.admin.sessions, neoessentials.dashboard.admin.stop, neoessentials.dashboard.admin.users, neoessentials.dashboard.commands, neoessentials.dashboard.moderator, neoessentials.dashboard.players, neoessentials.dashboard.view
[14Jul2026 18:26:41.967] [Worker-Main-3/INFO] [com.zerog.neoessentials.api.permissions.PermissionScanner/]: INFO (1): neoessentials.info
[14Jul2026 18:26:41.967] [Worker-Main-3/INFO] [com.zerog.neoessentials.api.permissions.PermissionScanner/]: MOTD (3): neoessentials.motd, neoessentials.motd.reload, neoessentials.motd.set
[14Jul2026 18:26:41.967] [Worker-Main-3/INFO] [com.zerog.neoessentials.api.permissions.PermissionScanner/]: ITEM (22): neoessentials.item.clearinventory, neoessentials.item.clearinventory.others, neoessentials.item.dispose, neoessentials.item.enchant, neoessentials.item.enchant.others, neoessentials.item.enchant.unsafe, neoessentials.item.endersee, neoessentials.item.endersee.edit, neoessentials.item.endersee.edit.others, neoessentials.item.endersee.others, neoessentials.item.invsee, neoessentials.item.invsee.edit, neoessentials.item.invsee.edit.others, neoessentials.item.invsee.others, neoessentials.item.lore, neoessentials.item.lore.others, neoessentials.item.powertool, neoessentials.item.powertool.toggle, neoessentials.item.rename, neoessentials.item.rename.others, neoessentials.item.repair, neoessentials.item.repair.others
[14Jul2026 18:26:41.967] [Worker-Main-3/INFO] [com.zerog.neoessentials.api.permissions.PermissionScanner/]: DEBUG (1): neoessentials.debug
[14Jul2026 18:26:41.967] [Worker-Main-3/INFO] [com.zerog.neoessentials.api.permissions.PermissionScanner/]: STONECUTTING (1): neoessentials.stonecutting
[14Jul2026 18:26:41.967] [Worker-Main-3/INFO] [com.zerog.neoessentials.api.permissions.PermissionScanner/]: SUICIDE (1): neoessentials.suicide
[14Jul2026 18:26:41.967] [Worker-Main-3/INFO] [com.zerog.neoessentials.api.permissions.PermissionScanner/]: AFK (5): neoessentials.afk, neoessentials.afk.auto, neoessentials.afk.bypass, neoessentials.afk.exempt, neoessentials.afk.notify
[14Jul2026 18:26:41.967] [Worker-Main-3/INFO] [com.zerog.neoessentials.api.permissions.PermissionScanner/]: MUTE (1): neoessentials.mute
[14Jul2026 18:26:41.967] [Worker-Main-3/INFO] [com.zerog.neoessentials.api.permissions.PermissionScanner/]: ECONOMY (12): neoessentials.economy.admin, neoessentials.economy.admin.give, neoessentials.economy.admin.set, neoessentials.economy.admin.take, neoessentials.economy.balance, neoessentials.economy.balance.others, neoessentials.economy.baltop, neoessentials.economy.history, neoessentials.economy.pay, neoessentials.economy.paytoggle, neoessentials.economy.transaction, neoessentials.economy.transaction.others
[14Jul2026 18:26:41.967] [Worker-Main-3/INFO] [com.zerog.neoessentials.api.permissions.PermissionScanner/]: LIST (1): neoessentials.list
[14Jul2026 18:26:41.967] [Worker-Main-3/INFO] [com.zerog.neoessentials.api.permissions.PermissionScanner/]: REALNAME (1): neoessentials.realname
[14Jul2026 18:26:41.967] [Worker-Main-3/INFO] [com.zerog.neoessentials.api.permissions.PermissionScanner/]: GRINDSTONE (1): neoessentials.grindstone
[14Jul2026 18:26:41.967] [Worker-Main-3/INFO] [com.zerog.neoessentials.api.permissions.PermissionScanner/]: KITS (12): neoessentials.kits.admin, neoessentials.kits.admin.create, neoessentials.kits.admin.delete, neoessentials.kits.admin.edit, neoessentials.kits.admin.give, neoessentials.kits.admin.list, neoessentials.kits.admin.reset, neoessentials.kits.cooldown, neoessentials.kits.list, neoessentials.kits.nocooldown, neoessentials.kits.preview, neoessentials.kits.use
[14Jul2026 18:26:41.967] [Worker-Main-3/INFO] [com.zerog.neoessentials.api.permissions.PermissionScanner/]: SOCIALSPY (1): neoessentials.socialspy
[14Jul2026 18:26:41.967] [Worker-Main-3/INFO] [com.zerog.neoessentials.api.permissions.PermissionScanner/]: DEPTH (2): neoessentials.depth, neoessentials.depth.others
[14Jul2026 18:26:41.967] [Worker-Main-3/INFO] [com.zerog.neoessentials.api.permissions.PermissionScanner/]: CRAFTING (1): neoessentials.crafting
[14Jul2026 18:26:41.967] [Worker-Main-3/INFO] [com.zerog.neoessentials.api.permissions.PermissionScanner/]: GETPOS (2): neoessentials.getpos, neoessentials.getpos.others
[14Jul2026 18:26:41.967] [Worker-Main-3/INFO] [com.zerog.neoessentials.api.permissions.PermissionScanner/]: CHAT (38): neoessentials.chat.anti-ad, neoessentials.chat.anti-ad.bypass, neoessentials.chat.anti-caps, neoessentials.chat.anti-caps.bypass, neoessentials.chat.anti-link, neoessentials.chat.anti-link.bypass, neoessentials.chat.anti-repeat, neoessentials.chat.anti-repeat.bypass, neoessentials.chat.anti-spam, neoessentials.chat.anti-spam.bypass, neoessentials.chat.anti-unicode, neoessentials.chat.anti-unicode.bypass, neoessentials.chat.badge, neoessentials.chat.badge.admin, neoessentials.chat.badge.custom, neoessentials.chat.badge.staff, neoessentials.chat.channel, neoessentials.chat.channel.custom, neoessentials.chat.channel.discord, neoessentials.chat.channel.global, neoessentials.chat.channel.local, neoessentials.chat.channel.staff, neoessentials.chat.color, neoessentials.chat.color.hex, neoessentials.chat.exempt, neoessentials.chat.format, neoessentials.chat.ignore, neoessentials.chat.mention, neoessentials.chat.mention.exempt, neoessentials.chat.mention.notify, neoessentials.chat.msg, neoessentials.chat.msgtoggle, neoessentials.chat.mute, neoessentials.chat.mutelist, neoessentials.chat.reply, neoessentials.chat.socialspy, neoessentials.chat.unignore, neoessentials.chat.unmute
[14Jul2026 18:26:41.967] [Worker-Main-3/INFO] [com.zerog.neoessentials.api.permissions.PermissionScanner/]: DISPOSE (1): neoessentials.dispose
[14Jul2026 18:26:41.967] [Worker-Main-3/INFO] [com.zerog.neoessentials.api.permissions.PermissionScanner/]: MUTELIST (1): neoessentials.mutelist
[14Jul2026 18:26:41.967] [Worker-Main-3/INFO] [com.zerog.neoessentials.api.permissions.PermissionScanner/]: MSGTOGGLE (1): neoessentials.msgtoggle
[14Jul2026 18:26:41.967] [Worker-Main-3/INFO] [com.zerog.neoessentials.api.permissions.PermissionScanner/]: WARP (1): neoessentials.warp.limit.unlimited
[14Jul2026 18:26:41.967] [Worker-Main-3/INFO] [com.zerog.neoessentials.api.permissions.PermissionScanner/]: === END PERMISSION DISCOVERY REPORT ===
[14Jul2026 18:26:41.968] [Worker-Main-3/INFO] [com.zerog.neoessentials.api.permissions.PermissionRegistry/]: Auto-discovery completed: 215 permissions discovered, 0 new permissions registered
[14Jul2026 18:26:41.968] [Worker-Main-3/INFO] [com.zerog.neoessentials.kits.KitManager/]: Loaded 1 kits from configuration
[14Jul2026 18:26:41.968] [Worker-Main-3/INFO] [com.zerog.neoessentials.kits.KitManager/]: Kit Manager initialized with 1 kits
[14Jul2026 18:26:41.968] [Worker-Main-3/INFO] [com.zerog.neoessentials.kits.command.KitCommands/]: KitManager initialized successfully
[14Jul2026 18:26:41.968] [Worker-Main-3/INFO] [com.zerog.neoessentials.kits.command.KitCommands/]: Registering kit commands...
[14Jul2026 18:26:41.970] [Worker-Main-3/INFO] [com.zerog.neoessentials.kits.command.KitCommands/]: Kit command registered
[14Jul2026 18:26:41.970] [Worker-Main-3/INFO] [com.zerog.neoessentials.kits.command.KitCommands/]: CreateKit command registered
[14Jul2026 18:26:41.971] [Worker-Main-3/INFO] [com.zerog.neoessentials.kits.command.KitCommands/]: DelKit command registered
[14Jul2026 18:26:41.972] [Worker-Main-3/INFO] [com.zerog.neoessentials.kits.command.KitCommands/]: ListKits command registered
[14Jul2026 18:26:41.972] [Worker-Main-3/INFO] [com.zerog.neoessentials.kits.command.KitCommands/]: KitReset command registered
[14Jul2026 18:26:41.972] [Worker-Main-3/INFO] [com.zerog.neoessentials.kits.command.KitCommands/]: All kit commands registration completed
[14Jul2026 18:26:41.974] [Worker-Main-3/INFO] [com.zerog.neoessentials.inventory.InventoryViewCommands/]: Registered inventory view commands: /invsee, /invseeedit, /enderchest, /enderchest
[14Jul2026 18:26:41.999] [Worker-Main-3/INFO] [com.zerog.neoessentials.economy.worth.WorthManager/]: Loaded 0 item prices from worth.json
[14Jul2026 18:26:42.111] [Worker-Main-3/WARN] [createliquidfuel/]: addReloadListeners called
[14Jul2026 18:26:42.386] [Worker-Main-3/WARN] [net.neoforged.neoforge.registries.DataMapLoader/]: Found data map file for non-existent data map type 'create_dragons_plus:fan_processing_catalysts/coloring' on registry 'minecraft:block'.
[14Jul2026 18:26:43.802] [main/INFO] [Cucumber Library/]: Registered 0 recipes in 0 ms
[14Jul2026 18:26:43.901] [main/ERROR] [net.minecraft.world.item.crafting.RecipeManager/]: Parsing error loading recipe malum:spirit_repair/diamond_restoration: com.google.gson.JsonParseException: Unknown registry key in ResourceKey[minecraft:root / minecraft:item]: farmersdelight:diamond_knife
[14Jul2026 18:26:43.926] [main/ERROR] [net.minecraft.world.item.crafting.RecipeManager/]: Parsing error loading recipe pastel:mod_integration/xycraft/fluid_interactions/blazing_crystal: com.google.gson.JsonParseException: Unknown registry key in ResourceKey[minecraft:root / minecraft:recipe_serializer]: xycraft_machines:extractor
[14Jul2026 18:26:43.927] [main/ERROR] [net.minecraft.world.item.crafting.RecipeManager/]: Parsing error loading recipe pastel:mod_integration/xycraft/fluid_interactions/hornslake: com.google.gson.JsonParseException: Unknown registry key in ResourceKey[minecraft:root / minecraft:recipe_serializer]: xycraft_machines:extractor
[14Jul2026 18:26:43.966] [main/ERROR] [net.minecraft.world.item.crafting.RecipeManager/]: Parsing error loading recipe createaddition:compat/jeed/shocking: com.google.gson.JsonParseException: Not a string: {"id":"createaddition:shocking"}
[14Jul2026 18:26:43.970] [main/ERROR] [net.minecraft.world.item.crafting.RecipeManager/]: Parsing error loading recipe pastel:mod_integration/xycraft/fluid_interactions/calcite: com.google.gson.JsonParseException: Unknown registry key in ResourceKey[minecraft:root / minecraft:recipe_serializer]: xycraft_machines:extractor
[14Jul2026 18:26:43.986] [main/ERROR] [net.minecraft.world.item.crafting.RecipeManager/]: Parsing error loading recipe pastel:mod_integration/xycraft/fluid_interactions/humus: com.google.gson.JsonParseException: Unknown registry key in ResourceKey[minecraft:root / minecraft:recipe_serializer]: xycraft_machines:extractor
[14Jul2026 18:26:43.999] [main/ERROR] [net.minecraft.world.item.crafting.RecipeManager/]: Parsing error loading recipe createdeco:placard: com.google.gson.JsonParseException: Failed to parse either. First: Not a json array: {"id":"minecraft:white_dye"}; Second: No key tag in MapLike[{"id":"minecraft:white_dye"}]; No key item in MapLike[{"id":"minecraft:white_dye"}]
[14Jul2026 18:26:44.023] [main/ERROR] [net.minecraft.world.item.crafting.RecipeManager/]: Parsing error loading recipe pastel:mod_integration/xycraft/fluid_interactions/slush: com.google.gson.JsonParseException: Unknown registry key in ResourceKey[minecraft:root / minecraft:recipe_serializer]: xycraft_machines:extractor
[14Jul2026 18:26:44.038] [main/ERROR] [net.minecraft.world.item.crafting.RecipeManager/]: Parsing error loading recipe pastel:mod_integration/xycraft/fluid_interactions/basalt: com.google.gson.JsonParseException: Unknown registry key in ResourceKey[minecraft:root / minecraft:recipe_serializer]: xycraft_machines:extractor
[14Jul2026 18:26:44.067] [main/ERROR] [net.minecraft.world.item.crafting.RecipeManager/]: Parsing error loading recipe pastel:mod_integration/xycraft/fluid_interactions/clay: com.google.gson.JsonParseException: Unknown registry key in ResourceKey[minecraft:root / minecraft:recipe_serializer]: xycraft_machines:extractor
[14Jul2026 18:26:44.083] [main/ERROR] [net.minecraft.world.item.crafting.RecipeManager/]: Parsing error loading recipe malum:spirit_repair/flint_restoration: com.google.gson.JsonParseException: Unknown registry key in ResourceKey[minecraft:root / minecraft:item]: farmersdelight:flint_knife
[14Jul2026 18:26:44.128] [main/ERROR] [net.minecraft.world.item.crafting.RecipeManager/]: Parsing error loading recipe malum:spirit_repair/netherite_restoration: com.google.gson.JsonParseException: Unknown registry key in ResourceKey[minecraft:root / minecraft:item]: farmersdelight:netherite_knife
[14Jul2026 18:26:44.202] [main/ERROR] [net.minecraft.world.item.crafting.RecipeManager/]: Parsing error loading recipe malum:spirit_repair/gold_restoration: com.google.gson.JsonParseException: Unknown registry key in ResourceKey[minecraft:root / minecraft:item]: farmersdelight:golden_knife
[14Jul2026 18:26:44.208] [main/ERROR] [net.minecraft.world.item.crafting.RecipeManager/]: Parsing error loading recipe pastel:mod_integration/xycraft/fluid_interactions/terracotta: com.google.gson.JsonParseException: Unknown registry key in ResourceKey[minecraft:root / minecraft:recipe_serializer]: xycraft_machines:extractor
[14Jul2026 18:26:44.243] [main/ERROR] [net.minecraft.world.item.crafting.RecipeManager/]: Parsing error loading recipe pastel:mod_integration/xycraft/fluid_interactions/frostbite_crystal: com.google.gson.JsonParseException: Unknown registry key in ResourceKey[minecraft:root / minecraft:recipe_serializer]: xycraft_machines:extractor
[14Jul2026 18:26:44.245] [main/ERROR] [net.minecraft.world.item.crafting.RecipeManager/]: Parsing error loading recipe pastel:mod_integration/xycraft/fluid_interactions/flayed_earth: com.google.gson.JsonParseException: Unknown registry key in ResourceKey[minecraft:root / minecraft:recipe_serializer]: xycraft_machines:extractor
[14Jul2026 18:26:44.327] [main/ERROR] [net.minecraft.world.item.crafting.RecipeManager/]: Parsing error loading recipe pastel:mod_integration/waystones/pedestal/alt_sharestone: com.google.gson.JsonParseException: No key colors in MapLike[{"type":"pastel:pedestal","time":180,"tier":"basic","magenta":0,"yellow":0,"cyan":4,"black":0,"white":0,"experience":0.2,"pattern":["SSS"," E ","OOO"],"key":{"O":"minecraft:obsidian","S":"minecraft:stone_bricks","E":"pastel:radiating_ender"},"result":{"id":"waystones:sharestone","count":2},"required_advancement":"pastel:collect_radiating_ender"}]
[14Jul2026 18:26:44.342] [main/ERROR] [net.minecraft.world.item.crafting.RecipeManager/]: Parsing error loading recipe malum:spirit_repair/iron_restoration: com.google.gson.JsonParseException: Unknown registry key in ResourceKey[minecraft:root / minecraft:item]: farmersdelight:iron_knife
[14Jul2026 18:26:44.348] [main/ERROR] [net.minecraft.world.item.crafting.RecipeManager/]: Parsing error loading recipe pastel:mod_integration/xycraft/fluid_interactions/blackstone: com.google.gson.JsonParseException: Unknown registry key in ResourceKey[minecraft:root / minecraft:recipe_serializer]: xycraft_machines:extractor
[14Jul2026 18:26:44.395] [main/ERROR] [net.minecraft.world.item.crafting.RecipeManager/]: Parsing error loading recipe malum:create/milling/grim_talc: com.google.gson.JsonParseException: Failed to parse either. First: No key amount in MapLike[{"chance":0.25,"count":4,"item":"minecraft:bone_meal"}]; No key id in MapLike[{"chance":0.25,"count":4,"item":"minecraft:bone_meal"}]; Second: Failed to parse either. First: No key id in MapLike[{"chance":0.25,"count":4,"item":"minecraft:bone_meal"}]; Second: Failed to parse either. First: Not a JSON object: "minecraft:bone_meal"; Not a JSON object: "minecraft:bone_meal"; Second: Compat cannot be deserialized; Failed to parse either. First: No key amount in MapLike[{"chance":0.25,"item":"minecraft:yellow_dye"}]; No key id in MapLike[{"chance":0.25,"item":"minecraft:yellow_dye"}]; Second: Failed to parse either. First: No key id in MapLike[{"chance":0.25,"item":"minecraft:yellow_dye"}]; Second: Failed to parse either. First: Not a JSON object: "minecraft:yellow_dye"; Not a JSON object: "minecraft:yellow_dye"; Second: Compat cannot be deserialized; Failed to parse either. First: No key amount in MapLike[{"count":6,"item":"minecraft:bone_meal"}]; No key id in MapLike[{"count":6,"item":"minecraft:bone_meal"}]; Second: Failed to parse either. First: No key id in MapLike[{"count":6,"item":"minecraft:bone_meal"}]; Second: Failed to parse either. First: Not a JSON object: "minecraft:bone_meal"; Not a JSON object: "minecraft:bone_meal"; Second: Compat cannot be deserialized
[14Jul2026 18:26:44.400] [main/ERROR] [net.minecraft.world.item.crafting.RecipeManager/]: Parsing error loading recipe pastel:mod_integration/xycraft/fluid_interactions/coarse_dirt: com.google.gson.JsonParseException: Unknown registry key in ResourceKey[minecraft:root / minecraft:recipe_serializer]: xycraft_machines:extractor
[14Jul2026 18:26:44.451] [main/ERROR] [net.minecraft.world.item.crafting.RecipeManager/]: Parsing error loading recipe pastel:mod_integration/supplementaries/pedestal/soap: com.google.gson.JsonParseException: No key colors in MapLike[{"type":"pastel:pedestal_shapeless","time":50,"tier":"basic","cyan":0,"magenta":0,"yellow":0,"white":0,"black":0,"experience":0.25,"ingredients":["minecraft:water_bucket","pastel:ash_flakes","pastel:ash_flakes","pastel:ash_flakes","pastel:ash_flakes","minecraft:porkchop"],"result":{"id":"supplementaries:soap","count":6},"required_advancement":"pastel:hidden/collect_ash"}]
[14Jul2026 18:26:44.457] [main/INFO] [net.minecraft.world.item.crafting.RecipeManager/]: Loaded 27087 recipes
[14Jul2026 18:26:44.916] [main/INFO] [quark/]: [Automatic Recipe Unlock] Removed 11665 recipe advancements
[14Jul2026 18:26:44.945] [main/ERROR] [net.minecraft.advancements.AdvancementTree/]: Couldn't load advancements: [pastel:lategame/break_spawner_with_resonance_tool, minecraft:wander_add_map, dungeons_arise:find_thornborn_towers, dungeons_arise:find_fishing_hut, pastel:lategame/break_budding_block_with_resonance_tool, minecraft:give_quest_trader_trade, pastel:lategame/break_infested_block_with_resonance_tool]
[14Jul2026 18:26:44.945] [main/INFO] [net.minecraft.advancements.AdvancementTree/]: Loaded 13795 advancements
[14Jul2026 18:26:44.953] [main/WARN] [net.neoforged.neoforge.common.loot.LootModifierManager/]: Could not decode GlobalLootModifier with json id tempad:tempad_loot_modifier - error: Not a JSON object: null
[14Jul2026 18:26:44.954] [main/WARN] [net.neoforged.neoforge.common.loot.LootModifierManager/]: Could not decode GlobalLootModifier with json id pastel:night_archeology - error: Invalid string to use as a resource path element: minecraft:archaeology/trail_ruins_rare; Invalid string to use as a resource path element: minecraft:archaeology/trail_ruins_common; Invalid string to use as a resource path element: minecraft:archaeology/desert_well; Invalid string to use as a resource path element: minecraft:archaeology/desert_pyramid; Invalid string to use as a resource path element: minecraft:archaeology/ocean_ruin_warm; Invalid string to use as a resource path element: minecraft:archaeology/ocean_ruin_cold
[14Jul2026 18:26:44.956] [main/INFO] [com.cmdpro.databank.Databank/]: [DATABANK] Adding Databank Hidden Entries
[14Jul2026 18:26:44.959] [main/INFO] [com.cmdpro.databank.Databank/]: [DATABANK] Loaded 356 hidden entries
[14Jul2026 18:26:44.959] [main/INFO] [com.cmdpro.databank.Databank/]: [DATABANK] Adding Databank Multiblocks
[14Jul2026 18:26:44.959] [main/INFO] [com.cmdpro.databank.Databank/]: [DATABANK] Loaded 0 multiblocks
[14Jul2026 18:26:44.959] [main/INFO] [com.cmdpro.databank.Databank/]: [DATABANK] Adding Databank Megastructures
[14Jul2026 18:26:44.959] [main/INFO] [com.cmdpro.databank.Databank/]: [DATABANK] Loaded 0 Megastructures
[14Jul2026 18:26:44.959] [main/INFO] [com.cmdpro.databank.Databank/]: [DATABANK] Adding Databank Dialogue Trees
[14Jul2026 18:26:44.959] [main/INFO] [com.cmdpro.databank.Databank/]: [DATABANK] Loaded 0 Dialogue Trees
[14Jul2026 18:26:44.959] [main/INFO] [com.cmdpro.databank.Databank/]: [DATABANK] Adding Databank Instanced Dimensions
[14Jul2026 18:26:44.959] [main/INFO] [com.cmdpro.databank.Databank/]: [DATABANK] Loaded 0 Instanced Dimensions
[14Jul2026 18:26:44.963] [main/INFO] [Curios API/]: Loaded 19 curio slots
[14Jul2026 18:26:44.966] [main/ERROR] [Curios API/]: example is not a registered slot type!
[14Jul2026 18:26:44.966] [main/INFO] [Curios API/]: Loaded 2 curio entities
[14Jul2026 18:26:44.975] [main/INFO] [Supplementaries/]: Loaded 29 flute songs
[14Jul2026 18:26:45.000] [main/INFO] [quark-zeta/]: Modified advancement minecraft:husbandry/balanced_diet with 2 patches
[14Jul2026 18:26:45.001] [main/INFO] [quark-zeta/]: Modified advancement minecraft:husbandry/wax_on with 2 patches
[14Jul2026 18:26:45.001] [main/INFO] [quark-zeta/]: Modified advancement minecraft:nether/all_effects with 1 patches
[14Jul2026 18:26:45.002] [main/INFO] [quark-zeta/]: Modified advancement minecraft:adventure/kill_a_mob with 3 patches
[14Jul2026 18:26:45.002] [main/INFO] [quark-zeta/]: Modified advancement minecraft:husbandry/wax_off with 2 patches
[14Jul2026 18:26:45.002] [main/INFO] [quark-zeta/]: Modified advancement minecraft:husbandry/bred_all_animals with 3 patches
[14Jul2026 18:26:45.002] [main/INFO] [quark-zeta/]: Modified advancement minecraft:adventure/kill_all_mobs with 3 patches
[14Jul2026 18:26:45.002] [main/INFO] [quark-zeta/]: Modified advancement minecraft:adventure/adventuring_time with 1 patches
[14Jul2026 18:26:45.002] [main/INFO] [quark-zeta/]: Modified advancement minecraft:nether/all_potions with 1 patches
[14Jul2026 18:26:45.014] [main/INFO] [com.verdantartifice.primalmagick.common.affinities.AffinityManager/]: Loaded 117 entity_type affinity definitions
[14Jul2026 18:26:45.014] [main/INFO] [com.verdantartifice.primalmagick.common.affinities.AffinityManager/]: Loaded 42 potion_bonus affinity definitions
[14Jul2026 18:26:45.014] [main/INFO] [com.verdantartifice.primalmagick.common.affinities.AffinityManager/]: Loaded 935 item affinity definitions
[14Jul2026 18:26:45.014] [main/INFO] [com.verdantartifice.primalmagick.common.affinities.AffinityManager/]: Loaded 61 enchantment_bonus affinity definitions
[14Jul2026 18:26:45.021] [main/INFO] [com.verdantartifice.primalmagick.common.books.grids.GridDefinitionLoader/]: Loaded 8 linguistics grid definitions
[14Jul2026 18:26:45.043] [main/INFO] [Moonlight/]: Applied 17 data villager trades
[14Jul2026 18:26:45.047] [main/INFO] [Moonlight/]: Failed to load custom color set definition {"id":"quark:rune","colors":{"default":"quark:blank_rune"},"replace":false}. Ignoring
[14Jul2026 18:26:45.050] [main/INFO] [friendsandfoes/]: Loaded 1 moobloom variants
[14Jul2026 18:26:45.072] [main/INFO] [friendsandfoes/]: Loaded 32 entity animations
[14Jul2026 18:26:45.111] [main/INFO] [com.sammy.malum.MalumMod/]: Added spirit drops for entity with registry name: minecraft:panda
[14Jul2026 18:26:45.111] [main/INFO] [com.sammy.malum.MalumMod/]: Removed spirit drops for entity with registry name: minecraft:ender_dragon
[14Jul2026 18:26:45.111] [main/INFO] [com.sammy.malum.MalumMod/]: Added spirit drops for entity with registry name: minecraft:stray
[14Jul2026 18:26:45.111] [main/INFO] [com.sammy.malum.MalumMod/]: Added spirit drops for entity with registry name: minecraft:shulker
[14Jul2026 18:26:45.111] [main/INFO] [com.sammy.malum.MalumMod/]: Added spirit drops for entity with registry name: minecraft:vex
[14Jul2026 18:26:45.111] [main/INFO] [com.sammy.malum.MalumMod/]: Added spirit drops for entity with registry name: minecraft:skeleton
[14Jul2026 18:26:45.111] [main/INFO] [com.sammy.malum.MalumMod/]: Added spirit drops for entity with registry name: minecraft:zombie
[14Jul2026 18:26:45.111] [main/INFO] [com.sammy.malum.MalumMod/]: Added spirit drops for entity with registry name: minecraft:zombified_piglin
[14Jul2026 18:26:45.111] [main/INFO] [com.sammy.malum.MalumMod/]: Added spirit drops for entity with registry name: minecraft:glow_squid
[14Jul2026 18:26:45.111] [main/INFO] [com.sammy.malum.MalumMod/]: Added spirit drops for entity with registry name: minecraft:phantom
[14Jul2026 18:26:45.111] [main/INFO] [com.sammy.malum.MalumMod/]: Added spirit drops for entity with registry name: quark:shiba
[14Jul2026 18:26:45.111] [main/INFO] [com.sammy.malum.MalumMod/]: Added spirit drops for entity with registry name: minecraft:cat
[14Jul2026 18:26:45.111] [main/INFO] [com.sammy.malum.MalumMod/]: Added spirit drops for entity with registry name: minecraft:goat
[14Jul2026 18:26:45.111] [main/INFO] [com.sammy.malum.MalumMod/]: Added spirit drops for entity with registry name: minecraft:vindicator
[14Jul2026 18:26:45.111] [main/INFO] [com.sammy.malum.MalumMod/]: Added spirit drops for entity with registry name: minecraft:wither
[14Jul2026 18:26:45.111] [main/INFO] [com.sammy.malum.MalumMod/]: Added spirit drops for entity with registry name: minecraft:zombie_villager
[14Jul2026 18:26:45.111] [main/INFO] [com.sammy.malum.MalumMod/]: Added spirit drops for entity with registry name: minecraft:drowned
[14Jul2026 18:26:45.111] [main/INFO] [com.sammy.malum.MalumMod/]: Added spirit drops for entity with registry name: minecraft:tadpole
[14Jul2026 18:26:45.111] [main/INFO] [com.sammy.malum.MalumMod/]: Added spirit drops for entity with registry name: minecraft:slime
[14Jul2026 18:26:45.111] [main/INFO] [com.sammy.malum.MalumMod/]: Added spirit drops for entity with registry name: ars_nouveau:wilden_stalker
[14Jul2026 18:26:45.111] [main/INFO] [com.sammy.malum.MalumMod/]: Added spirit drops for entity with registry name: minecraft:spider
[14Jul2026 18:26:45.111] [main/INFO] [com.sammy.malum.MalumMod/]: Added spirit drops for entity with registry name: minecraft:cave_spider
[14Jul2026 18:26:45.111] [main/INFO] [com.sammy.malum.MalumMod/]: Added spirit drops for entity with registry name: friendsandfoes:iceologer
[14Jul2026 18:26:45.111] [main/INFO] [com.sammy.malum.MalumMod/]: Added spirit drops for entity with registry name: minecraft:dolphin
[14Jul2026 18:26:45.111] [main/INFO] [com.sammy.malum.MalumMod/]: Added spirit drops for entity with registry name: minecraft:armadillo
[14Jul2026 18:26:45.111] [main/INFO] [com.sammy.malum.MalumMod/]: Added spirit drops for entity with registry name: minecraft:piglin_brute
[14Jul2026 18:26:45.111] [main/INFO] [com.sammy.malum.MalumMod/]: Added spirit drops for entity with registry name: minecraft:breeze
[14Jul2026 18:26:45.111] [main/INFO] [com.sammy.malum.MalumMod/]: Added spirit drops for entity with registry name: minecraft:snow_golem
[14Jul2026 18:26:45.111] [main/INFO] [com.sammy.malum.MalumMod/]: Added spirit drops for entity with registry name: quark:forgotten
[14Jul2026 18:26:45.111] [main/INFO] [com.sammy.malum.MalumMod/]: Added spirit drops for entity with registry name: minecraft:hoglin
[14Jul2026 18:26:45.111] [main/INFO] [com.sammy.malum.MalumMod/]: Added spirit drops for entity with registry name: ars_nouveau:wilden_guardian
[14Jul2026 18:26:45.111] [main/INFO] [com.sammy.malum.MalumMod/]: Added spirit drops for entity with registry name: minecraft:evoker
[14Jul2026 18:26:45.111] [main/INFO] [com.sammy.malum.MalumMod/]: Added spirit drops for entity with registry name: minecraft:turtle
[14Jul2026 18:26:45.111] [main/INFO] [com.sammy.malum.MalumMod/]: Added spirit drops for entity with registry name: quark:stoneling
[14Jul2026 18:26:45.112] [main/INFO] [com.sammy.malum.MalumMod/]: Added spirit drops for entity with registry name: minecraft:parrot
[14Jul2026 18:26:45.112] [main/INFO] [com.sammy.malum.MalumMod/]: Added spirit drops for entity with registry name: minecraft:zombie_horse
[14Jul2026 18:26:45.112] [main/INFO] [com.sammy.malum.MalumMod/]: Added spirit drops for entity with registry name: minecraft:witch
[14Jul2026 18:26:45.112] [main/INFO] [com.sammy.malum.MalumMod/]: Added spirit drops for entity with registry name: minecraft:wolf
[14Jul2026 18:26:45.112] [main/INFO] [com.sammy.malum.MalumMod/]: Added spirit drops for entity with registry name: minecraft:creeper
[14Jul2026 18:26:45.112] [main/INFO] [com.sammy.malum.MalumMod/]: Added spirit drops for entity with registry name: supplementaries:red_merchant
[14Jul2026 18:26:45.112] [main/INFO] [com.sammy.malum.MalumMod/]: Added spirit drops for entity with registry name: minecraft:chicken
[14Jul2026 18:26:45.112] [main/INFO] [com.sammy.malum.MalumMod/]: Added spirit drops for entity with registry name: minecraft:tropical_fish
[14Jul2026 18:26:45.112] [main/INFO] [com.sammy.malum.MalumMod/]: Added spirit drops for entity with registry name: friendsandfoes:moobloom
[14Jul2026 18:26:45.112] [main/INFO] [com.sammy.malum.MalumMod/]: Added spirit drops for entity with registry name: minecraft:elder_guardian
[14Jul2026 18:26:45.112] [main/INFO] [com.sammy.malum.MalumMod/]: Added spirit drops for entity with registry name: minecraft:endermite
[14Jul2026 18:26:45.112] [main/INFO] [com.sammy.malum.MalumMod/]: Added spirit drops for entity with registry name: minecraft:llama
[14Jul2026 18:26:45.112] [main/INFO] [com.sammy.malum.MalumMod/]: Added spirit drops for entity with registry name: quark:wraith
[14Jul2026 18:26:45.112] [main/INFO] [com.sammy.malum.MalumMod/]: Added spirit drops for entity with registry name: minecraft:guardian
[14Jul2026 18:26:45.112] [main/INFO] [com.sammy.malum.MalumMod/]: Added spirit drops for entity with registry name: ars_nouveau:wilden_hunter
[14Jul2026 18:26:45.112] [main/INFO] [com.sammy.malum.MalumMod/]: Added spirit drops for entity with registry name: minecraft:cod
[14Jul2026 18:26:45.112] [main/INFO] [com.sammy.malum.MalumMod/]: Added spirit drops for entity with registry name: minecraft:cow
[14Jul2026 18:26:45.112] [main/INFO] [com.sammy.malum.MalumMod/]: Added spirit drops for entity with registry name: minecraft:magma_cube
[14Jul2026 18:26:45.112] [main/INFO] [com.sammy.malum.MalumMod/]: Added spirit drops for entity with registry name: minecraft:wither_skeleton
[14Jul2026 18:26:45.112] [main/INFO] [com.sammy.malum.MalumMod/]: Added spirit drops for entity with registry name: minecraft:pig
[14Jul2026 18:26:45.112] [main/INFO] [com.sammy.malum.MalumMod/]: Added spirit drops for entity with registry name: minecraft:ocelot
[14Jul2026 18:26:45.112] [main/INFO] [com.sammy.malum.MalumMod/]: Added spirit drops for entity with registry name: minecraft:donkey
[14Jul2026 18:26:45.112] [main/INFO] [com.sammy.malum.MalumMod/]: Added spirit drops for entity with registry name: minecraft:ravager
[14Jul2026 18:26:45.112] [main/INFO] [com.sammy.malum.MalumMod/]: Added spirit drops for entity with registry name: minecraft:bogged
[14Jul2026 18:26:45.112] [main/INFO] [com.sammy.malum.MalumMod/]: Added spirit drops for entity with registry name: minecraft:silverfish
[14Jul2026 18:26:45.112] [main/INFO] [com.sammy.malum.MalumMod/]: Added spirit drops for entity with registry name: minecraft:mule
[14Jul2026 18:26:45.112] [main/INFO] [com.sammy.malum.MalumMod/]: Added spirit drops for entity with registry name: minecraft:horse
[14Jul2026 18:26:45.112] [main/INFO] [com.sammy.malum.MalumMod/]: Added spirit drops for entity with registry name: quark:crab
[14Jul2026 18:26:45.112] [main/INFO] [com.sammy.malum.MalumMod/]: Added spirit drops for entity with registry name: friendsandfoes:mauler
[14Jul2026 18:26:45.112] [main/INFO] [com.sammy.malum.MalumMod/]: Added spirit drops for entity with registry name: friendsandfoes:copper_golem
[14Jul2026 18:26:45.112] [main/INFO] [com.sammy.malum.MalumMod/]: Added spirit drops for entity with registry name: minecraft:piglin
[14Jul2026 18:26:45.112] [main/INFO] [com.sammy.malum.MalumMod/]: Added spirit drops for entity with registry name: minecraft:pillager
[14Jul2026 18:26:45.112] [main/INFO] [com.sammy.malum.MalumMod/]: Added spirit drops for entity with registry name: minecraft:enderman
[14Jul2026 18:26:45.112] [main/INFO] [com.sammy.malum.MalumMod/]: Added spirit drops for entity with registry name: minecraft:bee
[14Jul2026 18:26:45.112] [main/INFO] [com.sammy.malum.MalumMod/]: Added spirit drops for entity with registry name: minecraft:salmon
[14Jul2026 18:26:45.112] [main/INFO] [com.sammy.malum.MalumMod/]: Added spirit drops for entity with registry name: minecraft:mooshroom
[14Jul2026 18:26:45.112] [main/INFO] [com.sammy.malum.MalumMod/]: Added spirit drops for entity with registry name: quark:foxhound
[14Jul2026 18:26:45.112] [main/INFO] [com.sammy.malum.MalumMod/]: Added spirit drops for entity with registry name: minecraft:squid
[14Jul2026 18:26:45.112] [main/INFO] [com.sammy.malum.MalumMod/]: Added spirit drops for entity with registry name: minecraft:fox
[14Jul2026 18:26:45.112] [main/INFO] [com.sammy.malum.MalumMod/]: Added spirit drops for entity with registry name: minecraft:trader_llama
[14Jul2026 18:26:45.112] [main/INFO] [com.sammy.malum.MalumMod/]: Added spirit drops for entity with registry name: quark:toretoise
[14Jul2026 18:26:45.112] [main/INFO] [com.sammy.malum.MalumMod/]: Added spirit drops for entity with registry name: minecraft:sheep
[14Jul2026 18:26:45.112] [main/INFO] [com.sammy.malum.MalumMod/]: Added spirit drops for entity with registry name: minecraft:skeleton_horse
[14Jul2026 18:26:45.112] [main/INFO] [com.sammy.malum.MalumMod/]: Added spirit drops for entity with registry name: minecraft:pufferfish
[14Jul2026 18:26:45.112] [main/INFO] [com.sammy.malum.MalumMod/]: Added spirit drops for entity with registry name: friendsandfoes:glare
[14Jul2026 18:26:45.112] [main/INFO] [com.sammy.malum.MalumMod/]: Added spirit drops for entity with registry name: minecraft:ghast
[14Jul2026 18:26:45.112] [main/INFO] [com.sammy.malum.MalumMod/]: Added spirit drops for entity with registry name: minecraft:villager
[14Jul2026 18:26:45.112] [main/INFO] [com.sammy.malum.MalumMod/]: Added spirit drops for entity with registry name: minecraft:zoglin
[14Jul2026 18:26:45.112] [main/INFO] [com.sammy.malum.MalumMod/]: Added spirit drops for entity with registry name: ars_nouveau:wilden_boss
[14Jul2026 18:26:45.112] [main/INFO] [com.sammy.malum.MalumMod/]: Added spirit drops for entity with registry name: minecraft:husk
[14Jul2026 18:26:45.112] [main/INFO] [com.sammy.malum.MalumMod/]: Added spirit drops for entity with registry name: minecraft:polar_bear
[14Jul2026 18:26:45.112] [main/INFO] [com.sammy.malum.MalumMod/]: Added spirit drops for entity with registry name: minecraft:strider
[14Jul2026 18:26:45.112] [main/INFO] [com.sammy.malum.MalumMod/]: Added spirit drops for entity with registry name: minecraft:iron_golem
[14Jul2026 18:26:45.112] [main/INFO] [com.sammy.malum.MalumMod/]: Added spirit drops for entity with registry name: minecraft:bat
[14Jul2026 18:26:45.112] [main/INFO] [com.sammy.malum.MalumMod/]: Added spirit drops for entity with registry name: minecraft:axolotl
[14Jul2026 18:26:45.112] [main/INFO] [com.sammy.malum.MalumMod/]: Added spirit drops for entity with registry name: minecraft:rabbit
[14Jul2026 18:26:45.112] [main/INFO] [com.sammy.malum.MalumMod/]: Added spirit drops for entity with registry name: minecraft:wandering_trader
[14Jul2026 18:26:45.112] [main/INFO] [com.sammy.malum.MalumMod/]: Added spirit drops for entity with registry name: minecraft:illusioner
[14Jul2026 18:26:45.112] [main/INFO] [com.sammy.malum.MalumMod/]: Added spirit drops for entity with registry name: minecraft:blaze
[14Jul2026 18:26:45.114] [main/WARN] [com.sammy.malum.MalumMod/]: Malignant conversion data references an attribute that does not exist: irons_spellbooks:max_mana
[14Jul2026 18:26:45.114] [main/WARN] [com.sammy.malum.MalumMod/]: Malignant conversion data references an attribute that does not exist: irons_spellbooks:spell_power
[14Jul2026 18:26:45.114] [main/WARN] [com.sammy.malum.MalumMod/]: Malignant conversion data references an attribute that does not exist: irons_spellbooks:fire_spell_power
[14Jul2026 18:26:45.114] [main/WARN] [com.sammy.malum.MalumMod/]: Malignant conversion data references an attribute that does not exist: irons_spellbooks:ice_spell_power
[14Jul2026 18:26:45.114] [main/WARN] [com.sammy.malum.MalumMod/]: Malignant conversion data references an attribute that does not exist: irons_spellbooks:lightning_spell_power
[14Jul2026 18:26:45.114] [main/WARN] [com.sammy.malum.MalumMod/]: Malignant conversion data references an attribute that does not exist: irons_spellbooks:holy_spell_power
[14Jul2026 18:26:45.114] [main/WARN] [com.sammy.malum.MalumMod/]: Malignant conversion data references an attribute that does not exist: irons_spellbooks:ender_spell_power
[14Jul2026 18:26:45.114] [main/WARN] [com.sammy.malum.MalumMod/]: Malignant conversion data references an attribute that does not exist: irons_spellbooks:blood_spell_power
[14Jul2026 18:26:45.114] [main/WARN] [com.sammy.malum.MalumMod/]: Malignant conversion data references an attribute that does not exist: irons_spellbooks:evocation_spell_power
[14Jul2026 18:26:45.114] [main/WARN] [com.sammy.malum.MalumMod/]: Malignant conversion data references an attribute that does not exist: irons_spellbooks:nature_spell_power
[14Jul2026 18:26:45.114] [main/WARN] [com.sammy.malum.MalumMod/]: Malignant conversion data references an attribute that does not exist: irons_spellbooks:eldritch_spell_power
[14Jul2026 18:26:45.114] [main/WARN] [com.sammy.malum.MalumMod/]: Malignant conversion data references an attribute that does not exist: irons_spellbooks:mana_regen
[14Jul2026 18:26:45.114] [main/WARN] [com.sammy.malum.MalumMod/]: Malignant conversion data references an attribute that does not exist: irons_spellbooks:cooldown_reduction
[14Jul2026 18:26:45.114] [main/WARN] [com.sammy.malum.MalumMod/]: Malignant conversion data references an attribute that does not exist: irons_spellbooks:cast_time_reduction
[14Jul2026 18:26:45.114] [main/WARN] [com.sammy.malum.MalumMod/]: Malignant conversion data references an attribute that does not exist: irons_spellbooks:summon_damage
[14Jul2026 18:26:45.159] [main/WARN] [net.minecraft.core.MappedRegistry/]: Not all defined tags for registry ResourceKey[minecraft:root / minecraft:item] are present in data pack: pastel:rock_crystal
[14Jul2026 18:26:45.433] [main/INFO] [Supplementaries/]: Registering custom dispenser behaviors
[14Jul2026 18:26:45.527] [main/INFO] [Cucumber Library/]: Loaded cucumber-tags.json in 0 ms
[14Jul2026 18:26:45.565] [main/WARN] [ModernFix/]: Initial datapack load took 6.614 s
[14Jul2026 18:26:45.654] [Server thread/INFO] [net.minecraft.server.dedicated.DedicatedServer/]: Starting minecraft server version 1.21.1
[14Jul2026 18:26:45.654] [Server thread/INFO] [net.minecraft.server.dedicated.DedicatedServer/]: Loading properties
[14Jul2026 18:26:45.654] [Server thread/INFO] [net.minecraft.server.dedicated.DedicatedServer/]: Default game type: SURVIVAL
[14Jul2026 18:26:45.654] [Server thread/INFO] [net.minecraft.server.MinecraftServer/]: Generating keypair
[14Jul2026 18:26:45.689] [Server thread/INFO] [net.minecraft.server.dedicated.DedicatedServer/]: Starting Minecraft server on 0.0.0.0:27149
[14Jul2026 18:26:45.719] [Server thread/INFO] [dev.ryanhcode.sable.Sable/]: Adding UDP server channel future
[14Jul2026 18:26:45.753] [Netty Epoll Server IO #0/INFO] [dev.ryanhcode.sable.Sable/]: Server UDP channel active
[14Jul2026 18:26:45.753] [Server thread/INFO] [net.minecraft.server.network.ServerConnectionListener/]: Using epoll channel type
[14Jul2026 18:26:45.757] [Server thread/WARN] [net.minecraft.server.dedicated.DedicatedServer/]: **** SERVER IS RUNNING IN OFFLINE/INSECURE MODE!
[14Jul2026 18:26:45.758] [Server thread/WARN] [net.minecraft.server.dedicated.DedicatedServer/]: The server will make no attempt to authenticate usernames. Beware.
[14Jul2026 18:26:45.758] [Server thread/WARN] [net.minecraft.server.dedicated.DedicatedServer/]: While this makes the game possible to play without internet access, it also opens up the ability for hackers to connect with any username they choose.
[14Jul2026 18:26:45.758] [Server thread/WARN] [net.minecraft.server.dedicated.DedicatedServer/]: To change this, set "online-mode" to "true" in the server.properties file.
[14Jul2026 18:26:45.770] [Server thread/INFO] [Puzzles Lib/]: Dispatching loading event for config enchantinginfuser-server.toml
[14Jul2026 18:26:45.821] [Server thread/WARN] [net.neoforged.neoforge.server.ServerLifecycleHooks/]: Detected quark:stoneling that was registered with CREATURE mob category but was added under MONSTER mob category for biomeswevegone:allium_shrubland biome! Mobs should be added to biomes under the same mob category that the mob was registered as to prevent mob cap spawning issues.
[14Jul2026 18:26:45.821] [Server thread/WARN] [net.neoforged.neoforge.server.ServerLifecycleHooks/]: Detected quark:toretoise that was registered with CREATURE mob category but was added under MONSTER mob category for biomeswevegone:allium_shrubland biome! Mobs should be added to biomes under the same mob category that the mob was registered as to prevent mob cap spawning issues.
[14Jul2026 18:26:45.822] [Server thread/WARN] [net.neoforged.neoforge.server.ServerLifecycleHooks/]: Detected quark:stoneling that was registered with CREATURE mob category but was added under MONSTER mob category for biomeswevegone:amaranth_grassland biome! Mobs should be added to biomes under the same mob category that the mob was registered as to prevent mob cap spawning issues.
[14Jul2026 18:26:45.822] [Server thread/WARN] [net.neoforged.neoforge.server.ServerLifecycleHooks/]: Detected quark:toretoise that was registered with CREATURE mob category but was added under MONSTER mob category for biomeswevegone:amaranth_grassland biome! Mobs should be added to biomes under the same mob category that the mob was registered as to prevent mob cap spawning issues.
[14Jul2026 18:26:45.822] [Server thread/WARN] [net.neoforged.neoforge.server.ServerLifecycleHooks/]: Detected quark:stoneling that was registered with CREATURE mob category but was added under MONSTER mob category for biomeswevegone:araucaria_savanna biome! Mobs should be added to biomes under the same mob category that the mob was registered as to prevent mob cap spawning issues.
[14Jul2026 18:26:45.823] [Server thread/WARN] [net.neoforged.neoforge.server.ServerLifecycleHooks/]: Detected quark:toretoise that was registered with CREATURE mob category but was added under MONSTER mob category for biomeswevegone:araucaria_savanna biome! Mobs should be added to biomes under the same mob category that the mob was registered as to prevent mob cap spawning issues.
[14Jul2026 18:26:45.823] [Server thread/WARN] [net.neoforged.neoforge.server.ServerLifecycleHooks/]: Detected quark:stoneling that was registered with CREATURE mob category but was added under MONSTER mob category for ars_nouveau:archwood_forest biome! Mobs should be added to biomes under the same mob category that the mob was registered as to prevent mob cap spawning issues.
[14Jul2026 18:26:45.823] [Server thread/WARN] [net.neoforged.neoforge.server.ServerLifecycleHooks/]: Detected quark:toretoise that was registered with CREATURE mob category but was added under MONSTER mob category for ars_nouveau:archwood_forest biome! Mobs should be added to biomes under the same mob category that the mob was registered as to prevent mob cap spawning issues.
[14Jul2026 18:26:45.823] [Server thread/WARN] [net.neoforged.neoforge.server.ServerLifecycleHooks/]: Detected quark:stoneling that was registered with CREATURE mob category but was added under MONSTER mob category for biomeswevegone:aspen_boreal biome! Mobs should be added to biomes under the same mob category that the mob was registered as to prevent mob cap spawning issues.
[14Jul2026 18:26:45.823] [Server thread/WARN] [net.neoforged.neoforge.server.ServerLifecycleHooks/]: Detected quark:toretoise that was registered with CREATURE mob category but was added under MONSTER mob category for biomeswevegone:aspen_boreal biome! Mobs should be added to biomes under the same mob category that the mob was registered as to prevent mob cap spawning issues.
[14Jul2026 18:26:45.824] [Server thread/WARN] [net.neoforged.neoforge.server.ServerLifecycleHooks/]: Detected quark:stoneling that was registered with CREATURE mob category but was added under MONSTER mob category for biomeswevegone:atacama_outback biome! Mobs should be added to biomes under the same mob category that the mob was registered as to prevent mob cap spawning issues.
[14Jul2026 18:26:45.824] [Server thread/WARN] [net.neoforged.neoforge.server.ServerLifecycleHooks/]: Detected quark:toretoise that was registered with CREATURE mob category but was added under MONSTER mob category for biomeswevegone:atacama_outback biome! Mobs should be added to biomes under the same mob category that the mob was registered as to prevent mob cap spawning issues.
[14Jul2026 18:26:45.824] [Server thread/WARN] [net.neoforged.neoforge.server.ServerLifecycleHooks/]: Detected quark:stoneling that was registered with CREATURE mob category but was added under MONSTER mob category for minecraft:badlands biome! Mobs should be added to biomes under the same mob category that the mob was registered as to prevent mob cap spawning issues.
[14Jul2026 18:26:45.824] [Server thread/WARN] [net.neoforged.neoforge.server.ServerLifecycleHooks/]: Detected quark:toretoise that was registered with CREATURE mob category but was added under MONSTER mob category for minecraft:badlands biome! Mobs should be added to biomes under the same mob category that the mob was registered as to prevent mob cap spawning issues.
[14Jul2026 18:26:45.825] [Server thread/WARN] [net.neoforged.neoforge.server.ServerLifecycleHooks/]: Detected quark:stoneling that was registered with CREATURE mob category but was added under MONSTER mob category for minecraft:bamboo_jungle biome! Mobs should be added to biomes under the same mob category that the mob was registered as to prevent mob cap spawning issues.
[14Jul2026 18:26:45.825] [Server thread/WARN] [net.neoforged.neoforge.server.ServerLifecycleHooks/]: Detected quark:toretoise that was registered with CREATURE mob category but was added under MONSTER mob category for minecraft:bamboo_jungle biome! Mobs should be added to biomes under the same mob category that the mob was registered as to prevent mob cap spawning issues.
[14Jul2026 18:26:45.825] [Server thread/WARN] [net.neoforged.neoforge.server.ServerLifecycleHooks/]: Detected quark:stoneling that was registered with CREATURE mob category but was added under MONSTER mob category for biomeswevegone:baobab_savanna biome! Mobs should be added to biomes under the same mob category that the mob was registered as to prevent mob cap spawning issues.
[14Jul2026 18:26:45.825] [Server thread/WARN] [net.neoforged.neoforge.server.ServerLifecycleHooks/]: Detected quark:toretoise that was registered with CREATURE mob category but was added under MONSTER mob category for biomeswevegone:baobab_savanna biome! Mobs should be added to biomes under the same mob category that the mob was registered as to prevent mob cap spawning issues.
[14Jul2026 18:26:45.825] [Server thread/WARN] [net.neoforged.neoforge.server.ServerLifecycleHooks/]: Detected quark:stoneling that was registered with CREATURE mob category but was added under MONSTER mob category for biomeswevegone:basalt_barrera biome! Mobs should be added to biomes under the same mob category that the mob was registered as to prevent mob cap spawning issues.
[14Jul2026 18:26:45.825] [Server thread/WARN] [net.neoforged.neoforge.server.ServerLifecycleHooks/]: Detected quark:toretoise that was registered with CREATURE mob category but was added under MONSTER mob category for biomeswevegone:basalt_barrera biome! Mobs should be added to biomes under the same mob category that the mob was registered as to prevent mob cap spawning issues.
[14Jul2026 18:26:45.826] [Server thread/WARN] [net.neoforged.neoforge.server.ServerLifecycleHooks/]: Detected quark:foxhound that was registered with CREATURE mob category but was added under MONSTER mob category for minecraft:basalt_deltas biome! Mobs should be added to biomes under the same mob category that the mob was registered as to prevent mob cap spawning issues.
[14Jul2026 18:26:45.826] [Server thread/WARN] [net.neoforged.neoforge.server.ServerLifecycleHooks/]: Detected quark:stoneling that was registered with CREATURE mob category but was added under MONSTER mob category for biomeswevegone:bayou biome! Mobs should be added to biomes under the same mob category that the mob was registered as to prevent mob cap spawning issues.
[14Jul2026 18:26:45.826] [Server thread/WARN] [net.neoforged.neoforge.server.ServerLifecycleHooks/]: Detected quark:toretoise that was registered with CREATURE mob category but was added under MONSTER mob category for biomeswevegone:bayou biome! Mobs should be added to biomes under the same mob category that the mob was registered as to prevent mob cap spawning issues.
[14Jul2026 18:26:45.826] [Server thread/WARN] [net.neoforged.neoforge.server.ServerLifecycleHooks/]: Detected quark:stoneling that was registered with CREATURE mob category but was added under MONSTER mob category for minecraft:beach biome! Mobs should be added to biomes under the same mob category that the mob was registered as to prevent mob cap spawning issues.
[14Jul2026 18:26:45.826] [Server thread/WARN] [net.neoforged.neoforge.server.ServerLifecycleHooks/]: Detected quark:toretoise that was registered with CREATURE mob category but was added under MONSTER mob category for minecraft:beach biome! Mobs should be added to biomes under the same mob category that the mob was registered as to prevent mob cap spawning issues.
[14Jul2026 18:26:45.827] [Server thread/WARN] [net.neoforged.neoforge.server.ServerLifecycleHooks/]: Detected quark:stoneling that was registered with CREATURE mob category but was added under MONSTER mob category for minecraft:birch_forest biome! Mobs should be added to biomes under the same mob category that the mob was registered as to prevent mob cap spawning issues.
[14Jul2026 18:26:45.827] [Server thread/WARN] [net.neoforged.neoforge.server.ServerLifecycleHooks/]: Detected quark:toretoise that was registered with CREATURE mob category but was added under MONSTER mob category for minecraft:birch_forest biome! Mobs should be added to biomes under the same mob category that the mob was registered as to prevent mob cap spawning issues.
[14Jul2026 18:26:45.827] [Server thread/WARN] [net.neoforged.neoforge.server.ServerLifecycleHooks/]: Detected quark:stoneling that was registered with CREATURE mob category but was added under MONSTER mob category for biomeswevegone:black_forest biome! Mobs should be added to biomes under the same mob category that the mob was registered as to prevent mob cap spawning issues.
[14Jul2026 18:26:45.827] [Server thread/WARN] [net.neoforged.neoforge.server.ServerLifecycleHooks/]: Detected quark:toretoise that was registered with CREATURE mob category but was added under MONSTER mob category for biomeswevegone:black_forest biome! Mobs should be added to biomes under the same mob category that the mob was registered as to prevent mob cap spawning issues.
[14Jul2026 18:26:45.827] [Server thread/WARN] [net.neoforged.neoforge.server.ServerLifecycleHooks/]: Detected quark:stoneling that was registered with CREATURE mob category but was added under MONSTER mob category for pastel:black_langast biome! Mobs should be added to biomes under the same mob category that the mob was registered as to prevent mob cap spawning issues.
[14Jul2026 18:26:45.827] [Server thread/WARN] [net.neoforged.neoforge.server.ServerLifecycleHooks/]: Detected quark:toretoise that was registered with CREATURE mob category but was added under MONSTER mob category for pastel:black_langast biome! Mobs should be added to biomes under the same mob category that the mob was registered as to prevent mob cap spawning issues.
[14Jul2026 18:26:45.828] [Server thread/WARN] [net.neoforged.neoforge.server.ServerLifecycleHooks/]: Detected quark:stoneling that was registered with CREATURE mob category but was added under MONSTER mob category for biomeswevegone:canadian_shield biome! Mobs should be added to biomes under the same mob category that the mob was registered as to prevent mob cap spawning issues.
[14Jul2026 18:26:45.828] [Server thread/WARN] [net.neoforged.neoforge.server.ServerLifecycleHooks/]: Detected quark:toretoise that was registered with CREATURE mob category but was added under MONSTER mob category for biomeswevegone:canadian_shield biome! Mobs should be added to biomes under the same mob category that the mob was registered as to prevent mob cap spawning issues.
[14Jul2026 18:26:45.828] [Server thread/WARN] [net.neoforged.neoforge.server.ServerLifecycleHooks/]: Detected quark:stoneling that was registered with CREATURE mob category but was added under MONSTER mob category for minecraft:cherry_grove biome! Mobs should be added to biomes under the same mob category that the mob was registered as to prevent mob cap spawning issues.
[14Jul2026 18:26:45.828] [Server thread/WARN] [net.neoforged.neoforge.server.ServerLifecycleHooks/]: Detected quark:toretoise that was registered with CREATURE mob category but was added under MONSTER mob category for minecraft:cherry_grove biome! Mobs should be added to biomes under the same mob category that the mob was registered as to prevent mob cap spawning issues.
[14Jul2026 18:26:45.828] [Server thread/WARN] [net.neoforged.neoforge.server.ServerLifecycleHooks/]: Detected quark:stoneling that was registered with CREATURE mob category but was added under MONSTER mob category for biomeswevegone:cika_woods biome! Mobs should be added to biomes under the same mob category that the mob was registered as to prevent mob cap spawning issues.
[14Jul2026 18:26:45.828] [Server thread/WARN] [net.neoforged.neoforge.server.ServerLifecycleHooks/]: Detected quark:toretoise that was registered with CREATURE mob category but was added under MONSTER mob category for biomeswevegone:cika_woods biome! Mobs should be added to biomes under the same mob category that the mob was registered as to prevent mob cap spawning issues.
[14Jul2026 18:26:45.829] [Server thread/WARN] [net.neoforged.neoforge.server.ServerLifecycleHooks/]: Detected quark:stoneling that was registered with CREATURE mob category but was added under MONSTER mob category for biomeswevegone:coconino_meadow biome! Mobs should be added to biomes under the same mob category that the mob was registered as to prevent mob cap spawning issues.
[14Jul2026 18:26:45.829] [Server thread/WARN] [net.neoforged.neoforge.server.ServerLifecycleHooks/]: Detected quark:toretoise that was registered with CREATURE mob category but was added under MONSTER mob category for biomeswevegone:coconino_meadow biome! Mobs should be added to biomes under the same mob category that the mob was registered as to prevent mob cap spawning issues.
[14Jul2026 18:26:45.829] [Server thread/WARN] [net.neoforged.neoforge.server.ServerLifecycleHooks/]: Detected quark:stoneling that was registered with CREATURE mob category but was added under MONSTER mob category for minecraft:cold_ocean biome! Mobs should be added to biomes under the same mob category that the mob was registered as to prevent mob cap spawning issues.
[14Jul2026 18:26:45.829] [Server thread/WARN] [net.neoforged.neoforge.server.ServerLifecycleHooks/]: Detected quark:toretoise that was registered with CREATURE mob category but was added under MONSTER mob category for minecraft:cold_ocean biome! Mobs should be added to biomes under the same mob category that the mob was registered as to prevent mob cap spawning issues.
[14Jul2026 18:26:45.829] [Server thread/WARN] [net.neoforged.neoforge.server.ServerLifecycleHooks/]: Detected quark:stoneling that was registered with CREATURE mob category but was added under MONSTER mob category for biomeswevegone:coniferous_forest biome! Mobs should be added to biomes under the same mob category that the mob was registered as to prevent mob cap spawning issues.
[14Jul2026 18:26:45.829] [Server thread/WARN] [net.neoforged.neoforge.server.ServerLifecycleHooks/]: Detected quark:toretoise that was registered with CREATURE mob category but was added under MONSTER mob category for biomeswevegone:coniferous_forest biome! Mobs should be added to biomes under the same mob category that the mob was registered as to prevent mob cap spawning issues.
[14Jul2026 18:26:45.830] [Server thread/WARN] [net.neoforged.neoforge.server.ServerLifecycleHooks/]: Detected quark:stoneling that was registered with CREATURE mob category but was added under MONSTER mob category for biomeswevegone:crag_gardens biome! Mobs should be added to biomes under the same mob category that the mob was registered as to prevent mob cap spawning issues.
[14Jul2026 18:26:45.830] [Server thread/WARN] [net.neoforged.neoforge.server.ServerLifecycleHooks/]: Detected quark:toretoise that was registered with CREATURE mob category but was added under MONSTER mob category for biomeswevegone:crag_gardens biome! Mobs should be added to biomes under the same mob category that the mob was registered as to prevent mob cap spawning issues.
[14Jul2026 18:26:45.830] [Server thread/WARN] [net.neoforged.neoforge.server.ServerLifecycleHooks/]: Detected quark:stoneling that was registered with CREATURE mob category but was added under MONSTER mob category for biomeswevegone:crimson_tundra biome! Mobs should be added to biomes under the same mob category that the mob was registered as to prevent mob cap spawning issues.
[14Jul2026 18:26:45.830] [Server thread/WARN] [net.neoforged.neoforge.server.ServerLifecycleHooks/]: Detected quark:toretoise that was registered with CREATURE mob category but was added under MONSTER mob category for biomeswevegone:crimson_tundra biome! Mobs should be added to biomes under the same mob category that the mob was registered as to prevent mob cap spawning issues.
[14Jul2026 18:26:45.832] [Server thread/WARN] [net.neoforged.neoforge.server.ServerLifecycleHooks/]: Detected quark:stoneling that was registered with CREATURE mob category but was added under MONSTER mob category for pastel:crystal_gardens biome! Mobs should be added to biomes under the same mob category that the mob was registered as to prevent mob cap spawning issues.
[14Jul2026 18:26:45.832] [Server thread/WARN] [net.neoforged.neoforge.server.ServerLifecycleHooks/]: Detected quark:toretoise that was registered with CREATURE mob category but was added under MONSTER mob category for pastel:crystal_gardens biome! Mobs should be added to biomes under the same mob category that the mob was registered as to prevent mob cap spawning issues.
[14Jul2026 18:26:45.832] [Server thread/WARN] [net.neoforged.neoforge.server.ServerLifecycleHooks/]: Detected quark:stoneling that was registered with CREATURE mob category but was added under MONSTER mob category for biomeswevegone:cypress_swamplands biome! Mobs should be added to biomes under the same mob category that the mob was registered as to prevent mob cap spawning issues.
[14Jul2026 18:26:45.832] [Server thread/WARN] [net.neoforged.neoforge.server.ServerLifecycleHooks/]: Detected quark:toretoise that was registered with CREATURE mob category but was added under MONSTER mob category for biomeswevegone:cypress_swamplands biome! Mobs should be added to biomes under the same mob category that the mob was registered as to prevent mob cap spawning issues.
[14Jul2026 18:26:45.833] [Server thread/WARN] [net.neoforged.neoforge.server.ServerLifecycleHooks/]: Detected quark:stoneling that was registered with CREATURE mob category but was added under MONSTER mob category for biomeswevegone:cypress_wetlands biome! Mobs should be added to biomes under the same mob category that the mob was registered as to prevent mob cap spawning issues.
[14Jul2026 18:26:45.833] [Server thread/WARN] [net.neoforged.neoforge.server.ServerLifecycleHooks/]: Detected quark:toretoise that was registered with CREATURE mob category but was added under MONSTER mob category for biomeswevegone:cypress_wetlands biome! Mobs should be added to biomes under the same mob category that the mob was registered as to prevent mob cap spawning issues.
[14Jul2026 18:26:45.833] [Server thread/WARN] [net.neoforged.neoforge.server.ServerLifecycleHooks/]: Detected quark:stoneling that was registered with CREATURE mob category but was added under MONSTER mob category for biomeswevegone:dacite_ridges biome! Mobs should be added to biomes under the same mob category that the mob was registered as to prevent mob cap spawning issues.
[14Jul2026 18:26:45.833] [Server thread/WARN] [net.neoforged.neoforge.server.ServerLifecycleHooks/]: Detected quark:toretoise that was registered with CREATURE mob category but was added under MONSTER mob category for biomeswevegone:dacite_ridges biome! Mobs should be added to biomes under the same mob category that the mob was registered as to prevent mob cap spawning issues.
[14Jul2026 18:26:45.833] [Server thread/WARN] [net.neoforged.neoforge.server.ServerLifecycleHooks/]: Detected quark:stoneling that was registered with CREATURE mob category but was added under MONSTER mob category for biomeswevegone:dacite_shore biome! Mobs should be added to biomes under the same mob category that the mob was registered as to prevent mob cap spawning issues.
[14Jul2026 18:26:45.833] [Server thread/WARN] [net.neoforged.neoforge.server.ServerLifecycleHooks/]: Detected quark:toretoise that was registered with CREATURE mob category but was added under MONSTER mob category for biomeswevegone:dacite_shore biome! Mobs should be added to biomes under the same mob category that the mob was registered as to prevent mob cap spawning issues.
[14Jul2026 18:26:45.833] [Server thread/WARN] [net.neoforged.neoforge.server.ServerLifecycleHooks/]: Detected quark:stoneling that was registered with CREATURE mob category but was added under MONSTER mob category for minecraft:dark_forest biome! Mobs should be added to biomes under the same mob category that the mob was registered as to prevent mob cap spawning issues.
[14Jul2026 18:26:45.833] [Server thread/WARN] [net.neoforged.neoforge.server.ServerLifecycleHooks/]: Detected quark:toretoise that was registered with CREATURE mob category but was added under MONSTER mob category for minecraft:dark_forest biome! Mobs should be added to biomes under the same mob category that the mob was registered as to prevent mob cap spawning issues.
[14Jul2026 18:26:45.834] [Server thread/WARN] [net.neoforged.neoforge.server.ServerLifecycleHooks/]: Detected quark:stoneling that was registered with CREATURE mob category but was added under MONSTER mob category for biomeswevegone:dead_sea biome! Mobs should be added to biomes under the same mob category that the mob was registered as to prevent mob cap spawning issues.
[14Jul2026 18:26:45.834] [Server thread/WARN] [net.neoforged.neoforge.server.ServerLifecycleHooks/]: Detected quark:toretoise that was registered with CREATURE mob category but was added under MONSTER mob category for biomeswevegone:dead_sea biome! Mobs should be added to biomes under the same mob category that the mob was registered as to prevent mob cap spawning issues.
[14Jul2026 18:26:45.834] [Server thread/WARN] [net.neoforged.neoforge.server.ServerLifecycleHooks/]: Detected quark:stoneling that was registered with CREATURE mob category but was added under MONSTER mob category for pastel:deep_barrens biome! Mobs should be added to biomes under the same mob category that the mob was registered as to prevent mob cap spawning issues.
[14Jul2026 18:26:45.834] [Server thread/WARN] [net.neoforged.neoforge.server.ServerLifecycleHooks/]: Detected quark:toretoise that was registered with CREATURE mob category but was added under MONSTER mob category for pastel:deep_barrens biome! Mobs should be added to biomes under the same mob category that the mob was registered as to prevent mob cap spawning issues.
[14Jul2026 18:26:45.834] [Server thread/WARN] [net.neoforged.neoforge.server.ServerLifecycleHooks/]: Detected quark:stoneling that was registered with CREATURE mob category but was added under MONSTER mob category for minecraft:deep_cold_ocean biome! Mobs should be added to biomes under the same mob category that the mob was registered as to prevent mob cap spawning issues.
[14Jul2026 18:26:45.834] [Server thread/WARN] [net.neoforged.neoforge.server.ServerLifecycleHooks/]: Detected quark:toretoise that was registered with CREATURE mob category but was added under MONSTER mob category for minecraft:deep_cold_ocean biome! Mobs should be added to biomes under the same mob category that the mob was registered as to prevent mob cap spawning issues.
[14Jul2026 18:26:45.834] [Server thread/WARN] [net.neoforged.neoforge.server.ServerLifecycleHooks/]: Detected quark:stoneling that was registered with CREATURE mob category but was added under MONSTER mob category for minecraft:deep_dark biome! Mobs should be added to biomes under the same mob category that the mob was registered as to prevent mob cap spawning issues.
[14Jul2026 18:26:45.834] [Server thread/WARN] [net.neoforged.neoforge.server.ServerLifecycleHooks/]: Detected quark:toretoise that was registered with CREATURE mob category but was added under MONSTER mob category for minecraft:deep_dark biome! Mobs should be added to biomes under the same mob category that the mob was registered as to prevent mob cap spawning issues.
[14Jul2026 18:26:45.835] [Server thread/WARN] [net.neoforged.neoforge.server.ServerLifecycleHooks/]: Detected quark:stoneling that was registered with CREATURE mob category but was added under MONSTER mob category for pastel:deep_dripstone_caves biome! Mobs should be added to biomes under the same mob category that the mob was registered as to prevent mob cap spawning issues.
[14Jul2026 18:26:45.835] [Server thread/WARN] [net.neoforged.neoforge.server.ServerLifecycleHooks/]: Detected quark:toretoise that was registered with CREATURE mob category but was added under MONSTER mob category for pastel:deep_dripstone_caves biome! Mobs should be added to biomes under the same mob category that the mob was registered as to prevent mob cap spawning issues.
[14Jul2026 18:26:45.835] [Server thread/WARN] [net.neoforged.neoforge.server.ServerLifecycleHooks/]: Detected quark:stoneling that was registered with CREATURE mob category but was added under MONSTER mob category for minecraft:deep_frozen_ocean biome! Mobs should be added to biomes under the same mob category that the mob was registered as to prevent mob cap spawning issues.
[14Jul2026 18:26:45.835] [Server thread/WARN] [net.neoforged.neoforge.server.ServerLifecycleHooks/]: Detected quark:toretoise that was registered with CREATURE mob category but was added under MONSTER mob category for minecraft:deep_frozen_ocean biome! Mobs should be added to biomes under the same mob category that the mob was registered as to prevent mob cap spawning issues.
[14Jul2026 18:26:45.835] [Server thread/WARN] [net.neoforged.neoforge.server.ServerLifecycleHooks/]: Detected quark:stoneling that was registered with CREATURE mob category but was added under MONSTER mob category for minecraft:deep_lukewarm_ocean biome! Mobs should be added to biomes under the same mob category that the mob was registered as to prevent mob cap spawning issues.
[14Jul2026 18:26:45.835] [Server thread/WARN] [net.neoforged.neoforge.server.ServerLifecycleHooks/]: Detected quark:toretoise that was registered with CREATURE mob category but was added under MONSTER mob category for minecraft:deep_lukewarm_ocean biome! Mobs should be added to biomes under the same mob category that the mob was registered as to prevent mob cap spawning issues.
[14Jul2026 18:26:45.836] [Server thread/WARN] [net.neoforged.neoforge.server.ServerLifecycleHooks/]: Detected quark:stoneling that was registered with CREATURE mob category but was added under MONSTER mob category for minecraft:deep_ocean biome! Mobs should be added to biomes under the same mob category that the mob was registered as to prevent mob cap spawning issues.
[14Jul2026 18:26:45.836] [Server thread/WARN] [net.neoforged.neoforge.server.ServerLifecycleHooks/]: Detected quark:toretoise that was registered with CREATURE mob category but was added under MONSTER mob category for minecraft:deep_ocean biome! Mobs should be added to biomes under the same mob category that the mob was registered as to prevent mob cap spawning issues.
[14Jul2026 18:26:45.836] [Server thread/WARN] [net.neoforged.neoforge.server.ServerLifecycleHooks/]: Detected quark:stoneling that was registered with CREATURE mob category but was added under MONSTER mob category for terrablender:deferred_placeholder biome! Mobs should be added to biomes under the same mob category that the mob was registered as to prevent mob cap spawning issues.
[14Jul2026 18:26:45.836] [Server thread/WARN] [net.neoforged.neoforge.server.ServerLifecycleHooks/]: Detected quark:toretoise that was registered with CREATURE mob category but was added under MONSTER mob category for terrablender:deferred_placeholder biome! Mobs should be added to biomes under the same mob category that the mob was registered as to prevent mob cap spawning issues.
[14Jul2026 18:26:45.836] [Server thread/WARN] [net.neoforged.neoforge.server.ServerLifecycleHooks/]: Detected quark:stoneling that was registered with CREATURE mob category but was added under MONSTER mob category for minecraft:desert biome! Mobs should be added to biomes under the same mob category that the mob was registered as to prevent mob cap spawning issues.
[14Jul2026 18:26:45.836] [Server thread/WARN] [net.neoforged.neoforge.server.ServerLifecycleHooks/]: Detected quark:toretoise that was registered with CREATURE mob category but was added under MONSTER mob category for minecraft:desert biome! Mobs should be added to biomes under the same mob category that the mob was registered as to prevent mob cap spawning issues.
[14Jul2026 18:26:45.836] [Server thread/WARN] [net.neoforged.neoforge.server.ServerLifecycleHooks/]: Detected quark:stoneling that was registered with CREATURE mob category but was added under MONSTER mob category for pastel:dragonrot_swamp biome! Mobs should be added to biomes under the same mob category that the mob was registered as to prevent mob cap spawning issues.
[14Jul2026 18:26:45.836] [Server thread/WARN] [net.neoforged.neoforge.server.ServerLifecycleHooks/]: Detected quark:toretoise that was registered with CREATURE mob category but was added under MONSTER mob category for pastel:dragonrot_swamp biome! Mobs should be added to biomes under the same mob category that the mob was registered as to prevent mob cap spawning issues.
[14Jul2026 18:26:45.837] [Server thread/WARN] [net.neoforged.neoforge.server.ServerLifecycleHooks/]: Detected quark:stoneling that was registered with CREATURE mob category but was added under MONSTER mob category for minecraft:dripstone_caves biome! Mobs should be added to biomes under the same mob category that the mob was registered as to prevent mob cap spawning issues.
[14Jul2026 18:26:45.837] [Server thread/WARN] [net.neoforged.neoforge.server.ServerLifecycleHooks/]: Detected quark:toretoise that was registered with CREATURE mob category but was added under MONSTER mob category for minecraft:dripstone_caves biome! Mobs should be added to biomes under the same mob category that the mob was registered as to prevent mob cap spawning issues.
[14Jul2026 18:26:45.837] [Server thread/WARN] [net.neoforged.neoforge.server.ServerLifecycleHooks/]: Detected quark:stoneling that was registered with CREATURE mob category but was added under MONSTER mob category for biomeswevegone:ebony_woods biome! Mobs should be added to biomes under the same mob category that the mob was registered as to prevent mob cap spawning issues.
[14Jul2026 18:26:45.837] [Server thread/WARN] [net.neoforged.neoforge.server.ServerLifecycleHooks/]: Detected quark:toretoise that was registered with CREATURE mob category but was added under MONSTER mob category for biomeswevegone:ebony_woods biome! Mobs should be added to biomes under the same mob category that the mob was registered as to prevent mob cap spawning issues.
[14Jul2026 18:26:45.837] [Server thread/WARN] [net.neoforged.neoforge.server.ServerLifecycleHooks/]: Detected quark:stoneling that was registered with CREATURE mob category but was added under MONSTER mob category for biomeswevegone:enchanted_tangle biome! Mobs should be added to biomes under the same mob category that the mob was registered as to prevent mob cap spawning issues.
[14Jul2026 18:26:45.837] [Server thread/WARN] [net.neoforged.neoforge.server.ServerLifecycleHooks/]: Detected quark:toretoise that was registered with CREATURE mob category but was added under MONSTER mob category for biomeswevegone:enchanted_tangle biome! Mobs should be added to biomes under the same mob category that the mob was registered as to prevent mob cap spawning issues.
[14Jul2026 18:26:45.838] [Server thread/WARN] [net.neoforged.neoforge.server.ServerLifecycleHooks/]: Detected quark:stoneling that was registered with CREATURE mob category but was added under MONSTER mob category for minecraft:eroded_badlands biome! Mobs should be added to biomes under the same mob category that the mob was registered as to prevent mob cap spawning issues.
[14Jul2026 18:26:45.838] [Server thread/WARN] [net.neoforged.neoforge.server.ServerLifecycleHooks/]: Detected quark:toretoise that was registered with CREATURE mob category but was added under MONSTER mob category for minecraft:eroded_badlands biome! Mobs should be added to biomes under the same mob category that the mob was registered as to prevent mob cap spawning issues.
[14Jul2026 18:26:45.838] [Server thread/WARN] [net.neoforged.neoforge.server.ServerLifecycleHooks/]: Detected quark:stoneling that was registered with CREATURE mob category but was added under MONSTER mob category for biomeswevegone:eroded_borealis biome! Mobs should be added to biomes under the same mob category that the mob was registered as to prevent mob cap spawning issues.
[14Jul2026 18:26:45.838] [Server thread/WARN] [net.neoforged.neoforge.server.ServerLifecycleHooks/]: Detected quark:toretoise that was registered with CREATURE mob category but was added under MONSTER mob category for biomeswevegone:eroded_borealis biome! Mobs should be added to biomes under the same mob category that the mob was registered as to prevent mob cap spawning issues.
[14Jul2026 18:26:45.839] [Server thread/WARN] [net.neoforged.neoforge.server.ServerLifecycleHooks/]: Detected quark:stoneling that was registered with CREATURE mob category but was added under MONSTER mob category for biomeswevegone:firecracker_chaparral biome! Mobs should be added to biomes under the same mob category that the mob was registered as to prevent mob cap spawning issues.
[14Jul2026 18:26:45.839] [Server thread/WARN] [net.neoforged.neoforge.server.ServerLifecycleHooks/]: Detected quark:toretoise that was registered with CREATURE mob category but was added under MONSTER mob category for biomeswevegone:firecracker_chaparral biome! Mobs should be added to biomes under the same mob category that the mob was registered as to prevent mob cap spawning issues.
[14Jul2026 18:26:45.839] [Server thread/WARN] [net.neoforged.neoforge.server.ServerLifecycleHooks/]: Detected quark:stoneling that was registered with CREATURE mob category but was added under MONSTER mob category for minecraft:flower_forest biome! Mobs should be added to biomes under the same mob category that the mob was registered as to prevent mob cap spawning issues.
[14Jul2026 18:26:45.839] [Server thread/WARN] [net.neoforged.neoforge.server.ServerLifecycleHooks/]: Detected quark:toretoise that was registered with CREATURE mob category but was added under MONSTER mob category for minecraft:flower_forest biome! Mobs should be added to biomes under the same mob category that the mob was registered as to prevent mob cap spawning issues.
[14Jul2026 18:26:45.839] [Server thread/WARN] [net.neoforged.neoforge.server.ServerLifecycleHooks/]: Detected quark:stoneling that was registered with CREATURE mob category but was added under MONSTER mob category for minecraft:forest biome! Mobs should be added to biomes under the same mob category that the mob was registered as to prevent mob cap spawning issues.
[14Jul2026 18:26:45.839] [Server thread/WARN] [net.neoforged.neoforge.server.ServerLifecycleHooks/]: Detected quark:toretoise that was registered with CREATURE mob category but was added under MONSTER mob category for minecraft:forest biome! Mobs should be added to biomes under the same mob category that the mob was registered as to prevent mob cap spawning issues.
[14Jul2026 18:26:45.840] [Server thread/WARN] [net.neoforged.neoforge.server.ServerLifecycleHooks/]: Detected quark:stoneling that was registered with CREATURE mob category but was added under MONSTER mob category for biomeswevegone:forgotten_forest biome! Mobs should be added to biomes under the same mob category that the mob was registered as to prevent mob cap spawning issues.
[14Jul2026 18:26:45.840] [Server thread/WARN] [net.neoforged.neoforge.server.ServerLifecycleHooks/]: Detected quark:toretoise that was registered with CREATURE mob category but was added under MONSTER mob category for biomeswevegone:forgotten_forest biome! Mobs should be added to biomes under the same mob category that the mob was registered as to prevent mob cap spawning issues.
[14Jul2026 18:26:45.840] [Server thread/WARN] [net.neoforged.neoforge.server.ServerLifecycleHooks/]: Detected quark:stoneling that was registered with CREATURE mob category but was added under MONSTER mob category for biomeswevegone:fragment_jungle biome! Mobs should be added to biomes under the same mob category that the mob was registered as to prevent mob cap spawning issues.
[14Jul2026 18:26:45.840] [Server thread/WARN] [net.neoforged.neoforge.server.ServerLifecycleHooks/]: Detected quark:toretoise that was registered with CREATURE mob category but was added under MONSTER mob category for biomeswevegone:fragment_jungle biome! Mobs should be added to biomes under the same mob category that the mob was registered as to prevent mob cap spawning issues.
[14Jul2026 18:26:45.840] [Server thread/WARN] [net.neoforged.neoforge.server.ServerLifecycleHooks/]: Detected quark:stoneling that was registered with CREATURE mob category but was added under MONSTER mob category for biomeswevegone:frosted_coniferous_forest biome! Mobs should be added to biomes under the same mob category that the mob was registered as to prevent mob cap spawning issues.
[14Jul2026 18:26:45.840] [Server thread/WARN] [net.neoforged.neoforge.server.ServerLifecycleHooks/]: Detected quark:toretoise that was registered with CREATURE mob category but was added under MONSTER mob category for biomeswevegone:frosted_coniferous_forest biome! Mobs should be added to biomes under the same mob category that the mob was registered as to prevent mob cap spawning issues.
[14Jul2026 18:26:45.840] [Server thread/WARN] [net.neoforged.neoforge.server.ServerLifecycleHooks/]: Detected quark:stoneling that was registered with CREATURE mob category but was added under MONSTER mob category for biomeswevegone:frosted_taiga biome! Mobs should be added to biomes under the same mob category that the mob was registered as to prevent mob cap spawning issues.
[14Jul2026 18:26:45.840] [Server thread/WARN] [net.neoforged.neoforge.server.ServerLifecycleHooks/]: Detected quark:toretoise that was registered with CREATURE mob category but was added under MONSTER mob category for biomeswevegone:frosted_taiga biome! Mobs should be added to biomes under the same mob category that the mob was registered as to prevent mob cap spawning issues.
[14Jul2026 18:26:45.841] [Server thread/WARN] [net.neoforged.neoforge.server.ServerLifecycleHooks/]: Detected quark:stoneling that was registered with CREATURE mob category but was added under MONSTER mob category for minecraft:frozen_ocean biome! Mobs should be added to biomes under the same mob category that the mob was registered as to prevent mob cap spawning issues.
[14Jul2026 18:26:45.841] [Server thread/WARN] [net.neoforged.neoforge.server.ServerLifecycleHooks/]: Detected quark:toretoise that was registered with CREATURE mob category but was added under MONSTER mob category for minecraft:frozen_ocean biome! Mobs should be added to biomes under the same mob category that the mob was registered as to prevent mob cap spawning issues.
[14Jul2026 18:26:45.841] [Server thread/WARN] [net.neoforged.neoforge.server.ServerLifecycleHooks/]: Detected quark:stoneling that was registered with CREATURE mob category but was added under MONSTER mob category for minecraft:frozen_peaks biome! Mobs should be added to biomes under the same mob category that the mob was registered as to prevent mob cap spawning issues.
[14Jul2026 18:26:45.841] [Server thread/WARN] [net.neoforged.neoforge.server.ServerLifecycleHooks/]: Detected quark:toretoise that was registered with CREATURE mob category but was added under MONSTER mob category for minecraft:frozen_peaks biome! Mobs should be added to biomes under the same mob category that the mob was registered as to prevent mob cap spawning issues.
[14Jul2026 18:26:45.841] [Server thread/WARN] [net.neoforged.neoforge.server.ServerLifecycleHooks/]: Detected quark:stoneling that was registered with CREATURE mob category but was added under MONSTER mob category for minecraft:frozen_river biome! Mobs should be added to biomes under the same mob category that the mob was registered as to prevent mob cap spawning issues.
[14Jul2026 18:26:45.841] [Server thread/WARN] [net.neoforged.neoforge.server.ServerLifecycleHooks/]: Detected quark:toretoise that was registered with CREATURE mob category but was added under MONSTER mob category for minecraft:frozen_river biome! Mobs should be added to biomes under the same mob category that the mob was registered as to prevent mob cap spawning issues.
[14Jul2026 18:26:45.841] [Server thread/WARN] [net.neoforged.neoforge.server.ServerLifecycleHooks/]: Detected quark:stoneling that was registered with CREATURE mob category but was added under MONSTER mob category for quark:glimmering_weald biome! Mobs should be added to biomes under the same mob category that the mob was registered as to prevent mob cap spawning issues.
[14Jul2026 18:26:45.841] [Server thread/WARN] [net.neoforged.neoforge.server.ServerLifecycleHooks/]: Detected quark:toretoise that was registered with CREATURE mob category but was added under MONSTER mob category for quark:glimmering_weald biome! Mobs should be added to biomes under the same mob category that the mob was registered as to prevent mob cap spawning issues.
[14Jul2026 18:26:45.842] [Server thread/WARN] [net.neoforged.neoforge.server.ServerLifecycleHooks/]: Detected quark:stoneling that was registered with CREATURE mob category but was added under MONSTER mob category for minecraft:grove biome! Mobs should be added to biomes under the same mob category that the mob was registered as to prevent mob cap spawning issues.
[14Jul2026 18:26:45.842] [Server thread/WARN] [net.neoforged.neoforge.server.ServerLifecycleHooks/]: Detected quark:toretoise that was registered with CREATURE mob category but was added under MONSTER mob category for minecraft:grove biome! Mobs should be added to biomes under the same mob category that the mob was registered as to prevent mob cap spawning issues.
[14Jul2026 18:26:45.842] [Server thread/WARN] [net.neoforged.neoforge.server.ServerLifecycleHooks/]: Detected quark:stoneling that was registered with CREATURE mob category but was added under MONSTER mob category for biomeswevegone:howling_peaks biome! Mobs should be added to biomes under the same mob category that the mob was registered as to prevent mob cap spawning issues.
[14Jul2026 18:26:45.842] [Server thread/WARN] [net.neoforged.neoforge.server.ServerLifecycleHooks/]: Detected quark:toretoise that was registered with CREATURE mob category but was added under MONSTER mob category for biomeswevegone:howling_peaks biome! Mobs should be added to biomes under the same mob category that the mob was registered as to prevent mob cap spawning issues.
[14Jul2026 18:26:45.842] [Server thread/WARN] [net.neoforged.neoforge.server.ServerLifecycleHooks/]: Detected quark:stoneling that was registered with CREATURE mob category but was added under MONSTER mob category for pastel:howling_spires biome! Mobs should be added to biomes under the same mob category that the mob was registered as to prevent mob cap spawning issues.
[14Jul2026 18:26:45.842] [Server thread/WARN] [net.neoforged.neoforge.server.ServerLifecycleHooks/]: Detected quark:toretoise that was registered with CREATURE mob category but was added under MONSTER mob category for pastel:howling_spires biome! Mobs should be added to biomes under the same mob category that the mob was registered as to prevent mob cap spawning issues.
[14Jul2026 18:26:45.842] [Server thread/WARN] [net.neoforged.neoforge.server.ServerLifecycleHooks/]: Detected quark:stoneling that was registered with CREATURE mob category but was added under MONSTER mob category for minecraft:ice_spikes biome! Mobs should be added to biomes under the same mob category that the mob was registered as to prevent mob cap spawning issues.
[14Jul2026 18:26:45.842] [Server thread/WARN] [net.neoforged.neoforge.server.ServerLifecycleHooks/]: Detected quark:toretoise that was registered with CREATURE mob category but was added under MONSTER mob category for minecraft:ice_spikes biome! Mobs should be added to biomes under the same mob category that the mob was registered as to prevent mob cap spawning issues.
[14Jul2026 18:26:45.843] [Server thread/WARN] [net.neoforged.neoforge.server.ServerLifecycleHooks/]: Detected quark:stoneling that was registered with CREATURE mob category but was added under MONSTER mob category for stellaris:infernal_venus_barrens biome! Mobs should be added to biomes under the same mob category that the mob was registered as to prevent mob cap spawning issues.
[14Jul2026 18:26:45.843] [Server thread/WARN] [net.neoforged.neoforge.server.ServerLifecycleHooks/]: Detected quark:toretoise that was registered with CREATURE mob category but was added under MONSTER mob category for stellaris:infernal_venus_barrens biome! Mobs should be added to biomes under the same mob category that the mob was registered as to prevent mob cap spawning issues.
[14Jul2026 18:26:45.843] [Server thread/WARN] [net.neoforged.neoforge.server.ServerLifecycleHooks/]: Detected quark:stoneling that was registered with CREATURE mob category but was added under MONSTER mob category for biomeswevegone:ironwood_gour biome! Mobs should be added to biomes under the same mob category that the mob was registered as to prevent mob cap spawning issues.
[14Jul2026 18:26:45.843] [Server thread/WARN] [net.neoforged.neoforge.server.ServerLifecycleHooks/]: Detected quark:toretoise that was registered with CREATURE mob category but was added under MONSTER mob category for biomeswevegone:ironwood_gour biome! Mobs should be added to biomes under the same mob category that the mob was registered as to prevent mob cap spawning issues.
[14Jul2026 18:26:45.843] [Server thread/WARN] [net.neoforged.neoforge.server.ServerLifecycleHooks/]: Detected quark:stoneling that was registered with CREATURE mob category but was added under MONSTER mob category for biomeswevegone:jacaranda_jungle biome! Mobs should be added to biomes under the same mob category that the mob was registered as to prevent mob cap spawning issues.
[14Jul2026 18:26:45.843] [Server thread/WARN] [net.neoforged.neoforge.server.ServerLifecycleHooks/]: Detected quark:toretoise that was registered with CREATURE mob category but was added under MONSTER mob category for biomeswevegone:jacaranda_jungle biome! Mobs should be added to biomes under the same mob category that the mob was registered as to prevent mob cap spawning issues.
[14Jul2026 18:26:45.843] [Server thread/WARN] [net.neoforged.neoforge.server.ServerLifecycleHooks/]: Detected quark:stoneling that was registered with CREATURE mob category but was added under MONSTER mob category for minecraft:jagged_peaks biome! Mobs should be added to biomes under the same mob category that the mob was registered as to prevent mob cap spawning issues.
[14Jul2026 18:26:45.843] [Server thread/WARN] [net.neoforged.neoforge.server.ServerLifecycleHooks/]: Detected quark:toretoise that was registered with CREATURE mob category but was added under MONSTER mob category for minecraft:jagged_peaks biome! Mobs should be added to biomes under the same mob category that the mob was registered as to prevent mob cap spawning issues.
[14Jul2026 18:26:45.843] [Server thread/WARN] [net.neoforged.neoforge.server.ServerLifecycleHooks/]: Detected quark:stoneling that was registered with CREATURE mob category but was added under MONSTER mob category for ars_nouveau:jar biome! Mobs should be added to biomes under the same mob category that the mob was registered as to prevent mob cap spawning issues.
[14Jul2026 18:26:45.843] [Server thread/WARN] [net.neoforged.neoforge.server.ServerLifecycleHooks/]: Detected quark:toretoise that was registered with CREATURE mob category but was added under MONSTER mob category for ars_nouveau:jar biome! Mobs should be added to biomes under the same mob category that the mob was registered as to prevent mob cap spawning issues.
[14Jul2026 18:26:45.844] [Server thread/WARN] [net.neoforged.neoforge.server.ServerLifecycleHooks/]: Detected quark:stoneling that was registered with CREATURE mob category but was added under MONSTER mob category for minecraft:jungle biome! Mobs should be added to biomes under the same mob category that the mob was registered as to prevent mob cap spawning issues.
[14Jul2026 18:26:45.844] [Server thread/WARN] [net.neoforged.neoforge.server.ServerLifecycleHooks/]: Detected quark:toretoise that was registered with CREATURE mob category but was added under MONSTER mob category for minecraft:jungle biome! Mobs should be added to biomes under the same mob category that the mob was registered as to prevent mob cap spawning issues.
[14Jul2026 18:26:45.844] [Server thread/WARN] [net.neoforged.neoforge.server.ServerLifecycleHooks/]: Detected quark:stoneling that was registered with CREATURE mob category but was added under MONSTER mob category for stellaris:jupiter biome! Mobs should be added to biomes under the same mob category that the mob was registered as to prevent mob cap spawning issues.
[14Jul2026 18:26:45.844] [Server thread/WARN] [net.neoforged.neoforge.server.ServerLifecycleHooks/]: Detected quark:toretoise that was registered with CREATURE mob category but was added under MONSTER mob category for stellaris:jupiter biome! Mobs should be added to biomes under the same mob category that the mob was registered as to prevent mob cap spawning issues.
[14Jul2026 18:26:45.844] [Server thread/WARN] [net.neoforged.neoforge.server.ServerLifecycleHooks/]: Detected quark:stoneling that was registered with CREATURE mob category but was added under MONSTER mob category for minecraft:lukewarm_ocean biome! Mobs should be added to biomes under the same mob category that the mob was registered as to prevent mob cap spawning issues.
[14Jul2026 18:26:45.844] [Server thread/WARN] [net.neoforged.neoforge.server.ServerLifecycleHooks/]: Detected quark:toretoise that was registered with CREATURE mob category but was added under MONSTER mob category for minecraft:lukewarm_ocean biome! Mobs should be added to biomes under the same mob category that the mob was registered as to prevent mob cap spawning issues.
[14Jul2026 18:26:45.844] [Server thread/WARN] [net.neoforged.neoforge.server.ServerLifecycleHooks/]: Detected quark:stoneling that was registered with CREATURE mob category but was added under MONSTER mob category for minecraft:lush_caves biome! Mobs should be added to biomes under the same mob category that the mob was registered as to prevent mob cap spawning issues.
[14Jul2026 18:26:45.844] [Server thread/WARN] [net.neoforged.neoforge.server.ServerLifecycleHooks/]: Detected quark:toretoise that was registered with CREATURE mob category but was added under MONSTER mob category for minecraft:lush_caves biome! Mobs should be added to biomes under the same mob category that the mob was registered as to prevent mob cap spawning issues.
[14Jul2026 18:26:45.845] [Server thread/WARN] [net.neoforged.neoforge.server.ServerLifecycleHooks/]: Detected quark:stoneling that was registered with CREATURE mob category but was added under MONSTER mob category for biomeswevegone:lush_stacks biome! Mobs should be added to biomes under the same mob category that the mob was registered as to prevent mob cap spawning issues.
[14Jul2026 18:26:45.845] [Server thread/WARN] [net.neoforged.neoforge.server.ServerLifecycleHooks/]: Detected quark:toretoise that was registered with CREATURE mob category but was added under MONSTER mob category for biomeswevegone:lush_stacks biome! Mobs should be added to biomes under the same mob category that the mob was registered as to prevent mob cap spawning issues.
[14Jul2026 18:26:45.845] [Server thread/WARN] [net.neoforged.neoforge.server.ServerLifecycleHooks/]: Detected quark:stoneling that was registered with CREATURE mob category but was added under MONSTER mob category for minecraft:mangrove_swamp biome! Mobs should be added to biomes under the same mob category that the mob was registered as to prevent mob cap spawning issues.
[14Jul2026 18:26:45.845] [Server thread/WARN] [net.neoforged.neoforge.server.ServerLifecycleHooks/]: Detected quark:toretoise that was registered with CREATURE mob category but was added under MONSTER mob category for minecraft:mangrove_swamp biome! Mobs should be added to biomes under the same mob category that the mob was registered as to prevent mob cap spawning issues.
[14Jul2026 18:26:45.845] [Server thread/WARN] [net.neoforged.neoforge.server.ServerLifecycleHooks/]: Detected quark:stoneling that was registered with CREATURE mob category but was added under MONSTER mob category for biomeswevegone:maple_taiga biome! Mobs should be added to biomes under the same mob category that the mob was registered as to prevent mob cap spawning issues.
[14Jul2026 18:26:45.845] [Server thread/WARN] [net.neoforged.neoforge.server.ServerLifecycleHooks/]: Detected quark:toretoise that was registered with CREATURE mob category but was added under MONSTER mob category for biomeswevegone:maple_taiga biome! Mobs should be added to biomes under the same mob category that the mob was registered as to prevent mob cap spawning issues.
[14Jul2026 18:26:45.845] [Server thread/WARN] [net.neoforged.neoforge.server.ServerLifecycleHooks/]: Detected quark:stoneling that was registered with CREATURE mob category but was added under MONSTER mob category for stellaris:mars_desert biome! Mobs should be added to biomes under the same mob category that the mob was registered as to prevent mob cap spawning issues.
[14Jul2026 18:26:45.845] [Server thread/WARN] [net.neoforged.neoforge.server.ServerLifecycleHooks/]: Detected quark:toretoise that was registered with CREATURE mob category but was added under MONSTER mob category for stellaris:mars_desert biome! Mobs should be added to biomes under the same mob category that the mob was registered as to prevent mob cap spawning issues.
[14Jul2026 18:26:45.845] [Server thread/WARN] [net.neoforged.neoforge.server.ServerLifecycleHooks/]: Detected quark:stoneling that was registered with CREATURE mob category but was added under MONSTER mob category for stellaris:mars_ice_spikes biome! Mobs should be added to biomes under the same mob category that the mob was registered as to prevent mob cap spawning issues.
[14Jul2026 18:26:45.845] [Server thread/WARN] [net.neoforged.neoforge.server.ServerLifecycleHooks/]: Detected quark:toretoise that was registered with CREATURE mob category but was added under MONSTER mob category for stellaris:mars_ice_spikes biome! Mobs should be added to biomes under the same mob category that the mob was registered as to prevent mob cap spawning issues.
[14Jul2026 18:26:45.846] [Server thread/WARN] [net.neoforged.neoforge.server.ServerLifecycleHooks/]: Detected quark:stoneling that was registered with CREATURE mob category but was added under MONSTER mob category for stellaris:mars_rocky_plains biome! Mobs should be added to biomes under the same mob category that the mob was registered as to prevent mob cap spawning issues.
[14Jul2026 18:26:45.846] [Server thread/WARN] [net.neoforged.neoforge.server.ServerLifecycleHooks/]: Detected quark:toretoise that was registered with CREATURE mob category but was added under MONSTER mob category for stellaris:mars_rocky_plains biome! Mobs should be added to biomes under the same mob category that the mob was registered as to prevent mob cap spawning issues.
[14Jul2026 18:26:45.846] [Server thread/WARN] [net.neoforged.neoforge.server.ServerLifecycleHooks/]: Detected quark:stoneling that was registered with CREATURE mob category but was added under MONSTER mob category for minecraft:meadow biome! Mobs should be added to biomes under the same mob category that the mob was registered as to prevent mob cap spawning issues.
[14Jul2026 18:26:45.846] [Server thread/WARN] [net.neoforged.neoforge.server.ServerLifecycleHooks/]: Detected quark:toretoise that was registered with CREATURE mob category but was added under MONSTER mob category for minecraft:meadow biome! Mobs should be added to biomes under the same mob category that the mob was registered as to prevent mob cap spawning issues.
[14Jul2026 18:26:45.846] [Server thread/WARN] [net.neoforged.neoforge.server.ServerLifecycleHooks/]: Detected quark:stoneling that was registered with CREATURE mob category but was added under MONSTER mob category for stellaris:mercury biome! Mobs should be added to biomes under the same mob category that the mob was registered as to prevent mob cap spawning issues.
[14Jul2026 18:26:45.846] [Server thread/WARN] [net.neoforged.neoforge.server.ServerLifecycleHooks/]: Detected quark:toretoise that was registered with CREATURE mob category but was added under MONSTER mob category for stellaris:mercury biome! Mobs should be added to biomes under the same mob category that the mob was registered as to prevent mob cap spawning issues.
[14Jul2026 18:26:45.846] [Server thread/WARN] [net.neoforged.neoforge.server.ServerLifecycleHooks/]: Detected quark:stoneling that was registered with CREATURE mob category but was added under MONSTER mob category for stellaris:mercury_fire_land biome! Mobs should be added to biomes under the same mob category that the mob was registered as to prevent mob cap spawning issues.
[14Jul2026 18:26:45.846] [Server thread/WARN] [net.neoforged.neoforge.server.ServerLifecycleHooks/]: Detected quark:toretoise that was registered with CREATURE mob category but was added under MONSTER mob category for stellaris:mercury_fire_land biome! Mobs should be added to biomes under the same mob category that the mob was registered as to prevent mob cap spawning issues.
[14Jul2026 18:26:45.847] [Server thread/WARN] [net.neoforged.neoforge.server.ServerLifecycleHooks/]: Detected quark:stoneling that was registered with CREATURE mob category but was added under MONSTER mob category for biomeswevegone:mojave_desert biome! Mobs should be added to biomes under the same mob category that the mob was registered as to prevent mob cap spawning issues.
[14Jul2026 18:26:45.847] [Server thread/WARN] [net.neoforged.neoforge.server.ServerLifecycleHooks/]: Detected quark:toretoise that was registered with CREATURE mob category but was added under MONSTER mob category for biomeswevegone:mojave_desert biome! Mobs should be added to biomes under the same mob category that the mob was registered as to prevent mob cap spawning issues.
[14Jul2026 18:26:45.847] [Server thread/WARN] [net.neoforged.neoforge.server.ServerLifecycleHooks/]: Detected quark:stoneling that was registered with CREATURE mob category but was added under MONSTER mob category for stellaris:moon_caves biome! Mobs should be added to biomes under the same mob category that the mob was registered as to prevent mob cap spawning issues.
[14Jul2026 18:26:45.847] [Server thread/WARN] [net.neoforged.neoforge.server.ServerLifecycleHooks/]: Detected quark:toretoise that was registered with CREATURE mob category but was added under MONSTER mob category for stellaris:moon_caves biome! Mobs should be added to biomes under the same mob category that the mob was registered as to prevent mob cap spawning issues.
[14Jul2026 18:26:45.847] [Server thread/WARN] [net.neoforged.neoforge.server.ServerLifecycleHooks/]: Detected quark:stoneling that was registered with CREATURE mob category but was added under MONSTER mob category for stellaris:moon_desert biome! Mobs should be added to biomes under the same mob category that the mob was registered as to prevent mob cap spawning issues.
[14Jul2026 18:26:45.847] [Server thread/WARN] [net.neoforged.neoforge.server.ServerLifecycleHooks/]: Detected quark:toretoise that was registered with CREATURE mob category but was added under MONSTER mob category for stellaris:moon_desert biome! Mobs should be added to biomes under the same mob category that the mob was registered as to prevent mob cap spawning issues.
[14Jul2026 18:26:45.847] [Server thread/WARN] [net.neoforged.neoforge.server.ServerLifecycleHooks/]: Detected quark:stoneling that was registered with CREATURE mob category but was added under MONSTER mob category for minecraft:mushroom_fields biome! Mobs should be added to biomes under the same mob category that the mob was registered as to prevent mob cap spawning issues.
[14Jul2026 18:26:45.847] [Server thread/WARN] [net.neoforged.neoforge.server.ServerLifecycleHooks/]: Detected quark:toretoise that was registered with CREATURE mob category but was added under MONSTER mob category for minecraft:mushroom_fields biome! Mobs should be added to biomes under the same mob category that the mob was registered as to prevent mob cap spawning issues.
[14Jul2026 18:26:45.847] [Server thread/WARN] [net.neoforged.neoforge.server.ServerLifecycleHooks/]: Detected quark:foxhound that was registered with CREATURE mob category but was added under MONSTER mob category for minecraft:nether_wastes biome! Mobs should be added to biomes under the same mob category that the mob was registered as to prevent mob cap spawning issues.
[14Jul2026 18:26:45.848] [Server thread/WARN] [net.neoforged.neoforge.server.ServerLifecycleHooks/]: Detected quark:stoneling that was registered with CREATURE mob category but was added under MONSTER mob category for pastel:noxshroom_forest biome! Mobs should be added to biomes under the same mob category that the mob was registered as to prevent mob cap spawning issues.
[14Jul2026 18:26:45.848] [Server thread/WARN] [net.neoforged.neoforge.server.ServerLifecycleHooks/]: Detected quark:toretoise that was registered with CREATURE mob category but was added under MONSTER mob category for pastel:noxshroom_forest biome! Mobs should be added to biomes under the same mob category that the mob was registered as to prevent mob cap spawning issues.
[14Jul2026 18:26:45.848] [Server thread/WARN] [net.neoforged.neoforge.server.ServerLifecycleHooks/]: Detected quark:stoneling that was registered with CREATURE mob category but was added under MONSTER mob category for minecraft:ocean biome! Mobs should be added to biomes under the same mob category that the mob was registered as to prevent mob cap spawning issues.
[14Jul2026 18:26:45.848] [Server thread/WARN] [net.neoforged.neoforge.server.ServerLifecycleHooks/]: Detected quark:toretoise that was registered with CREATURE mob category but was added under MONSTER mob category for minecraft:ocean biome! Mobs should be added to biomes under the same mob category that the mob was registered as to prevent mob cap spawning issues.
[14Jul2026 18:26:45.848] [Server thread/WARN] [net.neoforged.neoforge.server.ServerLifecycleHooks/]: Detected quark:stoneling that was registered with CREATURE mob category but was added under MONSTER mob category for minecraft:old_growth_birch_forest biome! Mobs should be added to biomes under the same mob category that the mob was registered as to prevent mob cap spawning issues.
[14Jul2026 18:26:45.848] [Server thread/WARN] [net.neoforged.neoforge.server.ServerLifecycleHooks/]: Detected quark:toretoise that was registered with CREATURE mob category but was added under MONSTER mob category for minecraft:old_growth_birch_forest biome! Mobs should be added to biomes under the same mob category that the mob was registered as to prevent mob cap spawning issues.
[14Jul2026 18:26:45.848] [Server thread/WARN] [net.neoforged.neoforge.server.ServerLifecycleHooks/]: Detected quark:stoneling that was registered with CREATURE mob category but was added under MONSTER mob category for minecraft:old_growth_pine_taiga biome! Mobs should be added to biomes under the same mob category that the mob was registered as to prevent mob cap spawning issues.
[14Jul2026 18:26:45.848] [Server thread/WARN] [net.neoforged.neoforge.server.ServerLifecycleHooks/]: Detected quark:toretoise that was registered with CREATURE mob category but was added under MONSTER mob category for minecraft:old_growth_pine_taiga biome! Mobs should be added to biomes under the same mob category that the mob was registered as to prevent mob cap spawning issues.
[14Jul2026 18:26:45.849] [Server thread/WARN] [net.neoforged.neoforge.server.ServerLifecycleHooks/]: Detected quark:stoneling that was registered with CREATURE mob category but was added under MONSTER mob category for minecraft:old_growth_spruce_taiga biome! Mobs should be added to biomes under the same mob category that the mob was registered as to prevent mob cap spawning issues.
[14Jul2026 18:26:45.849] [Server thread/WARN] [net.neoforged.neoforge.server.ServerLifecycleHooks/]: Detected quark:toretoise that was registered with CREATURE mob category but was added under MONSTER mob category for minecraft:old_growth_spruce_taiga biome! Mobs should be added to biomes under the same mob category that the mob was registered as to prevent mob cap spawning issues.
[14Jul2026 18:26:45.849] [Server thread/WARN] [net.neoforged.neoforge.server.ServerLifecycleHooks/]: Detected quark:stoneling that was registered with CREATURE mob category but was added under MONSTER mob category for biomeswevegone:orchard biome! Mobs should be added to biomes under the same mob category that the mob was registered as to prevent mob cap spawning issues.
[14Jul2026 18:26:45.849] [Server thread/WARN] [net.neoforged.neoforge.server.ServerLifecycleHooks/]: Detected quark:toretoise that was registered with CREATURE mob category but was added under MONSTER mob category for biomeswevegone:orchard biome! Mobs should be added to biomes under the same mob category that the mob was registered as to prevent mob cap spawning issues.
[14Jul2026 18:26:45.849] [Server thread/WARN] [net.neoforged.neoforge.server.ServerLifecycleHooks/]: Detected quark:stoneling that was registered with CREATURE mob category but was added under MONSTER mob category for biomeswevegone:overgrowth_woodlands biome! Mobs should be added to biomes under the same mob category that the mob was registered as to prevent mob cap spawning issues.
[14Jul2026 18:26:45.849] [Server thread/WARN] [net.neoforged.neoforge.server.ServerLifecycleHooks/]: Detected quark:toretoise that was registered with CREATURE mob category but was added under MONSTER mob category for biomeswevegone:overgrowth_woodlands biome! Mobs should be added to biomes under the same mob category that the mob was registered as to prevent mob cap spawning issues.
[14Jul2026 18:26:45.850] [Server thread/WARN] [net.neoforged.neoforge.server.ServerLifecycleHooks/]: Detected quark:stoneling that was registered with CREATURE mob category but was added under MONSTER mob category for biomeswevegone:pale_bog biome! Mobs should be added to biomes under the same mob category that the mob was registered as to prevent mob cap spawning issues.
[14Jul2026 18:26:45.850] [Server thread/WARN] [net.neoforged.neoforge.server.ServerLifecycleHooks/]: Detected quark:toretoise that was registered with CREATURE mob category but was added under MONSTER mob category for biomeswevegone:pale_bog biome! Mobs should be added to biomes under the same mob category that the mob was registered as to prevent mob cap spawning issues.
[14Jul2026 18:26:45.850] [Server thread/WARN] [net.neoforged.neoforge.server.ServerLifecycleHooks/]: Detected quark:stoneling that was registered with CREATURE mob category but was added under MONSTER mob category for minecraft:plains biome! Mobs should be added to biomes under the same mob category that the mob was registered as to prevent mob cap spawning issues.
[14Jul2026 18:26:45.850] [Server thread/WARN] [net.neoforged.neoforge.server.ServerLifecycleHooks/]: Detected quark:toretoise that was registered with CREATURE mob category but was added under MONSTER mob category for minecraft:plains biome! Mobs should be added to biomes under the same mob category that the mob was registered as to prevent mob cap spawning issues.
[14Jul2026 18:26:45.850] [Server thread/WARN] [net.neoforged.neoforge.server.ServerLifecycleHooks/]: Detected quark:stoneling that was registered with CREATURE mob category but was added under MONSTER mob category for biomeswevegone:prairie biome! Mobs should be added to biomes under the same mob category that the mob was registered as to prevent mob cap spawning issues.
[14Jul2026 18:26:45.850] [Server thread/WARN] [net.neoforged.neoforge.server.ServerLifecycleHooks/]: Detected quark:toretoise that was registered with CREATURE mob category but was added under MONSTER mob category for biomeswevegone:prairie biome! Mobs should be added to biomes under the same mob category that the mob was registered as to prevent mob cap spawning issues.
[14Jul2026 18:26:45.850] [Server thread/WARN] [net.neoforged.neoforge.server.ServerLifecycleHooks/]: Detected quark:stoneling that was registered with CREATURE mob category but was added under MONSTER mob category for biomeswevegone:pumpkin_valley biome! Mobs should be added to biomes under the same mob category that the mob was registered as to prevent mob cap spawning issues.
[14Jul2026 18:26:45.850] [Server thread/WARN] [net.neoforged.neoforge.server.ServerLifecycleHooks/]: Detected quark:toretoise that was registered with CREATURE mob category but was added under MONSTER mob category for biomeswevegone:pumpkin_valley biome! Mobs should be added to biomes under the same mob category that the mob was registered as to prevent mob cap spawning issues.
[14Jul2026 18:26:45.851] [Server thread/WARN] [net.neoforged.neoforge.server.ServerLifecycleHooks/]: Detected quark:stoneling that was registered with CREATURE mob category but was added under MONSTER mob category for biomeswevegone:rainbow_beach biome! Mobs should be added to biomes under the same mob category that the mob was registered as to prevent mob cap spawning issues.
[14Jul2026 18:26:45.851] [Server thread/WARN] [net.neoforged.neoforge.server.ServerLifecycleHooks/]: Detected quark:toretoise that was registered with CREATURE mob category but was added under MONSTER mob category for biomeswevegone:rainbow_beach biome! Mobs should be added to biomes under the same mob category that the mob was registered as to prevent mob cap spawning issues.
[14Jul2026 18:26:45.851] [Server thread/WARN] [net.neoforged.neoforge.server.ServerLifecycleHooks/]: Detected quark:stoneling that was registered with CREATURE mob category but was added under MONSTER mob category for pastel:razor_edge biome! Mobs should be added to biomes under the same mob category that the mob was registered as to prevent mob cap spawning issues.
[14Jul2026 18:26:45.851] [Server thread/WARN] [net.neoforged.neoforge.server.ServerLifecycleHooks/]: Detected quark:toretoise that was registered with CREATURE mob category but was added under MONSTER mob category for pastel:razor_edge biome! Mobs should be added to biomes under the same mob category that the mob was registered as to prevent mob cap spawning issues.
[14Jul2026 18:26:45.851] [Server thread/WARN] [net.neoforged.neoforge.server.ServerLifecycleHooks/]: Detected quark:stoneling that was registered with CREATURE mob category but was added under MONSTER mob category for biomeswevegone:red_rock_peaks biome! Mobs should be added to biomes under the same mob category that the mob was registered as to prevent mob cap spawning issues.
[14Jul2026 18:26:45.851] [Server thread/WARN] [net.neoforged.neoforge.server.ServerLifecycleHooks/]: Detected quark:toretoise that was registered with CREATURE mob category but was added under MONSTER mob category for biomeswevegone:red_rock_peaks biome! Mobs should be added to biomes under the same mob category that the mob was registered as to prevent mob cap spawning issues.
[14Jul2026 18:26:45.851] [Server thread/WARN] [net.neoforged.neoforge.server.ServerLifecycleHooks/]: Detected quark:stoneling that was registered with CREATURE mob category but was added under MONSTER mob category for biomeswevegone:red_rock_valley biome! Mobs should be added to biomes under the same mob category that the mob was registered as to prevent mob cap spawning issues.
[14Jul2026 18:26:45.851] [Server thread/WARN] [net.neoforged.neoforge.server.ServerLifecycleHooks/]: Detected quark:toretoise that was registered with CREATURE mob category but was added under MONSTER mob category for biomeswevegone:red_rock_valley biome! Mobs should be added to biomes under the same mob category that the mob was registered as to prevent mob cap spawning issues.
[14Jul2026 18:26:45.852] [Server thread/WARN] [net.neoforged.neoforge.server.ServerLifecycleHooks/]: Detected quark:stoneling that was registered with CREATURE mob category but was added under MONSTER mob category for biomeswevegone:redwood_thicket biome! Mobs should be added to biomes under the same mob category that the mob was registered as to prevent mob cap spawning issues.
[14Jul2026 18:26:45.852] [Server thread/WARN] [net.neoforged.neoforge.server.ServerLifecycleHooks/]: Detected quark:toretoise that was registered with CREATURE mob category but was added under MONSTER mob category for biomeswevegone:redwood_thicket biome! Mobs should be added to biomes under the same mob category that the mob was registered as to prevent mob cap spawning issues.
[14Jul2026 18:26:45.852] [Server thread/WARN] [net.neoforged.neoforge.server.ServerLifecycleHooks/]: Detected quark:stoneling that was registered with CREATURE mob category but was added under MONSTER mob category for minecraft:river biome! Mobs should be added to biomes under the same mob category that the mob was registered as to prevent mob cap spawning issues.
[14Jul2026 18:26:45.852] [Server thread/WARN] [net.neoforged.neoforge.server.ServerLifecycleHooks/]: Detected quark:toretoise that was registered with CREATURE mob category but was added under MONSTER mob category for minecraft:river biome! Mobs should be added to biomes under the same mob category that the mob was registered as to prevent mob cap spawning issues.
[14Jul2026 18:26:45.852] [Server thread/WARN] [net.neoforged.neoforge.server.ServerLifecycleHooks/]: Detected quark:stoneling that was registered with CREATURE mob category but was added under MONSTER mob category for biomeswevegone:rose_fields biome! Mobs should be added to biomes under the same mob category that the mob was registered as to prevent mob cap spawning issues.
[14Jul2026 18:26:45.852] [Server thread/WARN] [net.neoforged.neoforge.server.ServerLifecycleHooks/]: Detected quark:toretoise that was registered with CREATURE mob category but was added under MONSTER mob category for biomeswevegone:rose_fields biome! Mobs should be added to biomes under the same mob category that the mob was registered as to prevent mob cap spawning issues.
[14Jul2026 18:26:45.852] [Server thread/WARN] [net.neoforged.neoforge.server.ServerLifecycleHooks/]: Detected quark:stoneling that was registered with CREATURE mob category but was added under MONSTER mob category for biomeswevegone:rugged_badlands biome! Mobs should be added to biomes under the same mob category that the mob was registered as to prevent mob cap spawning issues.
[14Jul2026 18:26:45.852] [Server thread/WARN] [net.neoforged.neoforge.server.ServerLifecycleHooks/]: Detected quark:toretoise that was registered with CREATURE mob category but was added under MONSTER mob category for biomeswevegone:rugged_badlands biome! Mobs should be added to biomes under the same mob category that the mob was registered as to prevent mob cap spawning issues.
[14Jul2026 18:26:45.852] [Server thread/WARN] [net.neoforged.neoforge.server.ServerLifecycleHooks/]: Detected quark:stoneling that was registered with CREATURE mob category but was added under MONSTER mob category for biomeswevegone:sakura_grove biome! Mobs should be added to biomes under the same mob category that the mob was registered as to prevent mob cap spawning issues.
[14Jul2026 18:26:45.852] [Server thread/WARN] [net.neoforged.neoforge.server.ServerLifecycleHooks/]: Detected quark:toretoise that was registered with CREATURE mob category but was added under MONSTER mob category for biomeswevegone:sakura_grove biome! Mobs should be added to biomes under the same mob category that the mob was registered as to prevent mob cap spawning issues.
[14Jul2026 18:26:45.853] [Server thread/WARN] [net.neoforged.neoforge.server.ServerLifecycleHooks/]: Detected quark:stoneling that was registered with CREATURE mob category but was added under MONSTER mob category for minecraft:savanna biome! Mobs should be added to biomes under the same mob category that the mob was registered as to prevent mob cap spawning issues.
[14Jul2026 18:26:45.853] [Server thread/WARN] [net.neoforged.neoforge.server.ServerLifecycleHooks/]: Detected quark:toretoise that was registered with CREATURE mob category but was added under MONSTER mob category for minecraft:savanna biome! Mobs should be added to biomes under the same mob category that the mob was registered as to prevent mob cap spawning issues.
[14Jul2026 18:26:45.853] [Server thread/WARN] [net.neoforged.neoforge.server.ServerLifecycleHooks/]: Detected quark:stoneling that was registered with CREATURE mob category but was added under MONSTER mob category for minecraft:savanna_plateau biome! Mobs should be added to biomes under the same mob category that the mob was registered as to prevent mob cap spawning issues.
[14Jul2026 18:26:45.853] [Server thread/WARN] [net.neoforged.neoforge.server.ServerLifecycleHooks/]: Detected quark:toretoise that was registered with CREATURE mob category but was added under MONSTER mob category for minecraft:savanna_plateau biome! Mobs should be added to biomes under the same mob category that the mob was registered as to prevent mob cap spawning issues.
[14Jul2026 18:26:45.853] [Server thread/WARN] [net.neoforged.neoforge.server.ServerLifecycleHooks/]: Detected quark:stoneling that was registered with CREATURE mob category but was added under MONSTER mob category for biomeswevegone:shattered_glacier biome! Mobs should be added to biomes under the same mob category that the mob was registered as to prevent mob cap spawning issues.
[14Jul2026 18:26:45.853] [Server thread/WARN] [net.neoforged.neoforge.server.ServerLifecycleHooks/]: Detected quark:toretoise that was registered with CREATURE mob category but was added under MONSTER mob category for biomeswevegone:shattered_glacier biome! Mobs should be added to biomes under the same mob category that the mob was registered as to prevent mob cap spawning issues.
[14Jul2026 18:26:45.853] [Server thread/WARN] [net.neoforged.neoforge.server.ServerLifecycleHooks/]: Detected quark:stoneling that was registered with CREATURE mob category but was added under MONSTER mob category for biomeswevegone:sierra_badlands biome! Mobs should be added to biomes under the same mob category that the mob was registered as to prevent mob cap spawning issues.
[14Jul2026 18:26:45.853] [Server thread/WARN] [net.neoforged.neoforge.server.ServerLifecycleHooks/]: Detected quark:toretoise that was registered with CREATURE mob category but was added under MONSTER mob category for biomeswevegone:sierra_badlands biome! Mobs should be added to biomes under the same mob category that the mob was registered as to prevent mob cap spawning issues.
[14Jul2026 18:26:45.853] [Server thread/WARN] [net.neoforged.neoforge.server.ServerLifecycleHooks/]: Detected quark:stoneling that was registered with CREATURE mob category but was added under MONSTER mob category for biomeswevegone:skyris_vale biome! Mobs should be added to biomes under the same mob category that the mob was registered as to prevent mob cap spawning issues.
[14Jul2026 18:26:45.854] [Server thread/WARN] [net.neoforged.neoforge.server.ServerLifecycleHooks/]: Detected quark:toretoise that was registered with CREATURE mob category but was added under MONSTER mob category for biomeswevegone:skyris_vale biome! Mobs should be added to biomes under the same mob category that the mob was registered as to prevent mob cap spawning issues.
[14Jul2026 18:26:45.854] [Server thread/WARN] [net.neoforged.neoforge.server.ServerLifecycleHooks/]: Detected quark:stoneling that was registered with CREATURE mob category but was added under MONSTER mob category for minecraft:snowy_beach biome! Mobs should be added to biomes under the same mob category that the mob was registered as to prevent mob cap spawning issues.
[14Jul2026 18:26:45.854] [Server thread/WARN] [net.neoforged.neoforge.server.ServerLifecycleHooks/]: Detected quark:toretoise that was registered with CREATURE mob category but was added under MONSTER mob category for minecraft:snowy_beach biome! Mobs should be added to biomes under the same mob category that the mob was registered as to prevent mob cap spawning issues.
[14Jul2026 18:26:45.854] [Server thread/WARN] [net.neoforged.neoforge.server.ServerLifecycleHooks/]: Detected quark:stoneling that was registered with CREATURE mob category but was added under MONSTER mob category for minecraft:snowy_plains biome! Mobs should be added to biomes under the same mob category that the mob was registered as to prevent mob cap spawning issues.
[14Jul2026 18:26:45.854] [Server thread/WARN] [net.neoforged.neoforge.server.ServerLifecycleHooks/]: Detected quark:toretoise that was registered with CREATURE mob category but was added under MONSTER mob category for minecraft:snowy_plains biome! Mobs should be added to biomes under the same mob category that the mob was registered as to prevent mob cap spawning issues.
[14Jul2026 18:26:45.854] [Server thread/WARN] [net.neoforged.neoforge.server.ServerLifecycleHooks/]: Detected quark:stoneling that was registered with CREATURE mob category but was added under MONSTER mob category for minecraft:snowy_slopes biome! Mobs should be added to biomes under the same mob category that the mob was registered as to prevent mob cap spawning issues.
[14Jul2026 18:26:45.854] [Server thread/WARN] [net.neoforged.neoforge.server.ServerLifecycleHooks/]: Detected quark:toretoise that was registered with CREATURE mob category but was added under MONSTER mob category for minecraft:snowy_slopes biome! Mobs should be added to biomes under the same mob category that the mob was registered as to prevent mob cap spawning issues.
[14Jul2026 18:26:45.855] [Server thread/WARN] [net.neoforged.neoforge.server.ServerLifecycleHooks/]: Detected quark:stoneling that was registered with CREATURE mob category but was added under MONSTER mob category for minecraft:snowy_taiga biome! Mobs should be added to biomes under the same mob category that the mob was registered as to prevent mob cap spawning issues.
[14Jul2026 18:26:45.855] [Server thread/WARN] [net.neoforged.neoforge.server.ServerLifecycleHooks/]: Detected quark:toretoise that was registered with CREATURE mob category but was added under MONSTER mob category for minecraft:snowy_taiga biome! Mobs should be added to biomes under the same mob category that the mob was registered as to prevent mob cap spawning issues.
[14Jul2026 18:26:45.855] [Server thread/WARN] [net.neoforged.neoforge.server.ServerLifecycleHooks/]: Detected quark:foxhound that was registered with CREATURE mob category but was added under MONSTER mob category for minecraft:soul_sand_valley biome! Mobs should be added to biomes under the same mob category that the mob was registered as to prevent mob cap spawning issues.
[14Jul2026 18:26:45.855] [Server thread/WARN] [net.neoforged.neoforge.server.ServerLifecycleHooks/]: Detected quark:stoneling that was registered with CREATURE mob category but was added under MONSTER mob category for stellaris:space biome! Mobs should be added to biomes under the same mob category that the mob was registered as to prevent mob cap spawning issues.
[14Jul2026 18:26:45.855] [Server thread/WARN] [net.neoforged.neoforge.server.ServerLifecycleHooks/]: Detected quark:toretoise that was registered with CREATURE mob category but was added under MONSTER mob category for stellaris:space biome! Mobs should be added to biomes under the same mob category that the mob was registered as to prevent mob cap spawning issues.
[14Jul2026 18:26:45.855] [Server thread/WARN] [net.neoforged.neoforge.server.ServerLifecycleHooks/]: Detected quark:stoneling that was registered with CREATURE mob category but was added under MONSTER mob category for minecraft:sparse_jungle biome! Mobs should be added to biomes under the same mob category that the mob was registered as to prevent mob cap spawning issues.
[14Jul2026 18:26:45.855] [Server thread/WARN] [net.neoforged.neoforge.server.ServerLifecycleHooks/]: Detected quark:toretoise that was registered with CREATURE mob category but was added under MONSTER mob category for minecraft:sparse_jungle biome! Mobs should be added to biomes under the same mob category that the mob was registered as to prevent mob cap spawning issues.
[14Jul2026 18:26:45.855] [Server thread/WARN] [net.neoforged.neoforge.server.ServerLifecycleHooks/]: Detected quark:stoneling that was registered with CREATURE mob category but was added under MONSTER mob category for ae2:spatial_storage biome! Mobs should be added to biomes under the same mob category that the mob was registered as to prevent mob cap spawning issues.
[14Jul2026 18:26:45.855] [Server thread/WARN] [net.neoforged.neoforge.server.ServerLifecycleHooks/]: Detected quark:toretoise that was registered with CREATURE mob category but was added under MONSTER mob category for ae2:spatial_storage biome! Mobs should be added to biomes under the same mob category that the mob was registered as to prevent mob cap spawning issues.
[14Jul2026 18:26:45.856] [Server thread/WARN] [net.neoforged.neoforge.server.ServerLifecycleHooks/]: Detected quark:stoneling that was registered with CREATURE mob category but was added under MONSTER mob category for minecraft:stony_peaks biome! Mobs should be added to biomes under the same mob category that the mob was registered as to prevent mob cap spawning issues.
[14Jul2026 18:26:45.856] [Server thread/WARN] [net.neoforged.neoforge.server.ServerLifecycleHooks/]: Detected quark:toretoise that was registered with CREATURE mob category but was added under MONSTER mob category for minecraft:stony_peaks biome! Mobs should be added to biomes under the same mob category that the mob was registered as to prevent mob cap spawning issues.
[14Jul2026 18:26:45.856] [Server thread/WARN] [net.neoforged.neoforge.server.ServerLifecycleHooks/]: Detected quark:stoneling that was registered with CREATURE mob category but was added under MONSTER mob category for minecraft:stony_shore biome! Mobs should be added to biomes under the same mob category that the mob was registered as to prevent mob cap spawning issues.
[14Jul2026 18:26:45.856] [Server thread/WARN] [net.neoforged.neoforge.server.ServerLifecycleHooks/]: Detected quark:toretoise that was registered with CREATURE mob category but was added under MONSTER mob category for minecraft:stony_shore biome! Mobs should be added to biomes under the same mob category that the mob was registered as to prevent mob cap spawning issues.
[14Jul2026 18:26:45.856] [Server thread/WARN] [net.neoforged.neoforge.server.ServerLifecycleHooks/]: Detected quark:stoneling that was registered with CREATURE mob category but was added under MONSTER mob category for minecraft:sunflower_plains biome! Mobs should be added to biomes under the same mob category that the mob was registered as to prevent mob cap spawning issues.
[14Jul2026 18:26:45.856] [Server thread/WARN] [net.neoforged.neoforge.server.ServerLifecycleHooks/]: Detected quark:toretoise that was registered with CREATURE mob category but was added under MONSTER mob category for minecraft:sunflower_plains biome! Mobs should be added to biomes under the same mob category that the mob was registered as to prevent mob cap spawning issues.
[14Jul2026 18:26:45.856] [Server thread/WARN] [net.neoforged.neoforge.server.ServerLifecycleHooks/]: Detected quark:stoneling that was registered with CREATURE mob category but was added under MONSTER mob category for minecraft:swamp biome! Mobs should be added to biomes under the same mob category that the mob was registered as to prevent mob cap spawning issues.
[14Jul2026 18:26:45.856] [Server thread/WARN] [net.neoforged.neoforge.server.ServerLifecycleHooks/]: Detected quark:toretoise that was registered with CREATURE mob category but was added under MONSTER mob category for minecraft:swamp biome! Mobs should be added to biomes under the same mob category that the mob was registered as to prevent mob cap spawning issues.
[14Jul2026 18:26:45.856] [Server thread/WARN] [net.neoforged.neoforge.server.ServerLifecycleHooks/]: Detected quark:stoneling that was registered with CREATURE mob category but was added under MONSTER mob category for minecraft:taiga biome! Mobs should be added to biomes under the same mob category that the mob was registered as to prevent mob cap spawning issues.
[14Jul2026 18:26:45.856] [Server thread/WARN] [net.neoforged.neoforge.server.ServerLifecycleHooks/]: Detected quark:toretoise that was registered with CREATURE mob category but was added under MONSTER mob category for minecraft:taiga biome! Mobs should be added to biomes under the same mob category that the mob was registered as to prevent mob cap spawning issues.
[14Jul2026 18:26:45.857] [Server thread/WARN] [net.neoforged.neoforge.server.ServerLifecycleHooks/]: Detected quark:stoneling that was registered with CREATURE mob category but was added under MONSTER mob category for biomeswevegone:temperate_grove biome! Mobs should be added to biomes under the same mob category that the mob was registered as to prevent mob cap spawning issues.
[14Jul2026 18:26:45.857] [Server thread/WARN] [net.neoforged.neoforge.server.ServerLifecycleHooks/]: Detected quark:toretoise that was registered with CREATURE mob category but was added under MONSTER mob category for biomeswevegone:temperate_grove biome! Mobs should be added to biomes under the same mob category that the mob was registered as to prevent mob cap spawning issues.
[14Jul2026 18:26:45.857] [Server thread/WARN] [net.neoforged.neoforge.server.ServerLifecycleHooks/]: Detected quark:stoneling that was registered with CREATURE mob category but was added under MONSTER mob category for biomeswevegone:tropical_rainforest biome! Mobs should be added to biomes under the same mob category that the mob was registered as to prevent mob cap spawning issues.
[14Jul2026 18:26:45.857] [Server thread/WARN] [net.neoforged.neoforge.server.ServerLifecycleHooks/]: Detected quark:toretoise that was registered with CREATURE mob category but was added under MONSTER mob category for biomeswevegone:tropical_rainforest biome! Mobs should be added to biomes under the same mob category that the mob was registered as to prevent mob cap spawning issues.
[14Jul2026 18:26:45.857] [Server thread/WARN] [net.neoforged.neoforge.server.ServerLifecycleHooks/]: Detected quark:stoneling that was registered with CREATURE mob category but was added under MONSTER mob category for stellaris:venus_desert biome! Mobs should be added to biomes under the same mob category that the mob was registered as to prevent mob cap spawning issues.
[14Jul2026 18:26:45.857] [Server thread/WARN] [net.neoforged.neoforge.server.ServerLifecycleHooks/]: Detected quark:toretoise that was registered with CREATURE mob category but was added under MONSTER mob category for stellaris:venus_desert biome! Mobs should be added to biomes under the same mob category that the mob was registered as to prevent mob cap spawning issues.
[14Jul2026 18:26:45.858] [Server thread/WARN] [net.neoforged.neoforge.server.ServerLifecycleHooks/]: Detected quark:stoneling that was registered with CREATURE mob category but was added under MONSTER mob category for minecraft:warm_ocean biome! Mobs should be added to biomes under the same mob category that the mob was registered as to prevent mob cap spawning issues.
[14Jul2026 18:26:45.858] [Server thread/WARN] [net.neoforged.neoforge.server.ServerLifecycleHooks/]: Detected quark:toretoise that was registered with CREATURE mob category but was added under MONSTER mob category for minecraft:warm_ocean biome! Mobs should be added to biomes under the same mob category that the mob was registered as to prevent mob cap spawning issues.
[14Jul2026 18:26:45.858] [Server thread/WARN] [net.neoforged.neoforge.server.ServerLifecycleHooks/]: Detected quark:stoneling that was registered with CREATURE mob category but was added under MONSTER mob category for biomeswevegone:weeping_witch_forest biome! Mobs should be added to biomes under the same mob category that the mob was registered as to prevent mob cap spawning issues.
[14Jul2026 18:26:45.858] [Server thread/WARN] [net.neoforged.neoforge.server.ServerLifecycleHooks/]: Detected quark:toretoise that was registered with CREATURE mob category but was added under MONSTER mob category for biomeswevegone:weeping_witch_forest biome! Mobs should be added to biomes under the same mob category that the mob was registered as to prevent mob cap spawning issues.
[14Jul2026 18:26:45.858] [Server thread/WARN] [net.neoforged.neoforge.server.ServerLifecycleHooks/]: Detected quark:stoneling that was registered with CREATURE mob category but was added under MONSTER mob category for biomeswevegone:white_mangrove_marshes biome! Mobs should be added to biomes under the same mob category that the mob was registered as to prevent mob cap spawning issues.
[14Jul2026 18:26:45.858] [Server thread/WARN] [net.neoforged.neoforge.server.ServerLifecycleHooks/]: Detected quark:toretoise that was registered with CREATURE mob category but was added under MONSTER mob category for biomeswevegone:white_mangrove_marshes biome! Mobs should be added to biomes under the same mob category that the mob was registered as to prevent mob cap spawning issues.
[14Jul2026 18:26:45.858] [Server thread/WARN] [net.neoforged.neoforge.server.ServerLifecycleHooks/]: Detected quark:stoneling that was registered with CREATURE mob category but was added under MONSTER mob category for biomeswevegone:windswept_desert biome! Mobs should be added to biomes under the same mob category that the mob was registered as to prevent mob cap spawning issues.
[14Jul2026 18:26:45.858] [Server thread/WARN] [net.neoforged.neoforge.server.ServerLifecycleHooks/]: Detected quark:toretoise that was registered with CREATURE mob category but was added under MONSTER mob category for biomeswevegone:windswept_desert biome! Mobs should be added to biomes under the same mob category that the mob was registered as to prevent mob cap spawning issues.
[14Jul2026 18:26:45.858] [Server thread/WARN] [net.neoforged.neoforge.server.ServerLifecycleHooks/]: Detected quark:stoneling that was registered with CREATURE mob category but was added under MONSTER mob category for minecraft:windswept_forest biome! Mobs should be added to biomes under the same mob category that the mob was registered as to prevent mob cap spawning issues.
[14Jul2026 18:26:45.858] [Server thread/WARN] [net.neoforged.neoforge.server.ServerLifecycleHooks/]: Detected quark:toretoise that was registered with CREATURE mob category but was added under MONSTER mob category for minecraft:windswept_forest biome! Mobs should be added to biomes under the same mob category that the mob was registered as to prevent mob cap spawning issues.
[14Jul2026 18:26:45.858] [Server thread/WARN] [net.neoforged.neoforge.server.ServerLifecycleHooks/]: Detected quark:stoneling that was registered with CREATURE mob category but was added under MONSTER mob category for minecraft:windswept_gravelly_hills biome! Mobs should be added to biomes under the same mob category that the mob was registered as to prevent mob cap spawning issues.
[14Jul2026 18:26:45.859] [Server thread/WARN] [net.neoforged.neoforge.server.ServerLifecycleHooks/]: Detected quark:toretoise that was registered with CREATURE mob category but was added under MONSTER mob category for minecraft:windswept_gravelly_hills biome! Mobs should be added to biomes under the same mob category that the mob was registered as to prevent mob cap spawning issues.
[14Jul2026 18:26:45.859] [Server thread/WARN] [net.neoforged.neoforge.server.ServerLifecycleHooks/]: Detected quark:stoneling that was registered with CREATURE mob category but was added under MONSTER mob category for minecraft:windswept_hills biome! Mobs should be added to biomes under the same mob category that the mob was registered as to prevent mob cap spawning issues.
[14Jul2026 18:26:45.859] [Server thread/WARN] [net.neoforged.neoforge.server.ServerLifecycleHooks/]: Detected quark:toretoise that was registered with CREATURE mob category but was added under MONSTER mob category for minecraft:windswept_hills biome! Mobs should be added to biomes under the same mob category that the mob was registered as to prevent mob cap spawning issues.
[14Jul2026 18:26:45.859] [Server thread/WARN] [net.neoforged.neoforge.server.ServerLifecycleHooks/]: Detected quark:stoneling that was registered with CREATURE mob category but was added under MONSTER mob category for minecraft:windswept_savanna biome! Mobs should be added to biomes under the same mob category that the mob was registered as to prevent mob cap spawning issues.
[14Jul2026 18:26:45.859] [Server thread/WARN] [net.neoforged.neoforge.server.ServerLifecycleHooks/]: Detected quark:toretoise that was registered with CREATURE mob category but was added under MONSTER mob category for minecraft:windswept_savanna biome! Mobs should be added to biomes under the same mob category that the mob was registered as to prevent mob cap spawning issues.
[14Jul2026 18:26:45.859] [Server thread/WARN] [net.neoforged.neoforge.server.ServerLifecycleHooks/]: Detected quark:stoneling that was registered with CREATURE mob category but was added under MONSTER mob category for minecraft:wooded_badlands biome! Mobs should be added to biomes under the same mob category that the mob was registered as to prevent mob cap spawning issues.
[14Jul2026 18:26:45.859] [Server thread/WARN] [net.neoforged.neoforge.server.ServerLifecycleHooks/]: Detected quark:toretoise that was registered with CREATURE mob category but was added under MONSTER mob category for minecraft:wooded_badlands biome! Mobs should be added to biomes under the same mob category that the mob was registered as to prevent mob cap spawning issues.
[14Jul2026 18:26:45.859] [Server thread/WARN] [net.neoforged.neoforge.server.ServerLifecycleHooks/]: Detected quark:stoneling that was registered with CREATURE mob category but was added under MONSTER mob category for biomeswevegone:zelkova_forest biome! Mobs should be added to biomes under the same mob category that the mob was registered as to prevent mob cap spawning issues.
[14Jul2026 18:26:45.859] [Server thread/WARN] [net.neoforged.neoforge.server.ServerLifecycleHooks/]: Detected quark:toretoise that was registered with CREATURE mob category but was added under MONSTER mob category for biomeswevegone:zelkova_forest biome! Mobs should be added to biomes under the same mob category that the mob was registered as to prevent mob cap spawning issues.
[14Jul2026 18:26:45.893] [Server thread/INFO] [net.minecraft.server.MinecraftServer/]:         __    
[14Jul2026 18:26:45.893] [Server thread/INFO] [net.minecraft.server.MinecraftServer/]:   |    |__)   LuckPerms v5.4.140
[14Jul2026 18:26:45.893] [Server thread/INFO] [net.minecraft.server.MinecraftServer/]:   |___ |      Running on NeoForge - NeoForge
[14Jul2026 18:26:45.893] [Server thread/INFO] [net.minecraft.server.MinecraftServer/]: 
[14Jul2026 18:26:45.894] [Server thread/INFO] [luckperms/]: Loading configuration...
[14Jul2026 18:26:45.967] [Server thread/INFO] [luckperms/]: Loading storage provider... [H2]
[14Jul2026 18:26:46.120] [Server thread/INFO] [luckperms/]: Loading internal permission managers...
[14Jul2026 18:26:46.141] [Server thread/INFO] [luckperms/]: Performing initial data load...
[14Jul2026 18:26:46.163] [Server thread/INFO] [luckperms/]: Successfully enabled. (took 10278ms)
[14Jul2026 18:26:46.180] [Server thread/INFO] [FTB Teams/]: loaded team data: 0 known players, 0 teams total
[14Jul2026 18:26:46.185] [Server thread/INFO] [zeta/]: Server starting, accepting filewatcher changes for zeta's config
[14Jul2026 18:26:46.242] [Server thread/INFO] [spark/]: Starting background profiler...
[14Jul2026 18:26:46.514] [Server thread/INFO] [quark-zeta/]: Server starting, accepting filewatcher changes for quark's config
[14Jul2026 18:26:46.521] [Server thread/INFO] [xaero.pac.OpenPartiesAndClaims/]: Initializing Open Parties and Claims for the server...
[14Jul2026 18:26:46.527] [Server thread/INFO] [xaero.pac.OpenPartiesAndClaims/]: Loading server info!
[14Jul2026 18:26:46.555] [Server thread/INFO] [xaero.pac.OpenPartiesAndClaims/]: Loading player configs...
[14Jul2026 18:26:46.579] [Server thread/INFO] [xaero.pac.OpenPartiesAndClaims/]: Loaded player configs!
[14Jul2026 18:26:46.579] [Server thread/INFO] [xaero.pac.OpenPartiesAndClaims/]: Loading parties...
[14Jul2026 18:26:46.580] [Server thread/INFO] [xaero.pac.OpenPartiesAndClaims/]: Loaded parties!
[14Jul2026 18:26:46.580] [Server thread/INFO] [xaero.pac.OpenPartiesAndClaims/]: Fixing party inconsistencies...
[14Jul2026 18:26:46.605] [Server thread/INFO] [xaero.pac.OpenPartiesAndClaims/]: Registered party system for OPAC: default
[14Jul2026 18:26:46.605] [Server thread/INFO] [xaero.pac.OpenPartiesAndClaims/]: Registered permission system for OPAC: luck_perms
[14Jul2026 18:26:46.605] [Server thread/INFO] [xaero.pac.OpenPartiesAndClaims/]: Registered party system for OPAC: ftb_teams
[14Jul2026 18:26:46.605] [Server thread/INFO] [xaero.pac.OpenPartiesAndClaims/]: Registered permission system for OPAC: permission_api
[14Jul2026 18:26:46.605] [Server thread/WARN] [xaero.pac.OpenPartiesAndClaims/]: The configured primary party system "argonauts_guilds" isn't registered!
[14Jul2026 18:26:46.605] [Server thread/INFO] [xaero.pac.OpenPartiesAndClaims/]: Configured OPAC to use the following party system as primary: default
[14Jul2026 18:26:46.605] [Server thread/INFO] [xaero.pac.OpenPartiesAndClaims/]: Loading claims...
[14Jul2026 18:26:46.607] [Server thread/INFO] [xaero.pac.OpenPartiesAndClaims/]: Loaded claims in 2ms
[14Jul2026 18:26:46.607] [Server thread/WARN] [xaero.pac.OpenPartiesAndClaims/]: The configured permission system "prometheus" isn't registered!
[14Jul2026 18:26:46.607] [Server thread/INFO] [xaero.pac.OpenPartiesAndClaims/]: Configured OPAC to use the following permission system: luck_perms
[14Jul2026 18:26:46.926] [Server thread/INFO] [terrablender/]: Initialized TerraBlender biomes for level stem minecraft:overworld
[14Jul2026 18:26:46.926] [Server thread/INFO] [terrablender/]: Initialized TerraBlender biomes for level stem minecraft:the_nether
[14Jul2026 18:26:46.928] [Server thread/INFO] [net.minecraft.server.dedicated.DedicatedServer/]: Preparing level "world"
[14Jul2026 18:26:46.981] [Server thread/INFO] [CheckedThreadLocalRandom/]: Enforcing safe world random access
[14Jul2026 18:26:46.993] [Server thread/INFO] [dev.ryanhcode.sable.Sable/]: Creating physics pipeline for ResourceKey[minecraft:dimension / minecraft:overworld] using RapierPhysicsPipelineProvider
[14Jul2026 18:26:47.755] [Server thread/INFO] [TheSpeedyObjectFactory/]: Using TheSpeedyObjectFactory with Unsafe
[14Jul2026 18:26:47.783] [Server thread/WARN] [mixin/]: Method overwrite conflict for acquire in lithium.mixins.json:chunk.no_locking.PalettedContainerMixin from mod lithium, previously written by com.aziz.saturn.mixin.miscellaneous.threading_detector.PalettedContainerMixin. Skipping method.
[14Jul2026 18:26:47.784] [Server thread/WARN] [mixin/]: Method overwrite conflict for release in lithium.mixins.json:chunk.no_locking.PalettedContainerMixin from mod lithium, previously written by com.aziz.saturn.mixin.miscellaneous.threading_detector.PalettedContainerMixin. Skipping method.
[14Jul2026 18:26:47.840] [Server thread/WARN] [yungsapi/]: WARNING: block Block{minecraft:gold_ore} added to BlockStateRandomizer exceeds max probabiltiy of 1!
[14Jul2026 18:26:47.865] [Server thread/INFO] [dev.ryanhcode.sable.Sable/]: Creating physics pipeline for ResourceKey[minecraft:dimension / stellaris:venus_orbit] using RapierPhysicsPipelineProvider
[14Jul2026 18:26:50.743] [Server thread/INFO] [biolith/]: Ignoring world 'stellaris:venus_orbit'; unknown dimension type: stellaris:orbit
[14Jul2026 18:26:50.745] [Server thread/WARN] [yungsapi/]: WARNING: block Block{minecraft:gold_ore} added to BlockStateRandomizer exceeds max probabiltiy of 1!
[14Jul2026 18:26:50.746] [Server thread/INFO] [dev.ryanhcode.sable.Sable/]: Creating physics pipeline for ResourceKey[minecraft:dimension / stellaris:mercury] using RapierPhysicsPipelineProvider
[14Jul2026 18:26:50.909] [Server thread/INFO] [biolith/]: Ignoring world 'stellaris:mercury'; unknown dimension type: stellaris:mercury
[14Jul2026 18:26:50.910] [Server thread/WARN] [yungsapi/]: WARNING: block Block{minecraft:gold_ore} added to BlockStateRandomizer exceeds max probabiltiy of 1!
[14Jul2026 18:26:50.910] [Server thread/INFO] [dev.ryanhcode.sable.Sable/]: Creating physics pipeline for ResourceKey[minecraft:dimension / stellaris:jupiter] using RapierPhysicsPipelineProvider
[14Jul2026 18:26:51.053] [Server thread/INFO] [biolith/]: Ignoring world 'stellaris:jupiter'; unknown dimension type: stellaris:jupiter
[14Jul2026 18:26:51.055] [Server thread/WARN] [yungsapi/]: WARNING: block Block{minecraft:gold_ore} added to BlockStateRandomizer exceeds max probabiltiy of 1!
[14Jul2026 18:26:51.055] [Server thread/INFO] [dev.ryanhcode.sable.Sable/]: Creating physics pipeline for ResourceKey[minecraft:dimension / stellaris:mars_orbit] using RapierPhysicsPipelineProvider
[14Jul2026 18:26:51.196] [Server thread/INFO] [biolith/]: Ignoring world 'stellaris:mars_orbit'; unknown dimension type: stellaris:orbit
[14Jul2026 18:26:51.197] [Server thread/WARN] [yungsapi/]: WARNING: block Block{minecraft:gold_ore} added to BlockStateRandomizer exceeds max probabiltiy of 1!
[14Jul2026 18:26:51.198] [Server thread/INFO] [dev.ryanhcode.sable.Sable/]: Creating physics pipeline for ResourceKey[minecraft:dimension / stellaris:venus] using RapierPhysicsPipelineProvider
[14Jul2026 18:26:51.407] [Server thread/INFO] [biolith/]: Ignoring world 'stellaris:venus'; unknown dimension type: stellaris:venus
[14Jul2026 18:26:51.408] [Server thread/WARN] [yungsapi/]: WARNING: block Block{minecraft:gold_ore} added to BlockStateRandomizer exceeds max probabiltiy of 1!
[14Jul2026 18:26:51.408] [Server thread/INFO] [dev.ryanhcode.sable.Sable/]: Creating physics pipeline for ResourceKey[minecraft:dimension / stellaris:moon] using RapierPhysicsPipelineProvider
[14Jul2026 18:26:51.542] [Server thread/INFO] [biolith/]: Ignoring world 'stellaris:moon'; unknown dimension type: stellaris:moon
[14Jul2026 18:26:51.543] [Server thread/WARN] [yungsapi/]: WARNING: block Block{minecraft:gold_ore} added to BlockStateRandomizer exceeds max probabiltiy of 1!
[14Jul2026 18:26:51.544] [Server thread/INFO] [dev.ryanhcode.sable.Sable/]: Creating physics pipeline for ResourceKey[minecraft:dimension / pastel:deeper_down] using RapierPhysicsPipelineProvider
[14Jul2026 18:26:51.676] [Server thread/INFO] [biolith/]: Ignoring world 'pastel:deeper_down'; unknown dimension type: pastel:deeper_down_type
[14Jul2026 18:26:51.678] [Server thread/WARN] [yungsapi/]: WARNING: block Block{minecraft:gold_ore} added to BlockStateRandomizer exceeds max probabiltiy of 1!
[14Jul2026 18:26:51.678] [Server thread/INFO] [dev.ryanhcode.sable.Sable/]: Creating physics pipeline for ResourceKey[minecraft:dimension / stellaris:mars] using RapierPhysicsPipelineProvider
[14Jul2026 18:26:52.022] [Server thread/INFO] [biolith/]: Ignoring world 'stellaris:mars'; unknown dimension type: stellaris:mars
[14Jul2026 18:26:52.023] [Server thread/WARN] [yungsapi/]: WARNING: block Block{minecraft:gold_ore} added to BlockStateRandomizer exceeds max probabiltiy of 1!
[14Jul2026 18:26:52.024] [Server thread/INFO] [dev.ryanhcode.sable.Sable/]: Creating physics pipeline for ResourceKey[minecraft:dimension / minecraft:the_nether] using RapierPhysicsPipelineProvider
[14Jul2026 18:26:52.162] [Server thread/WARN] [yungsapi/]: WARNING: block Block{minecraft:gold_ore} added to BlockStateRandomizer exceeds max probabiltiy of 1!
[14Jul2026 18:26:52.163] [Server thread/INFO] [dev.ryanhcode.sable.Sable/]: Creating physics pipeline for ResourceKey[minecraft:dimension / minecraft:the_end] using RapierPhysicsPipelineProvider
[14Jul2026 18:26:52.313] [Server thread/WARN] [yungsapi/]: WARNING: block Block{minecraft:gold_ore} added to BlockStateRandomizer exceeds max probabiltiy of 1!
[14Jul2026 18:26:52.314] [Server thread/INFO] [dev.ryanhcode.sable.Sable/]: Creating physics pipeline for ResourceKey[minecraft:dimension / stellaris:earth_orbit] using RapierPhysicsPipelineProvider
[14Jul2026 18:26:54.944] [Server thread/INFO] [biolith/]: Ignoring world 'stellaris:earth_orbit'; unknown dimension type: stellaris:orbit
[14Jul2026 18:26:54.945] [Server thread/WARN] [yungsapi/]: WARNING: block Block{minecraft:gold_ore} added to BlockStateRandomizer exceeds max probabiltiy of 1!
[14Jul2026 18:26:54.946] [Server thread/INFO] [dev.ryanhcode.sable.Sable/]: Creating physics pipeline for ResourceKey[minecraft:dimension / stellaris:mercury_orbit] using RapierPhysicsPipelineProvider
[14Jul2026 18:26:55.071] [Server thread/INFO] [biolith/]: Ignoring world 'stellaris:mercury_orbit'; unknown dimension type: stellaris:orbit
[14Jul2026 18:26:55.073] [Server thread/WARN] [yungsapi/]: WARNING: block Block{minecraft:gold_ore} added to BlockStateRandomizer exceeds max probabiltiy of 1!
[14Jul2026 18:26:55.076] [Server thread/INFO] [dev.ryanhcode.sable.Sable/]: Creating physics pipeline for ResourceKey[minecraft:dimension / ae2:spatial_storage] using RapierPhysicsPipelineProvider
[14Jul2026 18:26:55.214] [Server thread/INFO] [biolith/]: Ignoring world 'ae2:spatial_storage'; unknown dimension type: ae2:spatial_storage
[14Jul2026 18:26:55.215] [Server thread/WARN] [yungsapi/]: WARNING: block Block{minecraft:gold_ore} added to BlockStateRandomizer exceeds max probabiltiy of 1!
[14Jul2026 18:26:55.217] [Server thread/INFO] [Ksyxis/MinecraftServerMixin/MOD_KSYXIS]: Ksyxis: Speeding up the world loading... Delete the mod, if it got stuck after this message. (net.minecraft.server.dedicated.DedicatedServer prepareLevels)
[14Jul2026 18:26:55.217] [Server thread/INFO] [net.minecraft.server.MinecraftServer/]: Preparing start region for dimension minecraft:overworld
[14Jul2026 18:26:55.242] [Server thread/INFO] [net.minecraft.server.level.progress.LoggerChunkProgressListener/]: Time elapsed: 24 ms
[14Jul2026 18:26:55.242] [Server thread/INFO] [net.minecraft.server.dedicated.DedicatedServer/]: Done (9.474s)! For help, type "help"
[14Jul2026 18:26:55.480] [Server thread/INFO] [net.neoforged.neoforge.server.permission.PermissionAPI/]: Successfully initialized permission handler luckperms:permission_handler
[14Jul2026 18:26:55.481] [Server thread/INFO] [xaero.hud.minimap.MinimapLogs/]: Registered synced player tracker system: ftb_teams
[14Jul2026 18:26:55.482] [Server thread/INFO] [xaero.map.WorldMap/]: Registered synced player tracker system: ftb_teams
[14Jul2026 18:26:55.517] [Server thread/INFO] [com.zerog.neoessentials.NeoEssentials/]: ════════════════════════════════════════════════════════════════
[14Jul2026 18:26:55.517] [Server thread/INFO] [com.zerog.neoessentials.NeoEssentials/]: Server starting - initializing NeoEssentials systems...
[14Jul2026 18:26:55.517] [Server thread/INFO] [com.zerog.neoessentials.NeoEssentials/]: ════════════════════════════════════════════════════════════════
[14Jul2026 18:26:55.518] [Server thread/INFO] [com.zerog.neoessentials.config.ConfigSplitter/]: ========================================
[14Jul2026 18:26:55.518] [Server thread/INFO] [com.zerog.neoessentials.config.ConfigSplitter/]: NOTICE: Large config.json detected!
[14Jul2026 18:26:55.518] [Server thread/INFO] [com.zerog.neoessentials.config.ConfigSplitter/]: NeoEssentials now supports split configuration files for easier editing.
[14Jul2026 18:26:55.518] [Server thread/INFO] [com.zerog.neoessentials.config.ConfigSplitter/]: To enable, run: /neoessentials config split
[14Jul2026 18:26:55.518] [Server thread/INFO] [com.zerog.neoessentials.config.ConfigSplitter/]: This will split config.json into smaller, focused files.
[14Jul2026 18:26:55.518] [Server thread/INFO] [com.zerog.neoessentials.config.ConfigSplitter/]: ========================================
[14Jul2026 18:26:55.518] [Server thread/INFO] [com.zerog.neoessentials.NeoEssentials/]: ⚙ Initializing Permission System...
[14Jul2026 18:26:55.518] [Server thread/INFO] [com.zerog.neoessentials.permissions.PermissionSystem/]: ═══════════════════════════════════════════════════════════
[14Jul2026 18:26:55.518] [Server thread/INFO] [com.zerog.neoessentials.permissions.PermissionSystem/]: Initializing NeoEssentials Permission System...
[14Jul2026 18:26:55.518] [Server thread/INFO] [com.zerog.neoessentials.permissions.PermissionSystem/]: ═══════════════════════════════════════════════════════════
[14Jul2026 18:26:55.518] [Server thread/INFO] [com.zerog.neoessentials.permissions.PermissionSystem/]: External permissions enabled in config: true
[14Jul2026 18:26:55.518] [Server thread/INFO] [com.zerog.neoessentials.permissions.PermissionSystem/]: Attempting to detect external permission system...
[14Jul2026 18:26:55.518] [Server thread/INFO] [com.zerog.neoessentials.permissions.PermissionSystem/]: Scanning for external permission systems...
[14Jul2026 18:26:55.518] [Server thread/INFO] [com.zerog.neoessentials.permissions.PermissionSystem/]:   ├─ LuckPerms API class found, attempting to load adapter...
[14Jul2026 18:26:55.519] [Server thread/INFO] [com.zerog.neoessentials.permissions.LuckPermsAdapter/]: LuckPerms API loaded successfully
[14Jul2026 18:26:55.519] [Server thread/INFO] [com.zerog.neoessentials.permissions.PermissionSystem/]:   └─ ✓ LuckPerms adapter loaded successfully
[14Jul2026 18:26:55.519] [Server thread/INFO] [com.zerog.neoessentials.permissions.PermissionSystem/]: ✓ External permission system detected: LuckPerms
[14Jul2026 18:26:55.519] [Server thread/INFO] [com.zerog.neoessentials.permissions.PermissionSystem/]: ✓ Detected permission plugin: LuckPerms
[14Jul2026 18:26:55.519] [Server thread/INFO] [com.zerog.neoessentials.permissions.PermissionSystem/]: ✓ Using LuckPerms for ALL permission checks, prefixes, and suffixes
[14Jul2026 18:26:55.520] [Server thread/INFO] [com.zerog.neoessentials.api.permissions.PermissionAPI/]: External permission adapter set: LuckPerms
[14Jul2026 18:26:55.520] [Server thread/WARN] [com.zerog.neoessentials.permissions.PermissionSystem/]:   ⚠ Internal permissions.json will be IGNORED for all permission checks
[14Jul2026 18:26:55.520] [Server thread/WARN] [com.zerog.neoessentials.permissions.PermissionSystem/]:   ⚠ All permissions/groups MUST be managed in LuckPerms
[14Jul2026 18:26:55.520] [Server thread/INFO] [com.zerog.neoessentials.permissions.PermissionSystem/]: ✓ Permission system initialized with LuckPerms (internal groups loaded but NOT USED)
[14Jul2026 18:26:55.520] [Server thread/INFO] [com.zerog.neoessentials.permissions.PermissionSystem/]: ═══════════════════════════════════════════════════════════
[14Jul2026 18:26:55.520] [Server thread/INFO] [com.zerog.neoessentials.NeoEssentials/]: ✓ Permission System initialized successfully
[14Jul2026 18:26:55.520] [Server thread/INFO] [com.zerog.neoessentials.NeoEssentials/]: ⚙ Initializing Vault API...
[14Jul2026 18:26:55.521] [Server thread/INFO] [com.zerog.neoessentials.vault.VaultManager/]: [VaultAPI] Initialising NeoEssentials Vault API...
[14Jul2026 18:26:55.522] [Server thread/INFO] [com.zerog.neoessentials.vault.api.VaultServiceRegistry/]: [VaultAPI] Economy provider registered: NeoEssentials Economy (priority=NORMAL, by=neoessentials)
[14Jul2026 18:26:55.522] [Server thread/INFO] [com.zerog.neoessentials.vault.api.VaultServiceRegistry/]: [VaultAPI] Permission provider registered: NeoEssentials Permissions (priority=NORMAL, by=neoessentials)
[14Jul2026 18:26:55.522] [Server thread/INFO] [com.zerog.neoessentials.vault.api.VaultServiceRegistry/]: [VaultAPI] Chat provider registered: NeoEssentials Chat (priority=NORMAL, by=neoessentials)
[14Jul2026 18:26:55.522] [Server thread/INFO] [com.zerog.neoessentials.vault.api.VaultServiceRegistry/]: [VaultAPI] === Vault Service Status ===
[14Jul2026 18:26:55.522] [Server thread/INFO] [com.zerog.neoessentials.vault.api.VaultServiceRegistry/]: [VaultAPI]  Economy:    1 provider(s) - active: NeoEssentials Economy
[14Jul2026 18:26:55.522] [Server thread/INFO] [com.zerog.neoessentials.vault.api.VaultServiceRegistry/]: [VaultAPI]  Permission: 1 provider(s) - active: NeoEssentials Permissions
[14Jul2026 18:26:55.523] [Server thread/INFO] [com.zerog.neoessentials.vault.api.VaultServiceRegistry/]: [VaultAPI]  Chat:       1 provider(s) - active: NeoEssentials Chat
[14Jul2026 18:26:55.523] [Server thread/INFO] [com.zerog.neoessentials.vault.api.VaultServiceRegistry/]: [VaultAPI] ==============================
[14Jul2026 18:26:55.523] [Server thread/INFO] [com.zerog.neoessentials.vault.VaultManager/]: [VaultAPI] Vault API ready.
[14Jul2026 18:26:55.523] [Server thread/INFO] [com.zerog.neoessentials.NeoEssentials/]: ✓ Vault API initialized successfully
[14Jul2026 18:26:55.523] [Server thread/INFO] [com.zerog.neoessentials.NeoEssentials/]: ⚙ Initializing ChestShop system...
[14Jul2026 18:26:55.524] [Server thread/INFO] [com.zerog.neoessentials.shop.ShopManager/]: [ChestShop] Loaded 0 shop(s) from shops.json
[14Jul2026 18:26:55.524] [Server thread/INFO] [com.zerog.neoessentials.NeoEssentials/]: ✓ ChestShop system initialized (0 shop(s) loaded)
[14Jul2026 18:26:55.524] [Server thread/INFO] [com.zerog.neoessentials.NeoEssentials/]: ⚙ Initializing custom language system...
[14Jul2026 18:26:55.525] [Server thread/INFO] [com.zerog.neoessentials.i18n.CustomLanguageManager/]: [LANG] Resolved mod data path: /home/container/neoessentials/languages/custom
[14Jul2026 18:26:55.525] [Server thread/INFO] [com.zerog.neoessentials.i18n.CustomLanguageManager/]: [LANG] Resolved mod data path: /home/container/neoessentials/languages/templates
[14Jul2026 18:26:55.525] [Server thread/INFO] [com.zerog.neoessentials.i18n.CustomLanguageManager/]: [LANG] Custom language directory set to: /home/container/neoessentials/languages/custom
[14Jul2026 18:26:55.525] [Server thread/INFO] [com.zerog.neoessentials.i18n.CustomLanguageManager/]: [LANG] Template directory set to: /home/container/neoessentials/languages/templates
[14Jul2026 18:26:55.525] [Server thread/INFO] [com.zerog.neoessentials.i18n.CustomLanguageManager/]: Custom language directory resolved to: /home/container/neoessentials/languages/custom
[14Jul2026 18:26:55.525] [Server thread/INFO] [com.zerog.neoessentials.i18n.CustomLanguageManager/]: Template directory resolved to: /home/container/neoessentials/languages/templates
[14Jul2026 18:26:55.528] [Server thread/INFO] [com.zerog.neoessentials.i18n.CustomLanguageManager/]: Found language resource at: /data/lang/fr_fr.json
[14Jul2026 18:26:55.528] [Server thread/INFO] [com.zerog.neoessentials.i18n.CustomLanguageManager/]: Found language resource at: /data/lang/de_de.json
[14Jul2026 18:26:55.528] [Server thread/INFO] [com.zerog.neoessentials.i18n.CustomLanguageManager/]: Found language resource at: /data/lang/es_es.json
[14Jul2026 18:26:55.528] [Server thread/INFO] [com.zerog.neoessentials.i18n.CustomLanguageManager/]: Found language resource at: /data/lang/pt_br.json
[14Jul2026 18:26:55.529] [Server thread/INFO] [com.zerog.neoessentials.i18n.CustomLanguageManager/]: Found language resource at: /data/lang/zh_cn.json
[14Jul2026 18:26:55.529] [Server thread/INFO] [com.zerog.neoessentials.i18n.CustomLanguageManager/]: Found language resource at: /data/lang/nl_nl.json
[14Jul2026 18:26:55.529] [Server thread/INFO] [com.zerog.neoessentials.i18n.CustomLanguageManager/]: Found language resource at: /data/lang/pl_pl.json
[14Jul2026 18:26:55.529] [Server thread/INFO] [com.zerog.neoessentials.i18n.CustomLanguageManager/]: Found language resource at: /data/lang/ru_ru.json
[14Jul2026 18:26:55.530] [Server thread/INFO] [com.zerog.neoessentials.i18n.CustomLanguageManager/]: Loaded custom language: es_es (es_es) - 112 keys
[14Jul2026 18:26:55.530] [Server thread/INFO] [com.zerog.neoessentials.i18n.CustomLanguageManager/]: Loaded custom language: de_de (de_de) - 116 keys
[14Jul2026 18:26:55.530] [Server thread/INFO] [com.zerog.neoessentials.i18n.CustomLanguageManager/]: Loaded custom language: zh_cn (zh_cn) - 76 keys
[14Jul2026 18:26:55.530] [Server thread/INFO] [com.zerog.neoessentials.i18n.CustomLanguageManager/]: Loaded custom language: ru_ru (ru_ru) - 84 keys
[14Jul2026 18:26:55.530] [Server thread/INFO] [com.zerog.neoessentials.i18n.CustomLanguageManager/]: Loaded custom language: pt_br (pt_br) - 76 keys
[14Jul2026 18:26:55.531] [Server thread/INFO] [com.zerog.neoessentials.i18n.CustomLanguageManager/]: Loaded custom language: nl_nl (nl_nl) - 70 keys
[14Jul2026 18:26:55.531] [Server thread/INFO] [com.zerog.neoessentials.i18n.CustomLanguageManager/]: Loaded custom language: pl_pl (pl_pl) - 70 keys
[14Jul2026 18:26:55.531] [Server thread/INFO] [com.zerog.neoessentials.i18n.CustomLanguageManager/]: Loaded custom language: fr_fr (fr_fr) - 216 keys
[14Jul2026 18:26:55.533] [Server thread/INFO] [com.zerog.neoessentials.i18n.CustomLanguageManager/]: Loaded custom language: en_us (en_us) - 997 keys
[14Jul2026 18:26:55.533] [Server thread/INFO] [com.zerog.neoessentials.i18n.CustomLanguageManager/]: Custom Language Manager initialized
[14Jul2026 18:26:55.533] [Server thread/INFO] [com.zerog.neoessentials.i18n.CustomLanguageManager/]:   Custom languages found: [ru_ru, pl_pl, en_us, es_es, zh_cn, pt_br, fr_fr, de_de, nl_nl]
[14Jul2026 18:26:55.533] [Server thread/INFO] [com.zerog.neoessentials.i18n.CustomLanguageManager/]:   Custom language directory: /home/container/neoessentials/languages/custom
[14Jul2026 18:26:55.533] [Server thread/INFO] [com.zerog.neoessentials.i18n.CustomLanguageManager/]:   Template directory: /home/container/neoessentials/languages/templates
[14Jul2026 18:26:55.533] [Server thread/INFO] [com.zerog.neoessentials.NeoEssentials/]: ✓ Custom language system initialized successfully
[14Jul2026 18:26:55.533] [Server thread/INFO] [com.zerog.neoessentials.NeoEssentials/]: ⚙ Loading custom badge images...
[14Jul2026 18:26:55.534] [Server thread/ERROR] [com.zerog.neoessentials.config.ConfigManager/]: Failed to read config file chat: config/neoessentials/chat (No such file or directory)
[14Jul2026 18:26:55.534] [Server thread/INFO] [com.zerog.neoessentials.NeoEssentials/]: ✓ Badge images loaded successfully
[14Jul2026 18:26:55.534] [Server thread/INFO] [com.zerog.neoessentials.NeoEssentials/]: ⚙ Initializing resource pack system...
[14Jul2026 18:26:55.535] [Server thread/INFO] [com.zerog.neoessentials.resourcepack.ResourcePackManager/]: Auto-send resource pack is disabled in config
[14Jul2026 18:26:55.535] [Server thread/INFO] [com.zerog.neoessentials.NeoEssentials/]: ✓ Resource pack system initialized
[14Jul2026 18:26:55.535] [Server thread/INFO] [com.zerog.neoessentials.NeoEssentials/]: 
╔════════════════════════════════════════════════════════════════╗
║           NEOESSENTIALS MANAGER REGISTRY REPORT            ║
╚════════════════════════════════════════════════════════════════╝

Summary:
  Total Managers: 13
  Initialized: 13 (100.0%)
  Failed: 0

Category: API (1 managers)
  ✓ PlaceholderManager [0ms]

Category: CHAT (1 managers)
  ✓ AfkManager [2ms]

Category: CORE (2 managers)
  ✓ ConfigManager [0ms]
  ✓ PermissionSystem [0ms]

Category: DASHBOARD (1 managers)
  ✓ AuthenticationManager [3ms]

Category: ECONOMY (1 managers)
  ✓ EconomyManager [36ms]

Category: KITS (1 managers)
  ✓ KitManager [1ms]

Category: MODERATION (3 managers)
  ✓ FreezeManager [0ms]
  ✓ JailManager [0ms]
  ✓ VanishManager [0ms]

Category: TELEPORTATION (3 managers)
  ✓ HomeManager [1ms]
  ✓ SpawnManager [1ms]
  ✓ WarpManager [0ms]

Legend: ✓ = Initialized | ✗ = Failed | ○ = Registered
════════════════════════════════════════════════════════════════

[14Jul2026 18:26:55.535] [Server thread/INFO] [com.zerog.neoessentials.NeoEssentials/]: ════════════════════════════════════════════════════════════════
[14Jul2026 18:26:55.546] [Server thread/INFO] [FTB Quests/]: Loading quests from /home/container/config/ftbquests/quests
[14Jul2026 18:26:55.549] [Server thread/INFO] [FTB Quests/]: loaded translation tables for 1 language(s)
[14Jul2026 18:26:55.711] [Server thread/INFO] [FTB Quests/]: Loaded 11 chapter groups, 63 chapters, 4512 quests, 61 reward tables
[14Jul2026 18:26:55.726] [Server thread/INFO] [dev.ryanhcode.sable.Sable/]: Creating physics pipeline for ResourceKey[minecraft:dimension / minecraft:server_faucet_test_level] using RapierPhysicsPipelineProvider
[14Jul2026 18:26:56.035] [Server thread/WARN] [biolith/]: More than one Overworld dimension world created; cowardly ignoring 'minecraft:server_faucet_test_level' in favor of 'minecraft:overworld'
[14Jul2026 18:26:56.179] [C2ME Storage #45/INFO] [C2ME Storage/]: Storage thread Thread[#211,C2ME Storage #45,8,SERVER] stopped
[14Jul2026 18:26:56.179] [C2ME Storage #44/INFO] [C2ME Storage/]: Storage thread Thread[#210,C2ME Storage #44,8,SERVER] stopped
[14Jul2026 18:26:56.180] [C2ME Storage #43/INFO] [C2ME Storage/]: Storage thread Thread[#209,C2ME Storage #43,8,SERVER] stopped
[14Jul2026 18:26:56.221] [Server thread/INFO] [dev.ryanhcode.sable.Sable/]: Creating physics pipeline for ResourceKey[minecraft:dimension / minecraft:server_projectile_test_level] using RapierPhysicsPipelineProvider
[14Jul2026 18:26:58.735] [Server thread/WARN] [biolith/]: More than one Overworld dimension world created; cowardly ignoring 'minecraft:server_projectile_test_level' in favor of 'minecraft:overworld'
[14Jul2026 18:26:58.767] [Server thread/INFO] [pastel/]: [pastel] Injecting dynamic recipes into recipe manager...
[14Jul2026 18:26:59.877] [Server thread/WARN] [zerocore/service_loader]: Invalid service definition for it.zerono.mods.zerocore.lib.compat.patchouli.IPatchouliService. Using fallback implementation.
[14Jul2026 18:27:01.370] [Server thread/INFO] [com.zerog.neoessentials.webdashboard.data.DataCollector/]: Data Collector initialized with all specialized collectors
[14Jul2026 18:27:01.372] [Server thread/INFO] [com.zerog.neoessentials.webdashboard.DashboardAPI/]: Starting Dashboard API on 0.0.0.0:8080
[14Jul2026 18:27:01.383] [Server thread/INFO] [com.zerog.neoessentials.webdashboard.DashboardAPI/]: API endpoints registered:
[14Jul2026 18:27:01.383] [Server thread/INFO] [com.zerog.neoessentials.webdashboard.DashboardAPI/]:   - /api/auth/* (login, logout, validate, discord)
[14Jul2026 18:27:01.383] [Server thread/INFO] [com.zerog.neoessentials.webdashboard.DashboardAPI/]:   - /api/textures/* (item, block textures from server resource packs)
[14Jul2026 18:27:01.383] [Server thread/INFO] [com.zerog.neoessentials.webdashboard.DashboardAPI/]:   - /api/player/* (profile, stats, achievements, inventory, status, health, xp, location, homes, online) [AUTH REQUIRED]
[14Jul2026 18:27:01.383] [Server thread/INFO] [com.zerog.neoessentials.webdashboard.DashboardAPI/]:   - /api/server/* (profile, performance, worlds, players, entities, memory, history, assets) [AUTH REQUIRED]
[14Jul2026 18:27:01.383] [Server thread/INFO] [com.zerog.neoessentials.webdashboard.DashboardAPI/]:   - /api/game/* (statistics, events, activity, blocks) [AUTH REQUIRED]
[14Jul2026 18:27:01.383] [Server thread/INFO] [com.zerog.neoessentials.webdashboard.DashboardAPI/]:   - /api/logging/* (requests, errors, performance) [AUTH REQUIRED]
[14Jul2026 18:27:01.383] [Server thread/INFO] [com.zerog.neoessentials.webdashboard.DashboardAPI/]:   - /api/admin/* (restart, stop, reload, save) [AUTH REQUIRED - ADMIN ONLY]
[14Jul2026 18:27:01.383] [Server thread/INFO] [com.zerog.neoessentials.webdashboard.DashboardAPI/]:   - /api/files/* (browse, read, write, create, upload, delete, backup, restore, cloud) [AUTH REQUIRED]
[14Jul2026 18:27:01.383] [Server thread/INFO] [com.zerog.neoessentials.webdashboard.DashboardAPI/]:   - /api/permissions/* (overview, groups, users, manage) [AUTH REQUIRED - ADMIN ONLY]
[14Jul2026 18:27:01.383] [Server thread/INFO] [com.zerog.neoessentials.webdashboard.DashboardAPI/]: Dashboard resources verified - index.html found
[14Jul2026 18:27:01.383] [Server thread/INFO] [com.zerog.neoessentials.webdashboard.DashboardAPI/]: Static file serving enabled for frontend
[14Jul2026 18:27:01.384] [Server thread/INFO] [com.zerog.neoessentials.webdashboard.DashboardAPI/]: Dashboard API started successfully on 0.0.0.0:8080
[14Jul2026 18:27:01.384] [Server thread/INFO] [com.zerog.neoessentials.webdashboard.DashboardAPI/]: Access the dashboard at: http://localhost:8080
[14Jul2026 18:27:01.384] [Server thread/INFO] [com.zerog.neoessentials.webdashboard.DashboardAPI/]: API Endpoints available at: http://localhost:8080/api/
[14Jul2026 18:27:01.388] [Server thread/INFO] [com.zerog.neoessentials.webdashboard.websocket.DashboardWebSocketServer/]: WebSocket server created on port 8081
[14Jul2026 18:27:01.388] [Server thread/INFO] [com.zerog.neoessentials.webdashboard.DashboardLifecycleManager/]: Dashboard WebSocket server started on port 8081
[14Jul2026 18:27:01.388] [Server thread/INFO] [com.zerog.neoessentials.webdashboard.DashboardLifecycleManager/]: Dashboard auto-started successfully
[14Jul2026 18:27:01.389] [Server thread/INFO] [com.zerog.neoessentials.NeoEssentials/]: Server started - initializing chat system...
[14Jul2026 18:27:01.389] [Server thread/INFO] [com.zerog.neoessentials.integrations.ChatIntegrationManager/]: Initializing chat integration adapters...
[14Jul2026 18:27:01.389] [Server thread/INFO] [com.zerog.neoessentials.integrations.ChatIntegrationManager/]: Cleared all chat mod integration adapters
[14Jul2026 18:27:01.390] [WebSocketSelector-227/INFO] [com.zerog.neoessentials.webdashboard.websocket.DashboardWebSocketServer/]: WebSocket server started successfully on port 8081
[14Jul2026 18:27:01.390] [Server thread/INFO] [com.zerog.neoessentials.integrations.ChatIntegrationManager/]: No external chat integration mods found. Running in standalone mode.
[14Jul2026 18:27:01.421] [Server thread/INFO] [com.zerog.neoessentials.chat.ChatManager/]: Loaded chat-format (object): default=[<{neoessentials_prefix} {neoessentials_username} {neoessentials_suffix}> {MESSAGE}], map size=3
[14Jul2026 18:27:01.422] [Server thread/INFO] [com.zerog.neoessentials.NeoEssentials/]: ChatManager initialized successfully
[14Jul2026 18:27:01.422] [Server thread/INFO] [com.zerog.neoessentials.chat.AfkManager/]: AFK kick feature: DISABLED
[14Jul2026 18:27:01.422] [Server thread/INFO] [com.zerog.neoessentials.chat.AfkManager/]: AFK configuration loaded: timeout=5min, autoAfk=true, broadcast=true, kick=false
[14Jul2026 18:27:01.422] [Server thread/INFO] [com.zerog.neoessentials.NeoEssentials/]: AfkManager configuration loaded successfully
[14Jul2026 18:27:01.422] [Server thread/INFO] [com.zerog.neoessentials.NeoEssentials/]: Server started - applying player nicknames...
[14Jul2026 18:27:01.422] [Server thread/INFO] [com.zerog.neoessentials.NeoEssentials/]: Player nicknames applied successfully
[14Jul2026 18:27:01.424] [Server thread/INFO] [com.zerog.neoessentials.tablist.TablistManager/]: TablistManager loaded — 3 header frame(s), 3 footer frame(s), refresh every 20 ticks.
[14Jul2026 18:27:01.424] [Server thread/INFO] [com.zerog.neoessentials.NeoEssentials/]: TablistManager initialized successfully
[14Jul2026 18:27:02.673] [Server thread/INFO] [patchouli/]: Sending reload packet to clients
[14Jul2026 18:27:02.784] [Server thread/INFO] [immersiveengineering/]: Couldn't fully analyze 1 nuclearscience:hazmathelmet, missing knowledge for {1 minecraft:leather_helmet=1.0}
[14Jul2026 18:27:02.784] [Server thread/INFO] [immersiveengineering/]: Couldn't fully analyze 1 nuclearscience:reinforcedhazmatboots, missing knowledge for {1 nuclearscience:hazmatboots=1.0}
[14Jul2026 18:27:02.784] [Server thread/INFO] [immersiveengineering/]: Couldn't fully analyze 1 electrodynamics:combatarmorleggings, missing knowledge for {1 electrodynamics:compositearmorleggings=1.0}
[14Jul2026 18:27:02.784] [Server thread/INFO] [immersiveengineering/]: Couldn't fully analyze 1 nuclearscience:hazmatlegs, missing knowledge for {1 minecraft:leather_leggings=1.0}
[14Jul2026 18:27:02.784] [Server thread/INFO] [immersiveengineering/]: Couldn't fully analyze 1 pneumaticcraft:compressed_iron_boots, missing knowledge for {1 minecraft:leather_boots=1.0}
[14Jul2026 18:27:02.784] [Server thread/INFO] [immersiveengineering/]: Couldn't fully analyze 1 nuclearscience:hazmatboots, missing knowledge for {1 minecraft:leather_boots=1.0}
[14Jul2026 18:27:02.784] [Server thread/INFO] [immersiveengineering/]: Couldn't fully analyze 1 enchanted:earmuffs, missing knowledge for {1 minecraft:leather_helmet=1.0}
[14Jul2026 18:27:02.784] [Server thread/INFO] [immersiveengineering/]: Couldn't fully analyze 1 nuclearscience:hazmatplate, missing knowledge for {1 minecraft:leather_chestplate=1.0}
[14Jul2026 18:27:02.784] [Server thread/INFO] [immersiveengineering/]: Couldn't fully analyze 1 oritech:jetpack_exo_elytra, missing knowledge for {1 oritech:exo_chestplate=1.0}
[14Jul2026 18:27:02.784] [Server thread/INFO] [immersiveengineering/]: Couldn't fully analyze 1 pneumaticcraft:compressed_iron_leggings, missing knowledge for {1 minecraft:leather_leggings=1.0}
[14Jul2026 18:27:02.784] [Server thread/INFO] [immersiveengineering/]: Couldn't fully analyze 1 nuclearscience:reinforcedhazmathelmet, missing knowledge for {1 nuclearscience:hazmathelmet=1.0}
[14Jul2026 18:27:02.784] [Server thread/INFO] [immersiveengineering/]: Couldn't fully analyze 1 pneumaticcraft:pneumatic_leggings, missing knowledge for {1 pneumaticcraft:compressed_iron_leggings=1.0}
[14Jul2026 18:27:02.784] [Server thread/INFO] [immersiveengineering/]: Couldn't fully analyze 1 nuclearscience:reinforcedhazmatplate, missing knowledge for {1 nuclearscience:hazmatplate=1.0}
[14Jul2026 18:27:02.784] [Server thread/INFO] [immersiveengineering/]: Couldn't fully analyze 1 pneumaticcraft:compressed_iron_chestplate, missing knowledge for {1 minecraft:leather_chestplate=1.0}
[14Jul2026 18:27:02.784] [Server thread/INFO] [immersiveengineering/]: Couldn't fully analyze 1 pneumaticcraft:compressed_iron_helmet, missing knowledge for {1 minecraft:leather_helmet=1.0}
[14Jul2026 18:27:02.784] [Server thread/INFO] [immersiveengineering/]: Couldn't fully analyze 1 nuclearscience:reinforcedhazmatlegs, missing knowledge for {1 nuclearscience:hazmatlegs=1.0}
[14Jul2026 18:27:02.784] [Server thread/INFO] [immersiveengineering/]: Couldn't fully analyze 1 electrodynamics:combatarmorhelmet, missing knowledge for {1 electrodynamics:nightvisiongoggles=1.0, 1 electrodynamics:compositearmorhelmet=1.0}
[14Jul2026 18:27:02.784] [Server thread/INFO] [immersiveengineering/]: Couldn't fully analyze 1 oritech:exo_jetpack, missing knowledge for {1 oritech:exo_chestplate=1.0}
[14Jul2026 18:27:02.784] [Server thread/INFO] [immersiveengineering/]: Couldn't fully analyze 1 mekanism:free_runners_armored, missing knowledge for {1 mekanism:free_runners=1.0}
[14Jul2026 18:27:02.784] [Server thread/INFO] [immersiveengineering/]: Couldn't fully analyze 1 electrodynamics:combatarmorchestplate, missing knowledge for {1 electrodynamics:compositearmorchestplate=1.0}
[14Jul2026 18:27:02.784] [Server thread/INFO] [immersiveengineering/]: Finished recipe profiler for Arc Recycling, took 102 milliseconds
[14Jul2026 18:27:02.785] [Server thread/WARN] [ModernFix/]: Dedicated server took 45.981 seconds to load
[14Jul2026 18:27:02.792] [Server thread/INFO] [neruina/]: Auto report config loaded for mod: "copycats"
[14Jul2026 18:27:02.793] [Server thread/INFO] [neruina/]: Auto report config loaded for mod: "create_connected"
[14Jul2026 18:27:02.794] [Server thread/INFO] [neruina/]: No blacklist files found, skipping blacklist loading
[14Jul2026 18:27:02.840] [Server thread/ERROR] [zeta/]: Failed to scan recipe stellaris:fuel_refining. This should be reported to stellaris!
java.lang.IllegalStateException: Recipe getResultItem is null
	at TRANSFORMER/zeta@1.1-40/org.violetmoon.zeta.util.handler.RecipeCrawlHandler.load(RecipeCrawlHandler.java:89) [Zeta-1.1-40.jar%23512!/:?]
	at TRANSFORMER/zeta@1.1-40/org.violetmoon.zeta.util.handler.RecipeCrawlHandler.onTick(RecipeCrawlHandler.java:125) [Zeta-1.1-40.jar%23512!/:?]
	at TRANSFORMER/zeta@1.1-40/org.violetmoon.zetaimplforge.event.ForgeEventsRemapper.lambda$createForgeConsumer$2(ForgeEventsRemapper.java:131) [Zeta-1.1-40.jar%23512!/:?]
	at MC-BOOTSTRAP/net.neoforged.bus/net.neoforged.bus.ConsumerEventHandler.invoke(ConsumerEventHandler.java:27) [bus-8.0.5.jar%2362!/:?]
	at MC-BOOTSTRAP/net.neoforged.bus/net.neoforged.bus.EventBus.post(EventBus.java:360) [bus-8.0.5.jar%2362!/:?]
	at MC-BOOTSTRAP/net.neoforged.bus/net.neoforged.bus.EventBus.post(EventBus.java:328) [bus-8.0.5.jar%2362!/:?]
	at TRANSFORMER/neoforge@21.1.233/net.neoforged.neoforge.event.EventHooks.fireServerTickPre(EventHooks.java:1010) [neoforge-21.1.233-universal.jar%23315!/:?]
	at TRANSFORMER/minecraft@1.21.1/net.minecraft.server.MinecraftServer.tickServer(MinecraftServer.java:915) [server-1.21.1-20240808.144430-srg.jar%23314!/:?]
	at TRANSFORMER/minecraft@1.21.1/net.minecraft.server.MinecraftServer.runServer(MinecraftServer.java:707) [server-1.21.1-20240808.144430-srg.jar%23314!/:?]
	at TRANSFORMER/minecraft@1.21.1/net.minecraft.server.MinecraftServer.lambda$spin$2(MinecraftServer.java:267) [server-1.21.1-20240808.144430-srg.jar%23314!/:?]
	at java.base/java.lang.Thread.run(Thread.java:1474) [?:?]
[14Jul2026 18:27:02.845] [Server thread/ERROR] [zeta/]: Failed to scan recipe stellaris:water_separation. This should be reported to stellaris!
java.lang.IllegalStateException: Recipe getResultItem is null
	at TRANSFORMER/zeta@1.1-40/org.violetmoon.zeta.util.handler.RecipeCrawlHandler.load(RecipeCrawlHandler.java:89) [Zeta-1.1-40.jar%23512!/:?]
	at TRANSFORMER/zeta@1.1-40/org.violetmoon.zeta.util.handler.RecipeCrawlHandler.onTick(RecipeCrawlHandler.java:125) [Zeta-1.1-40.jar%23512!/:?]
	at TRANSFORMER/zeta@1.1-40/org.violetmoon.zetaimplforge.event.ForgeEventsRemapper.lambda$createForgeConsumer$2(ForgeEventsRemapper.java:131) [Zeta-1.1-40.jar%23512!/:?]
	at MC-BOOTSTRAP/net.neoforged.bus/net.neoforged.bus.ConsumerEventHandler.invoke(ConsumerEventHandler.java:27) [bus-8.0.5.jar%2362!/:?]
	at MC-BOOTSTRAP/net.neoforged.bus/net.neoforged.bus.EventBus.post(EventBus.java:360) [bus-8.0.5.jar%2362!/:?]
	at MC-BOOTSTRAP/net.neoforged.bus/net.neoforged.bus.EventBus.post(EventBus.java:328) [bus-8.0.5.jar%2362!/:?]
	at TRANSFORMER/neoforge@21.1.233/net.neoforged.neoforge.event.EventHooks.fireServerTickPre(EventHooks.java:1010) [neoforge-21.1.233-universal.jar%23315!/:?]
	at TRANSFORMER/minecraft@1.21.1/net.minecraft.server.MinecraftServer.tickServer(MinecraftServer.java:915) [server-1.21.1-20240808.144430-srg.jar%23314!/:?]
	at TRANSFORMER/minecraft@1.21.1/net.minecraft.server.MinecraftServer.runServer(MinecraftServer.java:707) [server-1.21.1-20240808.144430-srg.jar%23314!/:?]
	at TRANSFORMER/minecraft@1.21.1/net.minecraft.server.MinecraftServer.lambda$spin$2(MinecraftServer.java:267) [server-1.21.1-20240808.144430-srg.jar%23314!/:?]
	at java.base/java.lang.Thread.run(Thread.java:1474) [?:?]
[14Jul2026 18:27:03.229] [Server thread/WARN] [C2ME HookCompatibility/]: Certain optimizations may be disabled because ChunkDataEvent.Save is used by: [@SubscribeEvent: mekanism.common.CommonWorldTickHandler@7a2092c4 chunkSave(Lnet/neoforged/neoforge/event/level/ChunkDataEvent$Save;)V, @SubscribeEvent: class dev.architectury.event.forge.EventHandlerImplCommon eventChunkDataEvent(Lnet/neoforged/neoforge/event/level/ChunkDataEvent$Save;)V, @SubscribeEvent: class blusunrize.immersiveengineering.common.world.IEWorldGen chunkDataSave(Lnet/neoforged/neoforge/event/level/ChunkDataEvent$Save;)V]
[14Jul2026 18:27:19.657] [Server thread/INFO] [net.minecraft.server.players.PlayerList/]: 9lame[/104.28.161.41:14815] logged in with entity id 3 at (720.762692389922, 184.01378772398672, 3138.3500406936705)
[14Jul2026 18:27:19.658] [Server thread/INFO] [dev.ryanhcode.sable.Sable/]: Beginning attempted authentication with player 9lame
[14Jul2026 18:27:19.807] [Netty Epoll Server IO #0/INFO] [dev.ryanhcode.sable.Sable/]: UDP authentication complete with /104.28.161.41:14815, UDP routing to /104.28.161.41:16788
[14Jul2026 18:27:19.845] [Server thread/INFO] [Modonomicon/]: Building books ...
[14Jul2026 18:27:19.855] [Server thread/WARN] [Modonomicon/]: Recipe pastel:pedestal/tier3/boom/pipe_bomb (of type pastel:pedestal) not found.
[14Jul2026 18:27:19.855] [Server thread/WARN] [Modonomicon/]: Recipe pastel:mod_integration/create/enchantment_upgrade/potato_recovery/1_to_2 (of type pastel:enchantment_upgrade) not found.
[14Jul2026 18:27:19.855] [Server thread/WARN] [Modonomicon/]: Recipe pastel:mod_integration/create/enchantment_upgrade/capacity/1_to_2 (of type pastel:enchantment_upgrade) not found.
[14Jul2026 18:27:19.855] [Server thread/WARN] [Modonomicon/]: Recipe pastel:mod_integration/waystones/pedestal/alt_sharestone (of type pastel:pedestal) not found.
[14Jul2026 18:27:19.855] [Server thread/WARN] [Modonomicon/]: Unable to parse stack pastel:small_certus_quartz_bud in collection page
[14Jul2026 18:27:19.855] [Server thread/WARN] [Modonomicon/]: Unable to parse stack pastel:large_certus_quartz_bud in collection page
[14Jul2026 18:27:19.855] [Server thread/WARN] [Modonomicon/]: Unable to parse stack pastel:certus_quartz_cluster in collection page
[14Jul2026 18:27:19.855] [Server thread/WARN] [Modonomicon/]: Unable to parse stack pastel:pure_certus_quartz_block in collection page
[14Jul2026 18:27:19.856] [Server thread/WARN] [Modonomicon/]: Unable to parse stack pastel:pure_certus_quartz in collection page
[14Jul2026 18:27:19.856] [Server thread/WARN] [Modonomicon/]: Unable to parse stack pastel:pure_fluix_block in collection page
[14Jul2026 18:27:19.856] [Server thread/WARN] [Modonomicon/]: Unable to parse stack pastel:pure_fluix in collection page
[14Jul2026 18:27:19.856] [Server thread/WARN] [Modonomicon/]: Recipe pastel:mod_integration/ae2/fusion_shrine/charged_certus_quartz_crystal (of type pastel:fusion_shrine) not found.
[14Jul2026 18:27:19.856] [Server thread/WARN] [Modonomicon/]: Recipe pastel:mod_integration/ae2/fusion_shrine/fluix_crystal (of type pastel:fusion_shrine) not found.
[14Jul2026 18:27:19.857] [Server thread/WARN] [Modonomicon/]: Recipe pastel:enchantment_upgrade/pastel/first_strike (of type pastel:enchantment_upgrade) not found.
[14Jul2026 18:27:19.857] [Server thread/WARN] [Modonomicon/]: Recipe pastel:enchantment_upgrade/pastel/razing (of type pastel:enchantment_upgrade) not found.
[14Jul2026 18:27:19.857] [Server thread/WARN] [Modonomicon/]: Recipe pastel:enchantment_upgrade/pastel/improved_critical (of type pastel:enchantment_upgrade) not found.
[14Jul2026 18:27:19.857] [Server thread/WARN] [Modonomicon/]: Recipe pastel:enchantment_upgrade/pastel/clovers_favor (of type pastel:enchantment_upgrade) not found.
[14Jul2026 18:27:19.857] [Server thread/WARN] [Modonomicon/]: Recipe pastel:enchantment_upgrade/pastel/tight_grip (of type pastel:enchantment_upgrade) not found.
[14Jul2026 18:27:19.857] [Server thread/WARN] [Modonomicon/]: Recipe pastel:enchantment_upgrade/pastel/exuberance (of type pastel:enchantment_upgrade) not found.
[14Jul2026 18:27:19.857] [Server thread/WARN] [Modonomicon/]: Recipe pastel:enchantment_upgrade/pastel/inertia (of type pastel:enchantment_upgrade) not found.
[14Jul2026 18:27:19.857] [Server thread/WARN] [Modonomicon/]: Recipe pastel:enchantment_upgrade/pastel/disarming (of type pastel:enchantment_upgrade) not found.
[14Jul2026 18:27:19.857] [Server thread/WARN] [Modonomicon/]: Recipe pastel:enchantment_upgrade/pastel/big_catch (of type pastel:enchantment_upgrade) not found.
[14Jul2026 18:27:19.857] [Server thread/WARN] [Modonomicon/]: Recipe pastel:enchantment_upgrade/pastel/treasure_hunter (of type pastel:enchantment_upgrade) not found.
[14Jul2026 18:27:19.857] [Server thread/WARN] [Modonomicon/]: Recipe pastel:enchantment_upgrade/pastel/serendipity_reel (of type pastel:enchantment_upgrade) not found.
[14Jul2026 18:27:19.857] [Server thread/WARN] [Modonomicon/]: Recipe pastel:titration_barrel/infused_beverages/lager_fluid (of type pastel:titration_barrel) not found.
[14Jul2026 18:27:19.857] [Server thread/WARN] [Modonomicon/]: Recipe pastel:titration_barrel/infused_beverages/mead_fluid (of type pastel:titration_barrel) not found.
[14Jul2026 18:27:19.857] [Server thread/WARN] [Modonomicon/]: Recipe pastel:pedestal/tier1/vanilla/packed_humus (of type pastel:pedestal) not found.
[14Jul2026 18:27:19.857] [Server thread/WARN] [Modonomicon/]: Recipe pastel:titration_barrel/bristle_mead_fluid (of type pastel:titration_barrel) not found.
[14Jul2026 18:27:19.859] [Server thread/INFO] [Modonomicon/]: Books built.
[14Jul2026 18:27:19.882] [Server thread/ERROR] [net.minecraft.server.network.ServerConfigurationPacketListenerImpl/]: Couldn't place player in world
java.lang.IllegalStateException: Capability has not been initialised
	at me.lucko.luckperms.neoforge.capabilities.UserCapabilityImpl.assertInitialised(UserCapabilityImpl.java:98) ~[?:?]
	at me.lucko.luckperms.neoforge.capabilities.UserCapabilityImpl.getUser(UserCapabilityImpl.java:141) ~[?:?]
	at me.lucko.luckperms.neoforge.service.NeoForgePermissionHandler.getPermission(NeoForgePermissionHandler.java:84) ~[?:?]
	at TRANSFORMER/neoforge@21.1.233/net.neoforged.neoforge.server.permission.PermissionAPI.getPermission(PermissionAPI.java:63) ~[neoforge-21.1.233-universal.jar%23315!/:?]
	at TRANSFORMER/balm@21.0.59/net.blay09.mods.balm.neoforge.permission.NeoForgeBalmPermissions.hasPermission(NeoForgeBalmPermissions.java:61) ~[balm-neoforge-1.21.1-21.0.59.jar%23336!/:21.0.59]
	at TRANSFORMER/balm@21.0.59/net.blay09.mods.balm.api.command.BalmCommands.lambda$requirePermission$2(BalmCommands.java:19) ~[balm-neoforge-1.21.1-21.0.59.jar%23336!/:21.0.59]
	at me.lucko.luckperms.neoforge.util.BrigadierInjector$InjectedPermissionRequirement.test(BrigadierInjector.java:164) ~[?:?]
	at me.lucko.luckperms.neoforge.util.BrigadierInjector$InjectedPermissionRequirement.test(BrigadierInjector.java:130) ~[?:?]
	at MC-BOOTSTRAP/brigadier@1.3.10/com.mojang.brigadier.tree.CommandNode.canUse(CommandNode.java:65) ~[brigadier-1.3.10.jar%2399!/:?]
	at TRANSFORMER/neoforge@21.1.233/net.neoforged.neoforge.server.command.CommandHelper.mergeCommandNode(CommandHelper.java:44) ~[neoforge-21.1.233-universal.jar%23315!/:?]
	at TRANSFORMER/neoforge@21.1.233/net.neoforged.neoforge.server.command.CommandHelper.toResult(CommandHelper.java:93) ~[neoforge-21.1.233-universal.jar%23315!/:?]
	at TRANSFORMER/neoforge@21.1.233/net.neoforged.neoforge.server.command.CommandHelper.mergeCommandNode(CommandHelper.java:45) ~[neoforge-21.1.233-universal.jar%23315!/:?]
	at TRANSFORMER/minecraft@1.21.1/net.minecraft.commands.Commands.sendCommands(Commands.java:377) ~[server-1.21.1-20240808.144430-srg.jar%23314!/:?]
	at TRANSFORMER/minecraft@1.21.1/net.minecraft.server.players.PlayerList.sendPlayerPermissionLevel(PlayerList.java:633) ~[server-1.21.1-20240808.144430-srg.jar%23314!/:?]
	at TRANSFORMER/minecraft@1.21.1/net.minecraft.server.players.PlayerList.sendPlayerPermissionLevel(PlayerList.java:533) ~[server-1.21.1-20240808.144430-srg.jar%23314!/:?]
	at TRANSFORMER/minecraft@1.21.1/net.minecraft.server.players.PlayerList.placeNewPlayer(PlayerList.java:207) ~[server-1.21.1-20240808.144430-srg.jar%23314!/:?]
	at TRANSFORMER/minecraft@1.21.1/net.minecraft.server.network.ServerConfigurationPacketListenerImpl.handleConfigurationFinished(ServerConfigurationPacketListenerImpl.java:188) [server-1.21.1-20240808.144430-srg.jar%23314!/:?]
	at TRANSFORMER/minecraft@1.21.1/net.minecraft.network.protocol.configuration.ServerboundFinishConfigurationPacket.handle(ServerboundFinishConfigurationPacket.java:22) [server-1.21.1-20240808.144430-srg.jar%23314!/:?]
	at TRANSFORMER/minecraft@1.21.1/net.minecraft.network.protocol.configuration.ServerboundFinishConfigurationPacket.handle(ServerboundFinishConfigurationPacket.java:8) [server-1.21.1-20240808.144430-srg.jar%23314!/:?]
	at TRANSFORMER/minecraft@1.21.1/net.minecraft.network.protocol.PacketUtils.lambda$ensureRunningOnSameThread$0(PacketUtils.java:27) [server-1.21.1-20240808.144430-srg.jar%23314!/:?]
	at TRANSFORMER/minecraft@1.21.1/net.minecraft.server.TickTask.run(TickTask.java:18) [server-1.21.1-20240808.144430-srg.jar%23314!/:?]
	at TRANSFORMER/minecraft@1.21.1/net.minecraft.util.thread.BlockableEventLoop.doRunTask(BlockableEventLoop.java:148) [server-1.21.1-20240808.144430-srg.jar%23314!/:?]
	at TRANSFORMER/minecraft@1.21.1/net.minecraft.util.thread.ReentrantBlockableEventLoop.doRunTask(ReentrantBlockableEventLoop.java:23) [server-1.21.1-20240808.144430-srg.jar%23314!/:?]
	at TRANSFORMER/minecraft@1.21.1/net.minecraft.server.MinecraftServer.doRunTask(MinecraftServer.java:872) [server-1.21.1-20240808.144430-srg.jar%23314!/:?]
	at TRANSFORMER/minecraft@1.21.1/net.minecraft.server.MinecraftServer.doRunTask(MinecraftServer.java:170) [server-1.21.1-20240808.144430-srg.jar%23314!/:?]
	at TRANSFORMER/minecraft@1.21.1/net.minecraft.util.thread.BlockableEventLoop.pollTask(BlockableEventLoop.java:122) [server-1.21.1-20240808.144430-srg.jar%23314!/:?]
	at TRANSFORMER/minecraft@1.21.1/net.minecraft.server.MinecraftServer.pollTaskInternal(MinecraftServer.java:855) [server-1.21.1-20240808.144430-srg.jar%23314!/:?]
	at TRANSFORMER/minecraft@1.21.1/net.minecraft.server.MinecraftServer.pollTask(MinecraftServer.java:849) [server-1.21.1-20240808.144430-srg.jar%23314!/:?]
	at TRANSFORMER/minecraft@1.21.1/net.minecraft.util.thread.BlockableEventLoop.managedBlock(BlockableEventLoop.java:132) [server-1.21.1-20240808.144430-srg.jar%23314!/:?]
	at TRANSFORMER/minecraft@1.21.1/net.minecraft.server.MinecraftServer.managedBlock(MinecraftServer.java:821) [server-1.21.1-20240808.144430-srg.jar%23314!/:?]
	at TRANSFORMER/minecraft@1.21.1/net.minecraft.server.MinecraftServer.mixinextras$bridge$managedBlock$318(MinecraftServer.java) [server-1.21.1-20240808.144430-srg.jar%23314!/:?]
	at TRANSFORMER/minecraft@1.21.1/net.minecraft.server.MinecraftServer.wrapOperation$zhd000$modernfix$managedBlock(MinecraftServer.java:2154) [server-1.21.1-20240808.144430-srg.jar%23314!/:?]
	at TRANSFORMER/minecraft@1.21.1/net.minecraft.server.MinecraftServer.waitUntilNextTick(MinecraftServer.java:826) [server-1.21.1-20240808.144430-srg.jar%23314!/:?]
	at TRANSFORMER/minecraft@1.21.1/net.minecraft.server.MinecraftServer.runServer(MinecraftServer.java:712) [server-1.21.1-20240808.144430-srg.jar%23314!/:?]
	at TRANSFORMER/minecraft@1.21.1/net.minecraft.server.MinecraftServer.lambda$spin$2(MinecraftServer.java:267) [server-1.21.1-20240808.144430-srg.jar%23314!/:?]
	at java.base/java.lang.Thread.run(Thread.java:1474) [?:?]
[14Jul2026 18:27:20.032] [Netty Epoll Server IO #4/INFO] [immersiveengineering/]: Recipes for potions: ars_nouveau:mana_regen_potion_strong, minecraft:strong_healing, minecraft:strong_poison, minecraft:slow_falling, quark:resilience, ars_nouveau:freezing_potion_strong, ars_nouveau:recovery_potion_strong, ars_nouveau:spell_damage_potion_strong, minecraft:long_turtle_master, minecraft:water_breathing, ars_nouveau:mana_regen_potion_long, friendsandfoes:reaching, ars_nouveau:blasting_potion_long, minecraft:long_strength, minecraft:long_slowness, minecraft:long_swiftness, ars_nouveau:shielding_potion_strong, minecraft:slowness, minecraft:strong_leaping, minecraft:harming, naturalist:long_forest_dasher, minecraft:wind_charged, minecraft:long_regeneration, minecraft:night_vision, minecraft:strong_slowness, ars_nouveau:spell_damage_potion, minecraft:long_fire_resistance, quark:long_resilience, naturalist:forest_dasher, minecraft:long_water_breathing, minecraft:strong_regeneration, minecraft:weakness, minecraft:swiftness, minecraft:leaping, geneticsresequenced:substrate, minecraft:infested, ars_nouveau:mana_regen_potion, geneticsresequenced:mutation, ars_nouveau:recovery_potion, minecraft:strong_harming, geneticsresequenced:viral_agents, friendsandfoes:strong_reaching, minecraft:strong_strength, friendsandfoes:long_reaching, minecraft:poison, minecraft:water, minecraft:oozing, minecraft:regeneration, minecraft:long_slow_falling, ars_nouveau:shielding_potion, minecraft:invisibility, minecraft:turtle_master, ars_nouveau:spell_damage_potion_long, ars_nouveau:freezing_potion, minecraft:strength, ars_nouveau:blasting_potion_strong, ars_nouveau:freezing_potion_long, minecraft:fire_resistance, minecraft:healing, minecraft:long_night_vision, minecraft:long_leaping, minecraft:long_weakness, naturalist:strong_forest_dasher, minecraft:strong_turtle_master, minecraft:long_poison, ars_nouveau:blasting_potion, ars_nouveau:shielding_potion_long, minecraft:long_invisibility, quark:strong_resilience, minecraft:strong_swiftness, minecraft:awkward, minecraft:weaving, ars_nouveau:recovery_potion_long
[14Jul2026 18:27:20.163] [Server thread/INFO] [net.minecraft.server.network.ServerGamePacketListenerImpl/]: 9lame lost connection: Invalid player data
[14Jul2026 18:27:20.169] [Server thread/INFO] [net.minecraft.server.MinecraftServer/]: 9lame left the game
[14Jul2026 18:27:20.363] [Server thread/INFO] [pingwheel/]: Channel update: 9lame -> default
